<w>
	<equipment> <!-- (x="382" y="0") real parent with the same name in "ui_inventory.xml" -->
		<!-- Status -->
		<actor_state_info x="405" y="5" width="239" height="148">
			<icon x="0" y="0">
				<normal width="21" height="28" stretch="1"/>
				<active width="21" height="28" stretch="1" light_anim="ui_slow_blinking_alpha"/>
			</icon>
			
			<health_sensor x="0" y="0" width="21" height="28">
				<state_progress x="21" y="5" width="103.5" height="18" horz="1" min="0" max="1" pos="0" stretch="1">
					<texture r="26" g="26" b="26">ui_inGame2_inventory_progress_bar_bg</texture>
					<progress stretch="1">
						<texture>ui_inGame2_inventory_progress_bar</texture>
					</progress>
				</state_progress>
			</health_sensor>
			
			<!-- <health_sensor x="0" y="0" width="21" height="28">
				<state_progress x="21" y="5" width="211.5" height="18" horz="1" min="0" max="1" pos="0" stretch="1">
					<texture r="26" g="26" b="26">ui_inGame2_inventory_health_bar_bg</texture>
					<progress stretch="1">
						<texture>ui_inGame2_inventory_health_bar</texture>
					</progress>
				</state_progress>
			</health_sensor> -->
			
			<radia_sensor x="0" y="24.25" width="21" height="28">
				<state_progress x="21" y="5" width="103.5" height="18" horz="1" min="0" max="1" pos="0" stretch="1">
					<texture r="26" g="26" b="26">ui_inGame2_inventory_progress_bar_bg</texture>
					<progress stretch="1">
						<texture>ui_inGame2_inventory_progress_bar</texture>
					</progress>
				</state_progress>
			</radia_sensor>
			
			<acid_sensor x="0" y="48" width="21" height="28">
				<state_progress x="21" y="5" width="103.5" height="18" horz="1" min="0" max="1" pos="0" stretch="1">
					<texture r="26" g="26" b="26">ui_inGame2_inventory_progress_bar_bg</texture>
					<progress stretch="1">
						<texture>ui_inGame2_inventory_progress_bar</texture>
					</progress>
				</state_progress>
			</acid_sensor>
			
			<shock_sensor x="0" y="72" width="21" height="28">
				<state_progress x="21" y="5" width="103.5" height="18" horz="1" min="0" max="1" pos="0" stretch="1">
					<texture r="26" g="26" b="26">ui_inGame2_inventory_progress_bar_bg</texture>
					<progress stretch="1">
						<texture>ui_inGame2_inventory_progress_bar</texture>
					</progress>
				</state_progress>
			</shock_sensor>
			
			<fire_sensor x="0" y="96" width="21" height="28">
				<state_progress x="21" y="5" width="103.5" height="18" horz="1" min="0" max="1" pos="0" stretch="1">
					<texture r="26" g="26" b="26">ui_inGame2_inventory_progress_bar_bg</texture>
					<progress stretch="1">
						<texture>ui_inGame2_inventory_progress_bar</texture>
					</progress>
				</state_progress>
			</fire_sensor>
			
			<psi_sensor x="0" y="120.25" width="21" height="28">
				<state_progress x="21" y="5" width="103.5" height="18" horz="1" min="0" max="1" pos="0" stretch="1">
					<texture r="26" g="26" b="26">ui_inGame2_inventory_progress_bar_bg</texture>
					<progress stretch="1">
						<texture>ui_inGame2_inventory_progress_bar</texture>
					</progress>
				</state_progress>
			</psi_sensor>
			
			<head_fire_wound_sensor x="130" y="24.25" width="21" height="28">
				<state_progress x="21" y="5" width="103.5" height="18" horz="1" min="0" max="1" pos="0" stretch="1">
					<texture r="26" g="26" b="26">ui_inGame2_inventory_progress_bar_bg</texture>
					<progress stretch="1">
						<texture>ui_inGame2_inventory_progress_bar</texture>
					</progress>
				</state_progress>
			</head_fire_wound_sensor>

			<wound_sensor x="130" y="72" width="21" height="28">
				<state_progress x="21" y="5" width="103.5" height="18" horz="1" min="0" max="1" pos="0" stretch="1">
					<texture r="26" g="26" b="26">ui_inGame2_inventory_progress_bar_bg</texture>
					<progress stretch="1">
						<texture>ui_inGame2_inventory_progress_bar</texture>
					</progress>
				</state_progress>
			</wound_sensor>

			<fire_wound_sensor x="130" y="48" width="21" height="28">
				<state_progress x="21" y="5" width="103.5" height="18" horz="1" min="0" max="1" pos="0" stretch="1">
					<texture r="26" g="26" b="26">ui_inGame2_inventory_progress_bar_bg</texture>
					<progress stretch="1">
						<texture>ui_inGame2_inventory_progress_bar</texture>
					</progress>
				</state_progress>
			</fire_wound_sensor>
			
			<explosion_sensor x="130" y="120.25" width="21" height="28">
				<state_progress x="21" y="5" width="103.5" height="18" horz="1" min="0" max="1" pos="0" stretch="1">
					<texture r="26" g="26" b="26">ui_inGame2_inventory_progress_bar_bg</texture>
					<progress stretch="1">
						<texture>ui_inGame2_inventory_progress_bar</texture>
					</progress>
				</state_progress>
			</explosion_sensor>
			
			<strike_sensor x="130" y="96" width="21" height="28">
				<state_progress x="21" y="5" width="103.5" height="18" horz="1" min="0" max="1" pos="0" stretch="1">
					<texture r="26" g="26" b="26">ui_inGame2_inventory_progress_bar_bg</texture>
					<progress stretch="1">
						<texture>ui_inGame2_inventory_progress_bar</texture>
					</progress>
				</state_progress>
			</strike_sensor>
			
			<power_sensor x="130" y="96" width="21" height="28">
				<state_progress x="21" y="5" width="103.5" height="18" horz="1" min="0" max="1" pos="0" stretch="1">
					<texture r="26" g="26" b="26">ui_inGame2_inventory_progress_bar_bg</texture>
					<progress stretch="1">
						<texture>ui_inGame2_inventory_progress_bar</texture>
					</progress>
				</state_progress>
			</power_sensor>
			
			<hunger_sensor x="130" y="0" width="21" height="28">
				<state_progress x="21" y="5" width="20.5" height="18" horz="1" min="0" max="1" pos="0" stretch="1">
					<texture r="26" g="26" b="26">ui_inGame2_inventory_hts_bar_bg</texture>
					<progress stretch="1">
						<texture>ui_inGame2_inventory_hts_bar</texture>
					</progress>
				</state_progress>
			</hunger_sensor>
			
			<thirst_sensor x="171.5" y="0" width="21" height="28">
				<state_progress x="21" y="5" width="20.5" height="18" horz="1" min="0" max="1" pos="0" stretch="1">
					<texture r="26" g="26" b="26">ui_inGame2_inventory_hts_bar_bg</texture>
					<progress stretch="1">
						<texture>ui_inGame2_inventory_hts_bar</texture>
					</progress>
				</state_progress>
			</thirst_sensor>
			
			<sleep_sensor x="213" y="0" width="21" height="28">
				<state_progress x="21" y="5" width="20.5" height="18" horz="1" min="0" max="1" pos="0" stretch="1">
					<texture r="26" g="26" b="26">ui_inGame2_inventory_hts_bar_bg</texture>
					<progress stretch="1">
						<texture>ui_inGame2_inventory_hts_bar</texture>
					</progress>
				</state_progress>
			</sleep_sensor>
			
			<hts_tooltips x="21" y="-30" width="91.5" height="30" stretch="1">
				<text complex_mode="1" r="190" g="190" b="190" a="190" align="c" vert_align="c" font="letterica18"/>
				<texture>ui_hts_bar_tooltip</texture>
			</hts_tooltips>
		</actor_state_info>
	</equipment>
</w>