<?xml version="1.0" encoding="windows-1251" ?>
<string_table>
	<string id="ui_mcm_menu_free_zoom">
		<text>Free Zoom</text>
	</string>
	<string id="ui_mcm_free_zoom_key_bind_toggle">
		<text>Free zoom keybind</text>
	</string>
	<string id="ui_mcm_free_zoom_key_bind_toggle_desc">
        <text>Focus your vision, zooming in, at the cost of movement speed.
        </text>
	</string>
	<string id="ui_mcm_free_zoom_pistol_mult">
		<text>Pistol Base FOV Multiplier</text>
	</string>
	<string id="ui_mcm_free_zoom_pistol_mult_desc">
        <text>Scales the FOV for Pistols only, increase to make pistols further away from the camera.
        </text>
	</string>
	<string id="ui_mcm_free_zoom_ads_mult">
		<text>ADS Multiplier</text>
	</string>
	<string id="ui_mcm_free_zoom_ads_mult_desc">
        <text>Defines how much the view is zoomed when aiming down sight. Decreasing the multipler makes the zoom stronger.
        </text>
	</string>
	<string id="ui_mcm_free_zoom_free_zoom_mult">
		<text>Free Zoom Multiplier Multiplier</text>
	</string>
	<string id="ui_mcm_free_zoom_free_zoom_mult_desc">
        <text>Defines how much the view is zoomed when pressing the Free Zoom key. Decreasing the multipler makes the zoom stronger.
        </text>
	</string>
	<string id="ui_mcm_free_zoom_freezoom_toggleable">
		<text>Free Zoom Toggleable</text>
	</string>
</string_table>
