{
    "excludePaths": [
        {
            "name": "gamedata/scripts/loadouts_injector.script"
        },
        {
            "name": "wpn_addon_crosshair_red_dot.dds"
        },
        {
            "name": "wpn_crosshair_eotech_553_dynamic.dds"
        },
        {
            "name": "wpn_crosshair_eotech_553_dynamic_far.dds"
        },
        {
            "name": "wpn_scope_all_lens2.dds"
        },
        {
            "name": "wpn_scope_all_lens2_blue.dds"
        }                      
    ]    
}