<?xml version="1.0" encoding="windows-1251"?>

<string_table>

    <string id="st_blackmarket_perks_category">
        <text>Black Market</text>
    </string>

<!-- armour_fixer fixer     -->
    
    <string id="st_bm_perk_armour_fixer">
        <text>Armour fixer</text>
    </string>
	<string id="st_bm_perk_armour_fixer_desc">
        <text>You made friends in the Black Market. You can get discounted prices for all types of armours and helmets</text>
    </string>
	<string id="st_bm_perk_armour_fixer_desc_1">
        <text>Your made better connections with the %c[d_red]Black Market%c[ui_white] giving you an advantange in fixing sell prices for all types of %c[d_blue]armours%c[ui_white] and %c[d_blue]helmets%c[ui_white]\n \n
		%c[ui_gray_3]EFFECTS:\n
		%c[d_blue] - %c[ui_gray_2] Your price fixing influence has improved, the sell value is increased by %c[d_green]$price_mult%\n
		</text>
    </string>
	<string id="st_bm_perk_armour_fixer_desc_2">
        <text>Your made better connections with the %c[d_red]Black Market%c[ui_white] giving you an advantange in fixing sell prices for all types of  %c[d_blue]armours%c[ui_white] and %c[d_blue]helmets%c[ui_white]\n \n
		%c[ui_gray_3]EFFECTS:\n
		%c[d_blue] - %c[ui_gray_2] Your price fixing influence has improved, the sell value is increased by %c[d_green]$price_mult%\n
		</text>
    </string>
	<string id="st_bm_perk_armour_fixer_desc_3">
        <text>Your made better connections with the %c[d_red]Black Market%c[ui_white] giving you an advantange in fixing sell prices for all types of  %c[d_blue]armours%c[ui_white] and %c[d_blue]helmets%c[ui_white]\n \n
		%c[ui_gray_3]EFFECTS:\n
		%c[d_blue] - %c[ui_gray_2] Your price fixing influence has improved, the sell value is increased by %c[d_green]$price_mult%\n
		</text>
    </string>
	<string id="st_bm_perk_armour_fixer_desc_4">
        <text>Your made better connections with the %c[d_red]Black Market%c[ui_white] giving you an advantange in fixing sell prices for all types of  %c[d_blue]armours%c[ui_white] and %c[d_blue]helmets%c[ui_white]\n \n
		%c[ui_gray_3]EFFECTS:\n
		%c[d_blue] - %c[ui_gray_2] Your price fixing influence has improved, the sell value is increased by %c[d_green]$price_mult%\n
		%c[d_blue] - %c[ui_gray_2] Traders in the %c[d_red]Black Market%c[ui_gray_2] will now buy armours and helmets with broken parts, albeit at a reduced price based on the aggregate condition of the parts\n
		</text>
    </string>	

<!-- small_arms fixer     -->

    <string id="st_bm_perk_smallarms_fixer">
        <text>Small Arms fixer</text>
    </string>
	<string id="st_bm_perk_smallarms_fixer_desc">
        <text>You made friends in the Black Market. You can get discounted prices when selling pistols or SMGs</text>
    </string>
	<string id="st_bm_perk_smallarms_fixer_desc_1">
        <text>Your made better connections with the %c[d_red]Black Market%c[ui_white] giving you an advantange in fixing sell prices for %c[d_blue]melee%c[ui_white], %c[d_blue]pistols%c[ui_white] and %c[d_blue]SMGs%c[ui_white]\n \n
		%c[ui_gray_3]EFFECTS:\n
		%c[d_blue] - %c[ui_gray_2] Your price fixing influence has improved, the sell value is increased by %c[d_green]$price_mult%\n
		</text>
    </string>
	<string id="st_bm_perk_smallarms_fixer_desc_2">
        <text>Your made better connections with the %c[d_red]Black Market%c[ui_white] giving you an advantange in fixing sell prices for %c[d_blue]melee%c[ui_white], %c[d_blue]pistols%c[ui_white] and %c[d_blue]SMGs%c[ui_white]\n \n
		%c[ui_gray_3]EFFECTS:\n
		%c[d_blue] - %c[ui_gray_2] Your price fixing influence has improved, the sell value is increased by %c[d_green]$price_mult%\n
		</text>
    </string>
	<string id="st_bm_perk_smallarms_fixer_desc_3">
        <text>Your made better connections with the %c[d_red]Black Market%c[ui_white] giving you an advantange in fixing sell prices for %c[d_blue]melee%c[ui_white], %c[d_blue]pistols%c[ui_white] and %c[d_blue]SMGs%c[ui_white]\n \n
		%c[ui_gray_3]EFFECTS:\n
		%c[d_blue] - %c[ui_gray_2] Your price fixing influence has improved, the sell value is increased by %c[d_green]$price_mult%\n
		</text>
    </string>
	<string id="st_bm_perk_smallarms_fixer_desc_4">
        <text>Your made better connections with the %c[d_red]Black Market%c[ui_white] giving you an advantange in fixing sell prices for %c[d_blue]melee%c[ui_white], %c[d_blue]pistols%c[ui_white] and %c[d_blue]SMGs%c[ui_white]\n \n
		%c[ui_gray_3]EFFECTS:\n
		%c[d_blue] - %c[ui_gray_2] Your price fixing influence has improved, the sell value is increased by %c[d_green]$price_mult%\n
		%c[d_blue] - %c[ui_gray_2] Traders in the %c[d_red]Black Market%c[ui_gray_2] will now buy weapons with broken parts, albeit at a reduced price based on the aggregate condition of the parts\n
		</text>
    </string>	

    <!-- boom_fixer fixer     -->

    <string id="st_bm_perk_boom_fixer">
        <text>Boom fixer</text>
    </string>
	<string id="st_bm_perk_boom_fixer_desc">
        <text>You made friends in the Black Market. You can get discounted prices when selling shotguns and any explosive ordnance</text>
    </string>
	<string id="st_bm_perk_boom_fixer_desc_1">
        <text>Your made better connections with the %c[d_red]Black Market%c[ui_white] giving you an advantange in fixing sell prices for %c[d_blue]shotguns%c[ui_white] and any %c[d_blue]explosive%c[ui_white] ordnance\n \n
		%c[ui_gray_3]EFFECTS:\n
		%c[d_blue] - %c[ui_gray_2] Your price fixing influence has improved, the sell value is increased by %c[d_green]$price_mult%\n
		</text>
    </string>
	<string id="st_bm_perk_boom_fixer_desc_2">
        <text>Your made better connections with the %c[d_red]Black Market%c[ui_white] giving you an advantange in fixing sell prices for %c[d_blue]shotguns%c[ui_white] and any %c[d_blue]explosive%c[ui_white] ordnance\n \n
		%c[ui_gray_3]EFFECTS:\n
		%c[d_blue] - %c[ui_gray_2] Your price fixing influence has improved, the sell value is increased by %c[d_green]$price_mult%\n
		</text>
    </string>
	<string id="st_bm_perk_boom_fixer_desc_3">
        <text>Your made better connections with the %c[d_red]Black Market%c[ui_white] giving you an advantange in fixing sell prices for %c[d_blue]shotguns%c[ui_white] and any %c[d_blue]explosive%c[ui_white] ordnance\n \n
		%c[ui_gray_3]EFFECTS:\n
		%c[d_blue] - %c[ui_gray_2] Your price fixing influence has improved, the sell value is increased by %c[d_green]$price_mult%\n
		</text>
    </string>
	<string id="st_bm_perk_boom_fixer_desc_4">
        <text>Your made better connections with the %c[d_red]Black Market%c[ui_white] giving you an advantange in fixing sell prices for %c[d_blue]shotguns%c[ui_white] and any %c[d_blue]explosive%c[ui_white] ordnance\n \n
		%c[ui_gray_3]EFFECTS:\n
		%c[d_blue] - %c[ui_gray_2] Your price fixing influence has improved, the sell value is increased by %c[d_green]$price_mult%\n
		%c[d_blue] - %c[ui_gray_2] Traders in the %c[d_red]Black Market%c[ui_gray_2] will now buy weapons with broken parts, albeit at a reduced price based on the aggregate condition of the parts\n
		</text>
    </string>	

    <!-- rifles_fixer fixer     -->

    <string id="st_bm_perk_rifles_fixer">
        <text>Rifles fixer</text>
    </string>
	<string id="st_bm_perk_rifles_fixer_desc">
        <text>You made friends in the Black Market. You can get discounted prices when selling all sort of rifles</text>
    </string>
	<string id="st_bm_perk_rifles_fixer_desc_1">
        <text>Your made better connections with the %c[d_red]Black Market%c[ui_white] giving you an advantange in fixing sell prices for %c[d_blue]rifles%c[ui_white] and  %c[d_blue]machine guns%c[ui_white]\n \n
		%c[ui_gray_3]EFFECTS:\n
		%c[d_blue] - %c[ui_gray_2] Your price fixing influence has improved, the sell value is increased by %c[d_green]$price_mult%\n
		</text>
    </string>
	<string id="st_bm_perk_rifles_fixer_desc_2">
        <text>Your made better connections with the %c[d_red]Black Market%c[ui_white] giving you an advantange in fixing sell prices for %c[d_blue]rifles%c[ui_white] and  %c[d_blue]machine guns%c[ui_white]\n \n
		%c[ui_gray_3]EFFECTS:\n
		%c[d_blue] - %c[ui_gray_2] Your price fixing influence has improved, the sell value is increased by %c[d_green]$price_mult%\n
		</text>
    </string>
	<string id="st_bm_perk_rifles_fixer_desc_3">
        <text>Your made better connections with the %c[d_red]Black Market%c[ui_white] giving you an advantange in fixing sell prices for %c[d_blue]rifles%c[ui_white] and  %c[d_blue]machine guns%c[ui_white]\n \n
		%c[ui_gray_3]EFFECTS:\n
		%c[d_blue] - %c[ui_gray_2] Your price fixing influence has improved, the sell value is increased by %c[d_green]$price_mult%\n
		</text>
    </string>  
	<string id="st_bm_perk_rifles_fixer_desc_4">
        <text>Your made better connections with the %c[d_red]Black Market%c[ui_white] giving you an advantange in fixing sell prices for %c[d_blue]rifles%c[ui_white] and  %c[d_blue]machine guns%c[ui_white]\n \n
		%c[ui_gray_3]EFFECTS:\n
		%c[d_blue] - %c[ui_gray_2] Your price fixing influence has improved, the sell value is increased by %c[d_green]$price_mult%\n
		%c[d_blue] - %c[ui_gray_2] Traders in the %c[d_red]Black Market%c[ui_gray_2] will now buy weapons with broken parts, albeit at a reduced price based on the aggregate condition of the parts\n
		</text>
    </string>  

    <!-- bigbigrifles_fixer fixer     -->

    <string id="st_bm_perk_bigrifles_fixer">
        <text>Big rifles fixer</text>
    </string>
	<string id="st_bm_perk_bigrifles_fixer_desc">
        <text>You made friends in the Black Market. You can get discounted prices when selling all sort of long range rifles</text>
    </string>
	<string id="st_bm_perk_bigrifles_fixer_desc_1">
        <text>Your made better connections with the %c[d_red]Black Market%c[ui_white] giving you an advantange in fixing sell prices for %c[d_blue]long range rifles%c[ui_white]\n \n
		%c[ui_gray_3]EFFECTS:\n
		%c[d_blue] - %c[ui_gray_2] Your price fixing influence has improved, the sell value is increased by %c[d_green]$price_mult%\n
		</text>
    </string>
	<string id="st_bm_perk_bigrifles_fixer_desc_2">
        <text>Your made better connections with the %c[d_red]Black Market%c[ui_white] giving you an advantange in fixing sell prices for %c[d_blue]long range rifles%c[ui_white]\n \n
		%c[ui_gray_3]EFFECTS:\n
		%c[d_blue] - %c[ui_gray_2] Your price fixing influence has improved, the sell value is increased by %c[d_green]$price_mult%\n
		</text>
    </string>
	<string id="st_bm_perk_bigrifles_fixer_desc_3">
        <text>Your made better connections with the %c[d_red]Black Market%c[ui_white] giving you an advantange in fixing sell prices for %c[d_blue]long range rifles%c[ui_white]\n \n
		%c[ui_gray_3]EFFECTS:\n
		%c[d_blue] - %c[ui_gray_2] Your price fixing influence has improved, the sell value is increased by %c[d_green]$price_mult%\n
		</text>
    </string>
	<string id="st_bm_perk_bigrifles_fixer_desc_4">
        <text>Your made better connections with the %c[d_red]Black Market%c[ui_white] giving you an advantange in fixing sell prices for %c[d_blue]long range rifles%c[ui_white]\n \n
		%c[ui_gray_3]EFFECTS:\n
		%c[d_blue] - %c[ui_gray_2] Your price fixing influence has improved, the sell value is increased by %c[d_green]$price_mult%\n
		%c[d_blue] - %c[ui_gray_2] Traders in the %c[d_red]Black Market%c[ui_gray_2] will now buy weapons with broken parts, albeit at a reduced price based on the aggregate condition of the parts\n
		</text>
    </string> 	  

</string_table>