<?xml version="1.0" encoding="windows-1251"?>

<string_table>
	
	<string id="ui_mcm_blackmarket_perks_title">
		<text>Black Market Perks System</text>
	</string>
	<string id="ui_mcm_menu_blackmarket_perks">
		<text>Black Market Perks System</text>
	</string>
	<string id="ui_mcm_blackmarket_perks_help_perks">
		<text>The Black Market perks are added to the Experience mod menu. Check the MCM Experience menu for the right keybind</text>
	</string>
	<string id="ui_mcm_blackmarket_perks_help_sale1">
		<text>Traders in the Black Market will not buy broken (any parts under 60% condition) and dirty equipment</text>
	</string>	
	<string id="ui_mcm_blackmarket_perks_help_sale2">
		<text>Traders have their own equipment clean threshold, but for most of them this is above 50% condition. Below this, the equipment cannot be sold</text>
	</string>	
	<string id="ui_mcm_blackmarket_perks_help_sale3">
		<text>Levelling each perk to the max rank will give the opportunity to bypass the sale restriction on equipment with broken parts. You must enable the Black Market perks system to take advantage of this</text>
	</string>	
	<string id="ui_mcm_blackmarket_perks_enable">
		<text>Enable Black Market perks system</text>
	</string>
	<string id="ui_mcm_blackmarket_perks_enable_desc">
		<text>Disable and save, then open the menu again to access the equipment types specific sliders</text>
	</string>
	<string id="ui_mcm_blackmarket_perks_norequisites">
		<text>You can alternatively use a perk system to access the sell multipliers below and other features, with gameplay based progression system instead. To enable this option, you need to install the the Experience Framework mod as well</text>
	</string>
	<string id="ui_mcm_blackmarket_perks_help">
		<text>Each slider multiplies the trader's Black Market inventory sell price by that value</text>
	</string>		
	<string id="ui_mcm_blackmarket_perks_o_helmet">
		<text>Helmets</text>
	</string>
	<string id="ui_mcm_blackmarket_perks_o_helmet_medium">
		<text>Medium Helmets</text>
	</string>
	<string id="ui_mcm_blackmarket_perks_o_helmet_heavy">
		<text>Heavy Helmets</text>
	</string>
	<string id="ui_mcm_blackmarket_perks_o_light">
		<text>Light Outfits</text>
	</string>
	<string id="ui_mcm_blackmarket_perks_o_medium">
		<text>Medium Outfits</text>
	</string>
	<string id="ui_mcm_blackmarket_perks_o_sci">
		<text>Scientific Outfits</text>
	</string>
	<string id="ui_mcm_blackmarket_perks_o_heavy">
		<text>Heavy Outfits</text>
	</string>	
	<string id="ui_mcm_blackmarket_perks_w_melee">
		<text>Melee Weapons</text>
	</string>
	<string id="ui_mcm_blackmarket_perks_w_pistol">
		<text>Pistols</text>
	</string>
	<string id="ui_mcm_blackmarket_perks_w_shotgun">
		<text>Shotguns</text>
	</string>
	<string id="ui_mcm_blackmarket_perks_w_smg">
		<text>SMGs</text>
	</string>
	<string id="ui_mcm_blackmarket_perks_w_rifle">
		<text>Rifles</text>
	</string>
	<string id="ui_mcm_blackmarket_perks_w_sniper">
		<text>Sniper rifles</text>
	</string>
	<string id="ui_mcm_blackmarket_perks_w_explosive">
		<text>Explosive ordnance</text>
	</string>		
	<string id="ui_mcm_blackmarket_perks_debug_mode">
		<text>Debug mode</text>
	</string>	
	<string id="ui_mcm_blackmarket_perks_debug_mode_desc">
		<text>When Debug mode is enabled, logs will be printed on console and new options in this MCM menu will be available (for debugging purposes)</text>
	</string>
	<string id="ui_mcm_blackmarket_perks_help_debug">
		<text>It is recommended not to change these values other than debug purposes. Changing them will alter the gameplay progression of perks</text>
	</string>	
	<string id="ui_mcm_blackmarket_perks_minpart">
		<text>Equipment parts minimun condition sell threshold</text>
	</string>
	<string id="ui_mcm_blackmarket_perks_minpart_desc">
		<text>The Minimun conditions of parts in weapons, outfits and helmets, for them to be sold in the Black Market. Beware the same setting in WPO will be overridden</text>
	</string>	
	<string id="ui_mcm_blackmarket_perks_parts_affect_price">
		<text>Parts conditions affect sell prices</text>
	</string>
	<string id="ui_mcm_blackmarket_perks_parts_affect_price_desc">
		<text>Enable to have part conditions of an equipment to affect the sale price at the Black Market (Recommended enabled)</text>
	</string>
	<string id="ui_mcm_blackmarket_perks_help_not_installed">
		<text>This mod only works if Blackmarket is installed and Item Cost Modifiers (ICM) is not installed (incompatible)</text>
	</string>	
</string_table>
