<w>
	<file name="ui\AlphaLion\ui_MapSpots">

		<texture id="ui_AlphaLion_Companion"				x="1" y="1" width="19" height="19"/>

		<texture id="ui_AlphaLion_Barman-large"				x="23" y="1" width="19" height="19"/>
		<texture id="ui_AlphaLion_Barman-small"				x="25" y="21" width="16" height="16"/>
		<texture id="ui_AlphaLion_Trader-large"				x="43" y="1" width="19" height="19"/>
		<texture id="ui_AlphaLion_Trader-small"				x="44" y="21" width="16" height="16"/>
		<texture id="ui_AlphaLion_Mines-large"				x="64" y="1" width="19" height="19"/>
		<texture id="ui_AlphaLion_Mines-small"				x="66" y="21" width="15" height="15"/>
		<texture id="ui_AlphaLion_Bed-large"				x="84" y="1" width="19" height="19"/>
		<texture id="ui_AlphaLion_Bed-small"				x="86" y="21" width="15" height="15"/>
		<texture id="ui_AlphaLion_Storage-large"			x="104" y="1" width="19" height="19"/>
		<texture id="ui_AlphaLion_Storage-small"			x="106" y="21" width="15" height="14"/>
		<texture id="ui_AlphaLion_Mechanic-large"			x="124" y="1" width="19" height="19"/>
		<texture id="ui_AlphaLion_Mechanic-small"			x="126" y="21" width="15" height="14"/>
		<texture id="ui_AlphaLion_Important-large"			x="144" y="1" width="19" height="19"/>
		<texture id="ui_AlphaLion_Important-small"			x="146" y="21" width="15" height="14"/>
		<texture id="ui_AlphaLion_Special-large"			x="164" y="1" width="19" height="19"/>
		<texture id="ui_AlphaLion_Special-small"			x="166" y="21" width="15" height="14"/>
		<texture id="ui_AlphaLion_Medic-large"				x="184" y="1" width="19" height="19"/>
		<texture id="ui_AlphaLion_Medic-small"				x="186" y="21" width="15" height="14"/>

		<!-- Primary mission markers -->
		<texture id="ui_AlphaLion_PrimaryMission"			x="1" y="80" width="23" height="23"/>
		<texture id="ui_AlphaLion_PrimaryMission-below"		x="25" y="80" width="19" height="16"/>
		<texture id="ui_AlphaLion_PrimaryMission-above"		x="45" y="80" width="19" height="16"/>

		<!-- Secondary mission markers -->
		<texture id="ui_AlphaLion_SecondaryMission"			x="1" y="104" width="23" height="23"/>
		<texture id="ui_AlphaLion_SecondaryMission-below"	x="25" y="104" width="19" height="16"/>
		<texture id="ui_AlphaLion_SecondaryMission-above"	x="45" y="104" width="19" height="16"/>


		<!-- Mission markers color change:

			Yellow (default primary):
		<texture id="ui_AlphaLion_PrimaryMission"			x="1" y="80" width="23" height="23"/>
		<texture id="ui_AlphaLion_PrimaryMission-below"		x="25" y="80" width="19" height="16"/>
		<texture id="ui_AlphaLion_PrimaryMission-above"		x="45" y="80" width="19" height="16"/>

			White (default secondary):
		<texture id="ui_AlphaLion_SecondaryMission"			x="1" y="104" width="23" height="23"/>
		<texture id="ui_AlphaLion_SecondaryMission-below"	x="25" y="104" width="19" height="16"/>
		<texture id="ui_AlphaLion_SecondaryMission-above"	x="45" y="104" width="19" height="16"/>

			Green:
		<texture id="ui_AlphaLion_SecondaryMission"			x="65" y="80" width="23" height="23"/>
		<texture id="ui_AlphaLion_SecondaryMission-below"	x="89" y="80" width="19" height="16"/>
		<texture id="ui_AlphaLion_SecondaryMission-above"	x="109" y="80" width="19" height="16"/>

			Blue:
		<texture id="ui_AlphaLion_SecondaryMission"			x="65" y="104" width="23" height="23"/>
		<texture id="ui_AlphaLion_SecondaryMission-below"	x="89" y="104" width="19" height="16"/>
		<texture id="ui_AlphaLion_SecondaryMission-above"	x="109" y="104" width="19" height="16"/>
		-->

		<texture id="ui_AlphaLion_PlayerPDA"				x="23" y="31" width="1" height="1"/>
<!--	<texture id="ui_AlphaLion_PlayerPDAtip"				x="27" y="54" width="49" height="49"/>-->
		<texture id="ui_AlphaLion_PlayerPDAtip"				x="1" y="49" width="13" height="14"/>
<!--	<texture id="ui_AlphaLion_SquadLeader"				x="1" y="39" width="13" height="13"/>-->
		<texture id="ui_AlphaLion_SquadLeader"				x="1" y="21" width="13" height="13"/>
		<texture id="ui_AlphaLion_Squad"					x="1" y="35" width="13" height="13"/>
<!--	<texture id="ui_AlphaLion_Transition"				x="206" y="1" width="19" height="21"/>-->
		<texture id="ui_AlphaLion_Transition"				x="226" y="1" width="19" height="21"/>
<!--	<texture id="ui_AlphaLion_Location"					x="77" y="54" width="64" height="64"/>-->
<!--	<texture id="ui_AlphaLion_Location"					x="144" y="88" width="13" height="17"/>-->
		<texture id="ui_AlphaLion_Location"					x="1" y="64" width="11" height="15"/>
		<texture id="ui_AlphaLion_Unknown"					x="14" y="39" width="32" height="32"/>

		<texture id="ui_AlphaLion_XCorpseMarker-small"		x="15" y="31 " width="7" height="7"/>
		<texture id="ui_AlphaLion_XCorpseMarker-large"		x="15" y="21" width="9" height="9"/>

	</file>

	<file name="ui\AlphaLion\ui_Area">
		<texture id="ui_AlphaLion_Area-large"				x="1" y="1" width="205" height="205"/>
	<texture id="ui_AlphaLion_Area-small"					x="207" y="1" width="41" height="41"/>
	</file>
</w>