<?xml version="1.0" encoding="windows-1251"?>

<string_table>

	<string id="st_mag_pp2000_9x19_ext">
		<text>Extended 9x19 PP-2000 Magazine</text>
	</string>
	<string id="st_mag_pp2000_9x19_ext_descr">
		<text>
		Extended PP-2000 Magazine with a capacity of 45 rounds.
		</text>
	</string>
	
		<string id="st_mag_pp2000_9x18_ext">
		<text>Modified Extended 9x18 PP-2000 Magazine</text>
	</string>
	<string id="st_mag_pp2000_9x18_ext_descr">
		<text>
			Extended PP-2000 Magazine modified to take the 9x18 Makarov round.
		</text>
	</string>
	
</string_table>	