<?xml version="1.0" encoding="windows-1251"?>

<string_table>
    
<!--
Pistols and MP's
-->


	<string id="ext_mag_colt1911_11.43x23_fmj">
		<text>Extended .45 ACP Colt 1911 Magazine </text>
	</string>
	<string id="ext_mag_colt1911_11.43x23_fmj_descr">
		<text>
		15-Round ProMag Extended Colt 1911 Magazine. Crafted from lightweight, blued steel with impact-resistant polymer.
		</text>
	</string>
	
	<string id="ext_mag_ppp_1911_357_fmj">
		<text>Extended Coonan .357 Magazine</text>
	</string>
	<string id="ext_mag_ppp_1911_357_fmj_descr">
		<text>
            Extended magazine modified to adapt the much longer .357 Magnum round. Only works with the Coonan .357 handgun, which provides all the stopping power of the .357 Magnum cartridge in a compact package. Holds 12 Rounds.
		</text>
	</string>

</string_table>