<?xml version="1.0" encoding="windows-1251"?>
<string_table>
    <string id="ui_mcm_menu_onekey">
        <text>One Key</text>
    </string>
    <string id="ui_mcm_menu_firemode">
        <text>Fire Mode</text>
    </string>
    <string id="ui_mcm_title_onekey">
        <text>One Key</text>
    </string>
    <string id="ui_mcm_title_onekey_firemode">
        <text>One Key Firemode</text>
    </string>
    <string id="ui_mcm_onekey_key_firemode">
        <text>Firemode Key</text>
    </string>
    <string id="ui_mcm_onekey_key_firemode_desc">
        <text>Tap to select next mode, modifier + tap to select previous mode, hold to check current mode. Make sure that in Control->Keybinds: "Next Firing Mode" and "Previous Firing Mode" are bound to something else (e.g., "0" and "9").</text>
    </string>
    <string id="ui_mcm_onekey_modifier_prev_firemode">
        <text>Prev Firemode Modifier</text>
    </string>
    <string id="ui_mcm_onekey_modifier_prev_firemode_desc">
        <text>Modifier + firemode key to select previous mode.</text>
    </string>
    <string id="ui_mcm_onekey_hide_fire_mode">
        <text>Hide Firemode</text>
    </string>
    <string id="ui_mcm_onekey_hide_fire_mode_desc">
        <text>Enable to hide firemode display from game HUD.</text>
    </string>
</string_table>