<?xml version="1.0" encoding="windows-1251"?>
<string_table>
    <string id="ui_mcm_menu_onekey">
        <text>One Key</text>
    </string>
    <string id="ui_mcm_menu_reload">
        <text>Reload</text>
    </string>
    <string id="ui_mcm_title_onekey">
        <text>One Key</text>
    </string>
    <string id="ui_mcm_title_onekey_reload">
        <text>One Key Reload</text>
    </string>
    <string id="ui_mcm_onekey_key_reload">
        <text>Reload Key</text>
    </string>
    <string id="ui_mcm_onekey_key_reload_desc">
        <text>Tap to reload. Hold to check ammo. Double-tap to select ammo type. Modifier + Tap to unjam/inspect. Note: the engine "Reload" keybind is still taken into account by this mod (can be bound to same key).</text>
    </string>
    <string id="ui_mcm_onekey_unjam_modifier">
        <text>Unjam/Inspect Modifier</text>
    </string>
    <string id="ui_mcm_onekey_unjam_modifier_desc">
        <text>Modifier + Reload key to unjam or inspect weapon.</text>
    </string>
    <string id="ui_mcm_onekey_doubletap_behavior">
        <text>Double-tap Behavior</text>
    </string>
    <string id="ui_mcm_onekey_doubletap_behavior_desc">
        <text>"Reload": perform a regular reload. "Next Type": load next ammo type. "Ammo Wheel": open vanilla ammo selector UI. "Situational": decide automatically depending on how many types of ammo you are carrying.</text>
    </string>
    <string id="ui_mcm_onekey_check_ammo_after_reload">
        <text>Check Ammo After Reload</text>
    </string>
    <string id="ui_mcm_onekey_check_ammo_after_reload_desc">
        <text>Turn on to perform an ammo check as you reload.</text>
    </string>
    <string id="ui_mcm_lst_dt_reload">
        <text>Reload</text>
    </string>
    <string id="ui_mcm_lst_dt_next_ammo_type">
        <text>Next Type</text>
    </string>
    <string id="ui_mcm_lst_dt_ammo_wheel">
        <text>Ammo Wheel</text>
    </string>
    <string id="ui_mcm_lst_dt_situational">
        <text>Situational</text>
    </string>
</string_table>