<string_table>
    <string id="ui_mcm_ds_title">
		<text>Day Stalkers</text>
	</string>

    <string id="ui_mcm_menu_ds">
		<text>Day Stalkers</text>
	</string>

    <string id="ui_mcm_ds_spawn_time_delay_min">
		<text>Minimum game minute delay for the spawn interval</text>
	</string>

    <string id="ui_mcm_ds_spawn_time_delay_max">
		<text>Maximum game minute delay for the spawn interval</text>
	</string>

    <string id="ui_mcm_ds_safe_radius">
		<text>Player safe radius</text>
	</string>

    <string id="ui_mcm_ds_spawn_attempts_min">
		<text>Minimum number of attempts to spawn</text>
	</string>

    <string id="ui_mcm_ds_spawn_attempts_max">
		<text>Maximum number of attempts to spawn</text>
	</string>

    <string id="ui_mcm_ds_day_start">
		<text>Time at which day stalkers start to spawn</text>
	</string>

    <string id="ui_mcm_ds_day_end">
		<text>Time at which day stalkers are wiped</text>
	</string>

    <string id="ui_mcm_ds_wipe_stalkers_on_level_change">
		<text>Wipe stalkers before switching level?</text>
	</string>

    <string id="ui_mcm_ds_something">
		<text>Pistols</text>
	</string>


</string_table>