<?xml version="1.0" encoding="windows-1251"?>

<string_table>
 <!-- 5.56 -->
		
	<string id="st_mag_k98_7.62x51">
		<text>Modified 7.62x51 Kar 98 Magazine</text>
	</string>
	<string id="st_mag_k98_7.62x51_descr">
		<text>
		Modified Kar 98 Magazine with a capacity of 5 rounds.
		</text>
	</string>
	<string id="st_mag_k98_7.62x39">
		<text>Modified 7.62x39 Kar 98 Magazine</text>
	</string>	
	<string id="st_mag_k98_7.62x39_descr">
		<text>
		Modified Kar 98 Magazine with a capacity of 5 rounds.
		</text>
	</string>		
</string_table>