<?xml version="1.0" encoding="windows-1251"?>

<!-- 
	Strings for "Dead Air Knives"
-->


<string_table>

	<string id="st_mag_overlylarge_95_545_drum">
		<text>RPK-16 5.45x39 95-round drum magazine</text>
	</string>
	<string id="st_mag_overlylarge_95_545_drum_descr">
		<text>95-round polymer Izhmash magazine for 5.45x39 ammo.</text>
	</string>
	
	<string id="st_mag_overlylarge_95_556_drum">
		<text>RPK-16 5.56x45 95-round drum magazine</text>
	</string>
	<string id="st_mag_overlylarge_95_556_drum_descr">
		<text>95-round polymer Izhmash magazine rechambered for 5.56x45 ammo.</text>
	</string>
	
	<string id="st_mag_overlylarge_75_762x39_drum">
		<text>AK 7.62x39 75-round drum magazine</text>
	</string>
	<string id="st_mag_overlylarge_75_762x39_drum_descr">
		<text>75-round metal magazine for 7.62x39 ammo.</text>
	</string>
	
	<string id="st_mag_overlylarge_50_762x51_drum">
		<text>SA58 7.62x51 50-round drum magazine</text>
	</string>
	<string id="st_mag_overlylarge_50_762x51_drum_descr">
		<text>50-round 7.62x51 drum magazine for hinge pattern rifles.</text>
	</string>
	
	<string id="st_mag_overlylarge_50_762x51_drum2">
		<text>STANAG 7.62x51 50-round drum magazine</text>
	</string>
	<string id="st_mag_overlylarge_50_762x51_drum2_descr">
		<text>50-round 7.62x51 drum magazine modified to fit STANAG pattern rifles.</text>
	</string>
		
	<string id="st_mag_overlylarge_sks_75_762x39_drum">
		<text>SKS 7.62x39 75-round drum magazine</text>
	</string>
	<string id="st_mag_overlylarge_sks_75_762x39_drum_descr">
		<text>75-round blued steel magazine is designed for use with the SKS carbines that accept external magazines.</text>
	</string>
		
	<string id="st_mag_overlylarge_sks_75_762x39_drum2">
		<text>SKS 7.62x54 75-round drum magazine</text>
	</string>
	<string id="st_mag_overlylarge_sks_75_762x39_drum2_descr">
		<text>Rechambered 75-round blued steel magazine is designed for use with the SKS carbines that accept external magazines.</text>
	</string>
	
	<string id="st_mag_overlylarge_100_556x45_drum">
		<text>5.56x45 STANAG 100-round magazine</text>
	</string>
	<string id="st_mag_overlylarge_100_556x45_drum_descr">
		<text>100-round metal high capacity magazine for 5.56x45 ammo.</text>
	</string>
	
	<string id="st_mag_overlylarge_100_556x45_drum2">
		<text>Modified 5.56x45 STANAG 100-round magazine</text>
	</string>
	<string id="st_mag_overlylarge_100_556x45_drum2_descr">
		<text>100-round metal high capacity magazine for 5.56x45 ammo, modified to fit AUG systems.</text>
	</string>

	<string id="st_mag_saiga12_drum">
		<text>Saiga-12 20-round Drum Magazine</text>
	</string>
	<string id="st_mag_saiga12_drum_descr">
		<text>20-round high capacity Drum for 12x70 shotgun shells.</text>
	</string>
	
	<string id="st_mag_nato_5.56x45_drum">
		<text>MAGPUL PMAG D-60</text>
	</string>
	<string id="st_mag_nato_5.56x45_drum_descr">
		<text> The MAGPUL PMAG D-60 is a 60-round drum magazine for all STANAG compatible rifles.
		</text>
	</string>
	
	 <string id="st_mag_nato_5.56x45_drum_ext">
		<text>KCI 100-Round Gen 2 Drum Magazine</text>
	</string>
	
	<string id="st_mag_nato_5.56x45_drum_ext_descr">
		<text>The KCI 100 Gen2 Drum Magazine is a 100-round drum magazine for all STANAG compatible rifles.
		</text>
	</string>

</string_table>