<?xml version="1.0" encoding="windows-1251"?>

<!-- 
	Strings for "Dead Air Knives"
-->


<string_table>

	<string id="st_mag_mp9iwp">
		<text>9x19 30-Round Magazine</text>
	</string>
	<string id="st_mag_mp9iwp_descr">
		<text>30-round MP9 magazine for 9x19 ammo.</text>
	</string>

	<string id="st_mag_mp9iwp_ext">
		<text>Extended 9x19 40-Round Magazine</text>
	</string>
	<string id="st_mag_mp9iwp_ext_descr">
		<text>Extended 40-round MP9 magazine for 9x19 ammo.</text>
	</string>

	<string id="st_mag_mp9iwp_9x18">
		<text>9x18 30-Round Magazine</text>
	</string>
	<string id="st_mag_mp9iwp_9x18_descr">
		<text>30-round magazine MP9 for 9x18 ammo.</text>
	</string>

	<string id="st_mag_mp9iwp_9x18_ext">
		<text>Extended 9x18 40-Round Magazine</text>
	</string>
	<string id="st_mag_mp9iwp_9x18_ext_descr">
		<text>Extended 40-round magazine MP9 for 9x18 ammo.</text>
	</string>
	
</string_table>