<?xml version="1.0" encoding="windows-1251"?>

<string_table>
    <string id="mag_kriss45">
		<text>Standard .45 ACP Vector Magazine</text>
	</string>
	<string id="mag_kriss45_descr">
		<text>
		Standard .45 ACP Vector magazine with a capacity of 30 rounds.
		</text>
	</string>
	
	<string id="mag_kriss9">
		<text>Extended 9x19 Glock Magazine</text>
	</string>
	<string id="mag_kriss9_descr">
		<text>
		Extneded Glock magazine for 9x19 Parabellum cartridges with a capacity of 33 rounds.
		</text>
	</string>
	
	<string id="ext_mag_kriss_drum">
		<text>.45 ACP Vector Drum Magazine</text>
	</string>
	<string id="ext_mag_kriss_drum_descr">
		<text>
		.45 ACP Vector drum magazine with a capacity of 45 rounds.
		</text>
	</string>
	
	<string id="ext_mag_kriss9_drum">
		<text>Standard 9x19 Glock Drum Magazine</text>
	</string>
	<string id="ext_mag_kriss9_drum_descr">
		<text>
		Glock drum magazine for 9x19 Parabellum cartridges with a capacity of 50 rounds.
		</text>
	</string>	
</string_table>
