<?xml version="1.0" encoding="windows-1251"?>

<string_table>

	<string id="ui_mcm_move_effects_title">
		<text>Animated Movements</text>
	</string>	
	<string id="ui_mcm_menu_move_effects">
		<text>Animated Movements</text>
	</string>
	<string id="ui_mcm_move_effects_enable_sprint_anim">
		<text>Enable sprint animation</text>
	</string>
	<string id="ui_mcm_move_effects_enable_jump_anim">
		<text>Enable jump/landing animation animation</text>
	</string>
	<string id="ui_mcm_move_effects_enable_crawl_anim">
		<text>Enable crawling animation</text>
	</string>	
	<string id="ui_mcm_move_effects_enable_lean_snd">
		<text>Leaning sound</text>
	</string>
	<string id="ui_mcm_move_effects_enable_crouch_snd">
		<text>Crouch/stand up sound</text>
	</string>
	<string id="ui_mcm_move_effects_prone_move_hide_wpn">
		<text>Hide weapon when crawling</text>
	</string>
	<string id="ui_mcm_move_effects_enable_alt_sprint_anim">
		<text>Use alternate sprint animation</text>
	</string>
	<string id="ui_mcm_move_effects_enable_alt_det_sprint">
		<text>Use alternate sprint animation when holding a detector</text>
	</string>
	<string id="ui_mcm_move_effects_enable_fov_control">
		<text>Control HUD FoV setting value</text>
	</string>
	<string id="ui_mcm_move_effects_aim_shake_enabled">
		<text>Weapon shaking when walking and aiming</text>
	</string>
	<string id="ui_mcm_move_effects_aim_shake_power">
		<text>Weapon shaking power</text>
	</string>
    <string id="ui_mcm_move_effects_volume_go_prone_snd">
		<text>Sound volume: go prone/stand up</text>
	</string>
	<string id="ui_mcm_move_effects_volume_mvt_snd">
		<text>Sound volume: crouch/leaning</text>
	</string>
	<string id="ui_mcm_move_effects_volume_prone_mvt_snd">
		<text>Sound volume: crawling</text>
	</string>
    <string id="ui_mcm_move_effects_fov_control_val">
		<text>Value of HUD FoV setting</text>
	</string>
    <string id="ui_mcm_move_effects_enable_alt_sprint_anim_desc">
		<text>An alternate animation for sprinting with empty hands. \n REQUIRES Hax's Bolt Reanimation ADDON! </text>
	</string>
    <string id="ui_mcm_move_effects_enable_fov_control_desc">
		<text>When enabled, a fixed value of HUD FoV setting ("Value of HUD FoV setting") will be applied when sprint, jump or crawling animations are played. When an anim is stopped it is reset back. Useful for more consistent anims look irregardless of your current hud_fov value.\n Do note that the default value is only updated when you change it in the graphics settings, not with the console command.</text>
	</string>
	<string id="ui_mcm_move_effects_enable_alt_det_sprint_desc">
		<text>When turned off, the 'complete' two-handed sprint animation will be played. Otherwise, the left hand with the detector will use the default positioning.</text>
	</string>

</string_table>
