<?xml version="1.0" encoding="windows-1251"?>

<string_table>
	<string id = "ui_mcm_menu_acc_stats">					<text>Actual Accurate Stats</text>	</string>
	<string id = "ui_mcm_acc_stats_title">					<text>Actual Accurate Stats (for real) v0.4.1</text>	</string>
	
	<string id = "ui_mcm_acc_stats_keybinds">				<text>Relevant keybinds</text>	</string>
		<string id = "ui_mcm_acc_stats_consult_key">		<text>Check total current stats</text>	</string>
		<string id = "ui_mcm_acc_stats_full_stats_key">		<text>Check max possible stats on item</text>	</string>
	
	<string id = "ui_mcm_acc_stats_weapon">								<text>Weapon stats card</text>	</string>
		<string id = "ui_mcm_acc_stats_purist_handling">				<text>Purist Handling</text>	</string>
			<string id = "ui_mcm_acc_stats_purist_handling_desc">		<text>Toggle vanilla handling math</text>	</string>
		<string id = "ui_mcm_acc_stats_purist_damage">					<text>Purist Damage</text>	</string>
			<string id = "ui_mcm_acc_stats_purist_damage_desc">			<text>Toggle vanilla's 0.667x scale applied to displayed damage (except on multishot)</text>	</string>
		<string id = "ui_mcm_acc_stats_purist_velocity">				<text>Purist Muzzle velocity</text>	</string>
			<string id = "ui_mcm_acc_stats_purist_velocity_desc">		<text>Toggle vanilla GAMMA's 0.7x scale applied to displayed velocity</text>	</string>
		<string id = "ui_mcm_acc_stats_purist_reliability">				<text>Purist Degradation res.</text>	</string>
			<string id = "ui_mcm_acc_stats_purist_reliability_desc">	<text>Toggle vanilla GAMMA's degradation math</text>	</string>
		<string id = "ui_mcm_acc_stats_purist_recoil">					<text>Purist Recoil control</text>	</string>
			<string id = "ui_mcm_acc_stats_purist_recoil_desc">			<text>Toggle a particular part of vanilla GAMMA's recoil math that didn't make any sense whatsoever</text>	</string>
	<string id = "ui_mcm_acc_stats_ammo_affects">						<text>First available ammo for the gun affects...</text>	</string>
		<string id = "ui_mcm_acc_stats_ammo_affects_acc">				<text>... Accuracy</text>	</string>
		<string id = "ui_mcm_acc_stats_ammo_affects_dmga">				<text>... Damage</text>	</string>
		<string id = "ui_mcm_acc_stats_ammo_affects_range">				<text>... Max range</text>	</string>
		<string id = "ui_mcm_acc_stats_ammo_affects_velocity">			<text>... Muzzle velocity</text>	</string>
		<string id = "ui_mcm_acc_stats_ammo_affects_degradation">		<text>... Degradation res.</text>	</string>
		<string id = "ui_mcm_acc_stats_ammo_affects_recoil">			<text>... Recoil control</text>	</string>
		<string id = "ui_mcm_acc_stats_ammo_affects_explained">			<text>Think something like: [weapon_stat x ammo_modifier] \nI advise against using these options.</text>	</string>
	<string id = "ui_mcm_acc_stats_needs_dgbore">						<text>-------------------------</text>	</string>
		<string id = "ui_mcm_acc_stats_support_demonized_rec">			<text>Support Demonized's GBO Recoil Revised</text>	</string>
			<string id = "ui_mcm_acc_stats_support_demonized_rec_desc">	<text>Makes the recoil stat properly scale with that mod's stuff. Of course you need to have that mod loaded!</text>	</string>
		<string id = "ui_mcm_acc_stats_support_xcvb_weapon_sway">		<text>Support xcvb's Weapon Sway</text>	</string>
			<string id = "ui_mcm_acc_stats_support_xcvb_weapon_sway_desc"><text>Show a rough representation of how bad the sway is on a given weapon. Needs the mod loaded.</text>	</string>
		<string id = "ui_mcm_acc_stats_show_zoom">						<text>Display zoom stats</text>	</string>
			<string id = "ui_mcm_acc_stats_show_zoom_desc">				<text>Can be considered clutter -- I don't think this would ever be necessary but people really don't know how zoom works and they just trust whatever the flavor text says.</text>	</string>
			<string id = "ui_mcm_acc_stats_zoom_desired_fov">			<text>Desired FOV</text> </string>
				<string id = "ui_mcm_acc_stats_zoom_desired_fov_desc">	<text>Used for zoom scaling, make this match your FOV setting.</text> </string>
		<string id = "ui_mcm_acc_stats_show_movespeed">					<text>Display movement speed modifier</text>	</string>
			<string id = "ui_mcm_acc_stats_show_movespeed_desc">		<text>Can be considered clutter -- Too much info really. \nAlso displayed on melee weapons.</text>	</string>
	
	<string id = "ui_mcm_acc_stats_armor">								<text>Suit/Helmet stats card</text>	</string>
		<string id = "ui_mcm_acc_stats_show_regens">					<text>Display misc. cures</text>	</string>
			<string id = "ui_mcm_acc_stats_show_regens_desc">			<text>Health / Stamina / Radiation / Bleed / Satiety</text>	</string>
	
	<string id = "ui_mcm_acc_stats_booster">							<text>Consumable stats card</text>	</string>
		<string id = "ui_mcm_acc_stats_show_physicals">					<text>Display physical res. buffs</text>	</string>
			<string id = "ui_mcm_acc_stats_show_physicals_desc">		<text>Ballistics / Rupture / Strike / Explosive</text>	</string>
	
	<string id = "ui_mcm_acc_stats_melee">								<text>Melee weapon stats card</text>	</string>
		<string id = "ui_mcm_acc_stats_enable_melee">					<text>Display stats</text>	</string>
		<string id = "ui_mcm_acc_stats_show_heavy">						<text>Display Heavy attack damage</text>	</string>
			<string id = "ui_mcm_acc_stats_show_heavy_desc">			<text>Can be considered clutter -- Heavy attack damage is ignored when attacking human mobs.</text>	</string>
	
	<string id = "ui_mcm_acc_stats_ammo">								<text>Ammo stats card</text>	</string>
		<string id = "ui_mcm_acc_stats_enable_ammo">					<text>Display stats</text>	</string>
		<string id = "ui_mcm_acc_stats_show_impulse">					<text>Display Impulse mod.</text>	</string>
			<string id = "ui_mcm_acc_stats_show_impulse_desc">			<text>Can be considered clutter -- How much this ammo type influences the gun's ability of sending corpses flying.</text>	</string>
		<string id = "ui_mcm_acc_stats_show_size">						<text>Display Bullet size</text>	</string>
			<string id = "ui_mcm_acc_stats_show_size_desc">				<text>Can be considered clutter -- Used to be an actual mechanic until some time ago. Now it's just fluff.</text>	</string>
		<string id = "ui_mcm_acc_stats_show_concussion">				<text>Display Concussion penalty</text>	</string>
			<string id = "ui_mcm_acc_stats_show_concussion_desc">		<text>Can be considered clutter -- How much damage is lost if this ammo fails to penetrate armor. Might be too much info?</text>	</string>
</string_table>