<?xml version="1.0" encoding="windows-1251"?>

<!-- MCM Menu -->
<string_table>
    <string id="ui_mcm_inv_icons_resizer_title">
        <text>Inventory Icons Resizer Configuration</text>
    </string>
     <string id="ui_mcm_menu_inv_icons_resizer">
        <text>Inventory Icons Resizer</text>
    </string>
    <string id="ui_mcm_inv_icons_resizer_actor_bag_size">
        <text>Actor bag icons size</text>
    </string>
	<string id="ui_mcm_inv_icons_resizer_npc_bag_size">
        <text>NPC/Stash bag icons size</text>
    </string>
</string_table>