{
    "profileName": "",
    "profileType": "standalone",
    "profileCreator": "GAMMA-EXT",
    "version": "1",
    "extVersion": "0.24",
    "addonsVersion": "1",
    "customModsVersion": "1",
    "settingsVersion": "1",
    "info": [
    ],
    "installationDiskspaceRequirementMB": "",
    "finalDiskspaceRequirementMB": "",
    "installCompletionMessage": [        
    ],
    "addons": [                                         
    ],
    "customMods": [                                                                            
    ],
    "customLoadOrderRules": [
    ],
    "gamePatches": [          
    ]
}