<w>
	<!-- Main part - wheel -->
	<wheel x="292" y="164" width="440" height="420" stretch="1">
		<background x="0" y="0" width="440" height="420" stretch="1">
			<texture>ui_hud2_wheel_ammo</texture>
		</background>
		
		<!-- Images -->
		<box_combat x="39" y="164" width="100" height="100" stretch="1"/>
		<btn_combat x="39" y="164" width="100" height="100" stretch="1">
			<texture>ui_companion_combat_btn</texture>
		</btn_combat>
		
		<box_movement x="107" y="46" width="100" height="100" stretch="1"/>
		<btn_movement x="107" y="46" width="100" height="100" stretch="1">
			<texture>ui_companion_movement_btn</texture>
		</btn_movement>
		
		<box_stealth x="233" y="46" width="100" height="100" stretch="1"/>
		<btn_stealth x="233" y="46" width="100" height="100" stretch="1">
			<texture>ui_companion_stealth_btn</texture>
		</btn_stealth>
		
		<box_distance x="299" y="164" width="100" height="100" stretch="1"/>
		<btn_distance x="299" y="164" width="100" height="100" stretch="1">
			<texture>ui_companion_distance_btn</texture>
		</btn_distance>
		
		<box_trade x="225" y="288" width="100" height="100" stretch="1"/>
		<btn_trade x="225" y="288" width="100" height="100" stretch="1">
			<texture>ui_companion_trade_btn</texture>
		</btn_trade>
		
		<box_loot x="114" y="288" width="100" height="100" stretch="1"/>
		<btn_loot x="114" y="288" width="100" height="100" stretch="1">
			<texture>ui_companion_loot_btn</texture>
		</btn_loot>
		
		<hint x="170" y="195" width="100" height="50"  stretch="1">
			<text complex_mode="1" r="200" g="200" b="200" align="c" vert_align="c" font="letterica18"/>
		</hint>
	</wheel>
	
	<!-- Extended part - info -->
	<info x="341" y="589" width="341" height="112" stretch="1">
		<background x="0" y="0" width="341" height="112" stretch="1">
			<texture>ui_hud2_wheel_extent</texture>
		</background>
		
		<icon x="30" y="26" width="100" height="66" stretch="1"/>
		<name x="158" y="24" width="157" height="33"  stretch="1">
			<text complex_mode="1" r="200" g="150" b="100" align="l" vert_align="c" font="letterica18"/>
		</name>	
		<health x="158" y="61" width="52" height="12"  stretch="1">
			<caption x="0" y="0" width="52" height="12"  stretch="1">
				<text r="100" g="100" b="100" align="l" vert_align="c" font="letterica16">st_ui_health_sensor</text>
			</caption>
			<value x="56" y="2" width="101" height="8" stretch="1" horz="1" min="0" max="1" pos="0">
				<progress stretch="1">
					<texture a="200" r="255" g="50" b="50">ui_inGame2_inventory_status_bar</texture>
				</progress>
			</value>
			<prog_back x="56" y="2" width="101" height="8" stretch="1">
				<texture a="200" r="70" g="20" b="20">ui_inGame2_inventory_status_bar</texture>
			</prog_back>
		</health>		
		<weight x="158" y="77" width="52" height="12"  stretch="1">
			<caption x="0" y="0" width="52" height="12"  stretch="1">
				<text complex_mode="1" r="100" g="100" b="100" align="l" vert_align="c" font="letterica16">ui_total_weight</text>
			</caption>
			<value x="56" y="2" width="101" height="8" stretch="1" horz="1" min="0" max="1" pos="0">
				<progress stretch="1">
					<texture a="200" r="255" g="255" b="50">ui_inGame2_inventory_status_bar</texture>
				</progress>
			</value>
			<prog_back x="56" y="2" width="101" height="8" stretch="1">
				<texture a="200" r="70" g="70" b="20">ui_inGame2_inventory_status_bar</texture>
			</prog_back>
		</weight>
	</info>
	
</w>
