<?xml version='1.0' encoding="windows-1251"?>
<xml>
    <specific_character id="kat_enemy_soldier_default1" team_default = "1">
    <name>GENERATE_NAME_stalker</name>
    <icon>ui_inGame2_monolit_2</icon>
    <map_icon x="1" y="0"></map_icon>
    <bio></bio>
    <class>kat_enemy_soldier</class>
    <community>monolith</community> <terrain_sect>stalker_terrain</terrain_sect>
    <snd_config>characters_voice\human\monolith_3\</snd_config>
    <rank>833</rank>
    <reputation>-1048</reputation>
    <visual>actors\newmonolith\stalker_monolith_1_0</visual>
    <supplies></supplies>
#include "gameplay\character_criticals.xml"
#include "gameplay\character_dialogs.xml"
    <start_dialog>hello_dialog</start_dialog>
    </specific_character>
    
    <specific_character id="kat_enemy_soldier_default2" team_default = "1">
    <name>GENERATE_NAME_stalker</name>
    <icon>ui_inGame2_monolit_2</icon>
    <map_icon x="1" y="0"></map_icon>
    <bio></bio>
    <class>kat_enemy_soldier</class>
    <community>monolith</community> <terrain_sect>stalker_terrain</terrain_sect>
    <snd_config>characters_voice\human\monolith_3\</snd_config>
    <rank>1399</rank>
    <reputation>-428</reputation>
    <visual>actors\newmonolith\stalker_monolith_2_1</visual>
    <supplies></supplies>
#include "gameplay\character_criticals.xml"
#include "gameplay\character_dialogs.xml"
    <start_dialog>hello_dialog</start_dialog>
    </specific_character>
    
    <specific_character id="kat_enemy_soldier_default3" team_default = "1">
    <name>GENERATE_NAME_stalker</name>
    <icon>ui_inGame2_monolit_3</icon>
    <map_icon x="1" y="0"></map_icon>
    <bio></bio>
    <class>kat_enemy_soldier</class>
    <community>monolith</community> <terrain_sect>stalker_terrain</terrain_sect>
    <snd_config>characters_voice\human\monolith_3\</snd_config>
    <rank>9662</rank>
    <reputation>-2407</reputation>
    <visual>actors\newmonolith\stalker_monolith_2_0_nbc</visual>
    <supplies></supplies>
#include "gameplay\character_criticals.xml"
#include "gameplay\character_dialogs.xml"
    <start_dialog>hello_dialog</start_dialog>
    </specific_character>
    
    <specific_character id="kat_enemy_grenadier_default" team_default = "1">
    <name>GENERATE_NAME_stalker</name>
    <icon>ui_inGame2_monolit_2</icon>
    <map_icon x="1" y="0"></map_icon>
    <bio></bio>
    <class>kat_enemy_grenadier</class>
    <community>monolith</community> <terrain_sect>stalker_terrain</terrain_sect>
    <snd_config>characters_voice\human\monolith_3\</snd_config>
    <rank>550</rank>
    <reputation>-616</reputation>
    <visual>actors\newmonolith\stalker_monolith_3_1</visual>
    <supplies></supplies>
#include "gameplay\character_criticals.xml"
#include "gameplay\character_dialogs.xml"
    <start_dialog>hello_dialog</start_dialog>
    </specific_character>
    
    <specific_character id="kat_enemy_sniper_default" team_default = "1">
    <name>GENERATE_NAME_stalker</name>
    <icon>ui_inGame2_monolit_2</icon>
    <map_icon x="1" y="0"></map_icon>
    <bio></bio>
    <class>kat_enemy_sniper</class>
    <community>monolith</community> <terrain_sect>stalker_terrain</terrain_sect>
    <snd_config>characters_voice\human\monolith_3\</snd_config>
    <rank>1322</rank>
    <reputation>-1377</reputation>
    <visual>actors\newmonolith\stalker_monolith_1_1</visual>
    <supplies></supplies>
#include "gameplay\character_criticals.xml"
#include "gameplay\character_dialogs.xml"
    <start_dialog>hello_dialog</start_dialog>
    </specific_character>
    
    <specific_character id="kat_enemy_sniper_strong" team_default = "1">
    <name>GENERATE_NAME_stalker</name>
    <icon>ui_inGame2_monolit_4</icon>
    <map_icon x="1" y="0"></map_icon>
    <bio></bio>
    <class>kat_enemy_sniper_strong</class>
    <community>monolith</community> <terrain_sect>stalker_terrain</terrain_sect>
    <snd_config>characters_voice\human\monolith_3\</snd_config>
    <rank>11332</rank>
    <reputation>1868</reputation>
    <visual>actors\newmonolith\stalker_monolith_1_1</visual>
    <supplies></supplies>
#include "gameplay\character_criticals.xml"
#include "gameplay\character_dialogs.xml"
    <start_dialog>hello_dialog</start_dialog>
    </specific_character>
    
</xml>
