<w>
  	<background x="0" y="0" width="1024" height="768">
		<auto_static x="0" y="-305" width="1080" height="1380" stretch="1">
			<texture>ui\menu_addpiece\test_piece1</texture>
		</auto_static>	
		<auto_static x="15" y="666" width="55" height="64" stretch="1">
			<texture>ui\moty2018</texture>
		</auto_static>
		<auto_static x="70" y="666" width="55" height="64" stretch="1">
			<texture>ui\moty2019</texture>
		</auto_static>
		<auto_static x="130" y="666" width="55" height="64" stretch="1">
			<texture>LogoAMCM.dds</texture>
		</auto_static>
		<auto_static x="180" y="666" width="55" height="64" stretch="1">
			<texture>LogoGAMMA.dds</texture>
		</auto_static>
		<auto_static x="-100" y="15" width="650" height="375" stretch="1">
			<texture>GAMMAMainMenuLogo.dds</texture>
		</auto_static>
		<auto_static x="595" y="35" width="286" height="333" stretch="1">
			<texture>ui\exp_stamp.dds</texture>
		</auto_static>	
		<auto_static x="822" y="213" width="176" height="44" stretch="1">
			<texture>ui\edition_shadow.dds</texture>
		</auto_static>	
		<auto_static x="235" y="675" width="55" height="64" stretch="1">
			<texture>ui\exp_stamp.dds</texture>
		</auto_static>
		
		
    </background>

	<shniaga_wnd x="400" y="419" width="392" height="280">
		<buttons_region x="8" y="0" width="220" height="380" always_show_scroll="false" vert_interval="4"/>
		<shniaga x="7" y="-20" width="219" height="61" stretch="1">
			<texture>ui_inGame2_slider</texture>
			<magnifire x="27" y="18" width="162" height="24" stretch="1">
				<texture>ui_magnifier2</texture>
				<y_offset>1</y_offset>
			</magnifire>
		</shniaga>
	</shniaga_wnd>

	<button h="24"/>

	<menu_main btn_height="34" font="graffiti19" a="255" r="240" g="240" b="240">
		<btn name="btn_newgame"		caption="ui_mm_newgame" />
		<btn name="btn_load"		caption="ui_mm_load_game" />
		<btn name="btn_lastsave"	caption="ui_mm_last_save" />
		<btn name="btn_options"		caption="ui_mm_options_n" />
		<btn name="btn_mcm"			caption="ui_mm_menu_mcm" />
		<btn name="btn_quit"		caption="ui_mm_quit2windows" />
	</menu_main>

	<menu_network_game btn_height="30" font="graffiti19" a="255" r="240" g="240" b="240">
		<btn name="btn_internet"	caption="ui_mp_internet" />
		<btn name="btn_localnet"	caption="ui_mp_localnet" />
		<btn name="btn_new_back"    caption="ui_mm_back" />
	</menu_network_game>

	<menu_main_logout btn_height="30" font="graffiti19" a="255" r="240" g="240" b="240">
		<btn name="btn_newgame"	  	caption="ui_mm_newgame" />
		<btn name="btn_load"		caption="ui_mm_load_game" />
		<btn name="btn_logout"		caption="ui_mm_logout" />
		<btn name="btn_options"		caption="ui_mm_options_n" />
		<btn name="btn_mcm"		caption="ui_mm_menu_mcm" />		
		<btn name="btn_quit"		caption="ui_mm_quit2windows" />
	</menu_main_logout>

	<menu_main_last_save btn_height="30" font="graffiti19" a="255" r="240" g="240" b="240">
		<btn name="btn_newgame"		caption="ui_mm_newgame" />
		<btn name="btn_load"		caption="ui_mm_load_game" />
		<btn name="btn_lastsave"	caption="ui_mm_last_save" />
		<btn name="btn_options"		caption="ui_mm_options_n" />
		<btn name="btn_mcm"		caption="ui_mm_menu_mcm" />
		<btn name="btn_quit"		caption="ui_mm_quit2windows" />
	</menu_main_last_save>

	<menu_new_game btn_height="34" font="graffiti19" a="255" r="240" g="240" b="240">
	    <btn name="btn_novice"		caption="ui_mm_novice" />
		<btn name="btn_stalker"		caption="ui_mm_stalker" />
		<btn name="btn_veteran"		caption="ui_mm_veteran" />
		<btn name="btn_master"		caption="ui_mm_master" />
		<btn name="btn_new_back"	caption="ui_mm_back" />
	</menu_new_game>

	<menu_main_single btn_height="34" font="graffiti19" a="255" r="240" g="240" b="240">
    	<btn name="btn_ret"			caption="ui_mm_return_game" />
		<btn name="btn_lastsave"	caption="ui_mm_last_save" />
		<btn name="btn_load"		caption="ui_mm_load_game" />
		<btn name="btn_save"		caption="ui_mm_save_game" />
		<btn name="btn_options"		caption="ui_mm_options_n" />
		<btn name="btn_mcm"		caption="ui_mm_menu_mcm" />
		<btn name="btn_quit_to_mm"	caption="ui_mm_quit_game" />
		<btn name="btn_quit"		caption="ui_mm_quit2windows" />
	</menu_main_single>

	<menu_main_single_dead btn_height="34" font="graffiti19" a="255" r="240" g="240" b="240">
	    <btn name="btn_lastsave"	caption="ui_mm_last_save" />
		<btn name="btn_load"		caption="ui_mm_load_game" />
		<btn name="btn_options"		caption="ui_mm_options_n" />
		<btn name="btn_mcm"		caption="ui_mm_menu_mcm" />
		<btn name="btn_quit_to_mm"	caption="ui_mm_quit_game" />
		<btn name="btn_quit"		caption="ui_mm_quit2windows" />
	</menu_main_single_dead>

	<menu_main_mm btn_height="34" font="graffiti19" a="255" r="240" g="240" b="240">
	    <btn name="btn_ret"         caption="ui_mm_return_game" />
		<btn name="btn_options"		caption="ui_mm_options_n" />
		<btn name="btn_mcm"		caption="ui_mm_menu_mcm" />
	    <btn name="btn_quit_to_mm"  caption="ui_mm_disconnect" />
	    <btn name="btn_quit"        caption="ui_mm_quit2windows" />
	</menu_main_mm>


	<menu_sound random="0" >
		<!--whell_sound>ui_menu_click</whell_sound-->
		<whell_click>ui_menu_click</whell_click>
		
		<!--menu_music>music\_anomaly_heifehen_defenders_of_the_barrier</menu_music-->
		<menu_music>music\ui_menu_background</menu_music>
    </menu_sound>


	<static_version x="14" y="740">
		<text align="l" font="letterica16" r="0" g="0" b="0" complex_mode="0"/>
	</static_version>
	
	<static_disclaimer x="256" y="640" width="512" height="100">
		<text align="c" font="letterica16" r="0" g="0" b="0" complex_mode="1"/>
	</static_disclaimer>

	<msg_wnd x="0" y="0" width="210" height="100">
	    <background x="0" y="0" width="210" height="100">
		    <texture>ui_icons_PDA_tooltips</texture>
	    </background>
	    <text x="20" y="20" width="190" height="100">
	    	<text font="letterica18" color="ui_6" complex_mode="1" align="l" vert_align="t"/>
	    </text>
	</msg_wnd>
</w>
