<w>
	<background x="0" y="0" width="1024" height="768">
		<auto_static x="0" y="0" width="1024" height="768" stretch="1">
			<texture x="0" y="0" width="1280" height="768">ui\ui_actor_main_menu</texture>
		</auto_static>
	</background>
	<file_item>
	    <main width="392" height="18"/>
	    <fn width="286" height="18"/>
	    <fd width="88" height="18"/>
	</file_item>
    <form x="282" y="200" width="460" height="411" stretch="1">
        <texture>ui_inGame2_opt_main_window</texture>
	    <caption x="10" y="6" width="86" height="24" stretch="1">
		    <text r="170" g="170" b="170" font="graffiti22" align="c" vert_align="c">ui_mm_load_game</text>
	    </caption>
	    <picture x="25" y="83" width="150" height="99" stretch="1">
		    <texture width="128" height="128">ui\ui_noise</texture>
	    </picture>
		<auto_static x="24" y="82" width="152" height="102" stretch="1">
			<texture>ui_inGame2_picture_window</texture>
		</auto_static>
	    <file_caption x="27" y="40" width="417" height="24">
		    <text font="letterica18" vert_align="c"/>
	    </file_caption>
	    <file_data x="184" y="84" width="192" height="50" complex_mode="1">
		    <text font="letterica18"/>
	    </file_data>
	    <list_frame x="24" y="186" width="419" height="187">
		    <texture>ui_inGame2_servers_list_frame</texture>
	    </list_frame>
	    <list x="27" y="186" width="417" height="187" item_height="18" can_select="1">
		    <font font="letterica18"/>
	    </list>
	    <btn_load x="101" y="382" width="86" height="24" stretch="1">
	        <texture>ui_button_ordinary</texture>
	        <text font="letterica18">ui_mm_load</text>
	    </btn_load>
	    <btn_delete x="189" y="382" width="86" height="24" stretch="1">
	        <texture>ui_button_ordinary</texture>
	        <text font="letterica18">ui_mm_delete</text>
	    </btn_delete>
	    <btn_cancel x="277" y="382" width="86" height="24" stretch="1">
	        <texture>ui_button_ordinary</texture>
	        <text font="letterica18">ui_mm_cancel</text>
	    </btn_cancel>
	</form>
</w>
