<?xml version='1.0' encoding="windows-1251"?>
<!--	CoC 1.4.10 - DoctorX Questlines 1.6 -->
<xml>

<!-- Major Kuznetsov (Military Honcho) Character Description -->
    <specific_character id="agr_smart_terrain_1_6_near_2_military_colonel_kovalski" team_default = "1">
		<name>agr_kuznetsov_name</name>
		<icon>ui_inGame2_Kuznetsov</icon>
		<map_icon x="1" y="0">
		</map_icon>
		<bio>??????? ???????. ƒ???????¤ ?????????¤ ???????????.</bio>
		<class>agr_smart_terrain_1_6_near_2_military_colonel_kovalski</class>
		<community>army</community>
		<terrain_sect>stalker_terrain</terrain_sect>
		<rank>16991</rank>
		<reputation>249</reputation>
		<visual>actors\stalker_soldier\stalker_soldier_3_beret</visual>
		<snd_config>characters_voice\human\military_1\</snd_config>
		<supplies>
        [spawn] \n
        wpn_fort \n
        wpn_groza \n
        ammo_9x18_pmm = 1 \n
        ammo_9x39_ap = 1 \n
        hand_radio \n
        wpn_binoc = 1 \n
#include "gameplay\supplies\character_food_army.xml"
#include "gameplay\supplies\character_drugs_2.xml"
#include "gameplay\supplies\character_drugs_mil.xml"
		</supplies>
	
#include "gameplay\character_criticals.xml"

		<actor_dialog>drx_sl_agr_smart_terrain_1_6_near_2_military_colonel_kovalski_game_start_dialog_1</actor_dialog>
		<actor_dialog>drx_sl_cf_task_completed_dialog</actor_dialog>
		<actor_dialog>drx_sl_task_completed_dialog</actor_dialog>
		<actor_dialog>dm_ordered_task_completed_dialog</actor_dialog>
		<actor_dialog>drx_sl_agr_smart_terrain_1_6_near_2_military_colonel_kovalski_meet_dialog</actor_dialog>
                <actor_dialog>est_work_kuznecov</actor_dialog>
                <actor_dialog>work_vip_kuznecov_agr_undr</actor_dialog>
                <actor_dialog>work_vip_kuznecov_x18</actor_dialog>
                <actor_dialog>work_vip_kuznecov_x16</actor_dialog>
                <actor_dialog>work_vip_kuznecov_x10</actor_dialog>
                <actor_dialog>work_vip_kuznecov_x8</actor_dialog>
                <actor_dialog>work_vip_kuznecov_jupiter_ugr</actor_dialog>
                <actor_dialog>work_vip_kuznecov_control_bunker</actor_dialog>
		<actor_dialog>dm_broker_dialog</actor_dialog>
		<actor_dialog>dm_ordered_task_dialog</actor_dialog>
		<actor_dialog>drx_sl_change_faction_dialog</actor_dialog>
		<actor_dialog>actor_break_dialog</actor_dialog>
    </specific_character>

	
<!-- Sergeant Spooner (Military Trader) Character Description -->
    <specific_character id="agr_smart_terrain_1_6_army_trader_stalker" team_default="1">
		<name>agr_smart_terrain_1_6_army_trader_stalker_name</name>
		<icon>ui_inGame2_Spooner</icon>
		<map_icon x="1" y="0"/>
		<bio>??????? ???????. ƒ???????¤ ?????????¤ ???????????.</bio>
		<class>agr_smart_terrain_1_6_army_trader_stalker</class>
		<community>army</community>
		<terrain_sect>stalker_terrain</terrain_sect>
		<rank>13590</rank>
		<reputation>1172</reputation>
		<money min="1000000" max="1000000" infinitive="1"/>
		<visual>actors\stalker_soldier\stalker_soldier4a</visual>
		<snd_config>characters_voice\human\military_1\</snd_config>
		<supplies>
			[spawn] \n
		</supplies>
		
#include "gameplay\character_criticals.xml"

		<start_dialog>hello_dialog</start_dialog>
		<actor_dialog>dm_init_trader</actor_dialog>
		<!-- mlr -->
		<actor_dialog>guid_agr_mlr_military</actor_dialog>
		<actor_dialog>guid_agr_mlr_military_vert</actor_dialog>
		<actor_dialog>guid_agr_mlr_military_list</actor_dialog>
		<actor_dialog>buy_route</actor_dialog>
		<actor_dialog>dm_broker_dialog</actor_dialog>
		<actor_dialog>find_blackbox_mlr_reward_army</actor_dialog>
		<!-- mlr -->
		<actor_dialog>minigames_military</actor_dialog>		
		<actor_dialog>actor_break_dialog</actor_dialog>
		<actor_dialog>armor_exchange_insider_military</actor_dialog>
    </specific_character>

	
<!-- Lieutenant Kirilov (Military Mechanic) Character Description -->
    <specific_character id="agr_smart_terrain_1_6_army_mechanic_stalker" team_default="1">
		<name>agr_smart_terrain_1_6_army_mechanic_stalker_name</name>
		<icon>ui_inGame2_Kirilov</icon>
		<bio>??????? ???????. ƒ???????¤ ?????????¤ ???????????.</bio>
		<class>agr_smart_terrain_1_6_army_mechanic_stalker</class>
		<community>army</community>
		<map_icon x="1" y="0"/>
		<terrain_sect>stalker_terrain</terrain_sect>
		<!--mechanic_mode>1</mechanic_mode-->
		<money min="1000000" max="1000000" infinitive="1"/>
		<rank>9987</rank>
		<reputation>573</reputation>
		<visual>actors\stalker_soldier\stalker_soldier_2</visual>
		<snd_config>characters_voice\human\military_1\</snd_config><!--2-->
		<supplies>
			[spawn] \n
			wpn_ak74 \n
			ammo_5.45x39_fmj = 1 \n
			wpn_pm  \n
			ammo_9x18_fmj = 1 \n
			grenade_rgd5 = 1 \n
#include "gameplay\supplies\character_items_2.xml"
#include "gameplay\supplies\character_food.xml"
#include "gameplay\supplies\character_drugs.xml"
		</supplies>
		
#include "gameplay\character_criticals.xml"
		<actor_dialog>dm_init_trader</actor_dialog>
		<actor_dialog>dm_init_mechanic</actor_dialog>
		<actor_dialog>drx_sl_task_completed_dialog</actor_dialog>
		<actor_dialog>dm_ordered_task_completed_dialog</actor_dialog>
		<actor_dialog>drx_sl_agr_smart_terrain_1_6_army_mechanic_stalker_meet_dialog</actor_dialog>
		<actor_dialog>drx_sl_mechanic_task_dialog</actor_dialog>
		<actor_dialog>dm_encrypted_pda</actor_dialog>
		<actor_dialog>dm_tech_repair</actor_dialog>
		<actor_dialog>awr_tech_dialog_drink_1</actor_dialog>
		<actor_dialog>actor_break_dialog</actor_dialog>
    </specific_character>

	
<!-- (Military Medic) unused -->
	<specific_character id="agr_smart_terrain_1_6_army_medic_stalker" team_default="1">
		<name>agr_smart_terrain_1_6_army_medic_stalker_name</name>
		<icon>ui_inGame2_Rogovets</icon>
		<bio>??????? ???????. ƒ???????¤ ?????????¤ ???????????.</bio>
		<class>agr_smart_terrain_1_6_army_medic_stalker</class>
		<community>army</community>
		<map_icon x="1" y="0"/>
		<terrain_sect>stalker_terrain</terrain_sect>
		<rank>87</rank>
		<reputation>1273</reputation>
		<visual>actors\stalker_soldier\stalker_soldier_2_face_1</visual>
		<snd_config>characters_voice\human\military_1\</snd_config><!--2-->
		<supplies>
	
		</supplies>
	
#include "gameplay\character_criticals.xml"

		<actor_dialog>dm_init_medic</actor_dialog>
		<actor_dialog>dm_medic_general</actor_dialog>
		<actor_dialog>actor_break_dialog</actor_dialog>

    </specific_character>

	
<!-- (Military Medic) -->
	<specific_character id="agr_1_6_medic_army_mlr" team_default="1">
		<name>agr_1_6_medic_army_mlr_name</name>
		<icon>ui_inGame2_Rogovets</icon>
		<map_icon x="1" y="0"></map_icon>
		<bio>No information is available.</bio>
		
		<class>agr_1_6_medic_army_mlr</class>
		<community>army</community>
		<terrain_sect>stalker_terrain</terrain_sect>
		<snd_config>characters_voice\human\military_1\</snd_config><!--2-->
		
		<rank>3000</rank>
		<money min="100000" max="100000" infinitive="1"/>
		<reputation>1000</reputation>
		
		<visual>actors\stalker_soldier\stalker_soldier_2_face_1</visual>
		<supplies>
		[spawn] \n
		wpn_fort \n
		ammo_9x18_fmj = 3 \n
#include "gameplay\supplies\character_items.xml"
#include "gameplay\supplies\character_food.xml"
#include "gameplay\supplies\character_drugs.xml"
		</supplies>
		
#include "gameplay\character_criticals.xml"
		
		<start_dialog>rogovets_hello_1_6_army_mlr</start_dialog>
		<start_dialog>zat_b22_stalker_medic_start</start_dialog>
		<actor_dialog>dm_init_medic</actor_dialog>
		<actor_dialog>dm_medic_general</actor_dialog>
		<actor_dialog>rogovets_about_himself_1_6_army_mlr</actor_dialog>
		<actor_dialog>dm_ordered_task_dialog</actor_dialog>
		<actor_dialog>dm_ordered_task_completed_dialog</actor_dialog>
		<actor_dialog>actor_break_dialog</actor_dialog>
	</specific_character>

	
<!-- Commander, barman in Agroprom -->
	<specific_character id="agr_1_6_barman_army_mlr" team_default="1">
		<name>agr_1_6_barman_army_mlr_name</name>
		<icon>ui_inGame2_barmen_army</icon>
		<map_icon x="1" y="0"></map_icon>
		<bio>No information is available.</bio>
		
		<class>agr_1_6_barman_army_mlr</class>
		<community>army</community>
		<terrain_sect>stalker_terrain</terrain_sect>
		<snd_config>characters_voice\human\military_3\</snd_config>
		
		<rank>3100</rank>
		<money min="100000" max="100000" infinitive="1"/>
		<reputation>1000</reputation>
		
		<visual>actors\stalker_soldier\esc_army_barmen</visual>
		<supplies>
		[spawn] \n
		wpn_fort \n
		ammo_9x18_fmj = 3 \n
#include "gameplay\supplies\character_items.xml"
#include "gameplay\supplies\character_food.xml"
#include "gameplay\supplies\character_drugs.xml"
		</supplies>
		
#include "gameplay\character_criticals.xml"

		<actor_dialog>dm_init_batender</actor_dialog>
		<actor_dialog>barmen_about_himself_1_6_army_mlr</actor_dialog>
		<actor_dialog>minigames_military</actor_dialog>
		<actor_dialog>actor_break_dialog</actor_dialog>
	</specific_character>

</xml>