<w>
	<background x="0" y="0" width="1024" height="768">
		<auto_static x="0" y="0" width="1024" height="768" stretch="1">
			<texture x="0" y="0" width="1280" height="768">ui\ui_actor_main_menu</texture>
		</auto_static>
	</background>
	
	<main x="51" y="23" width="923" height="676">
		<frame x="0" y="0" width="923" height="676" stretch="1">
			<texture>ui_options_background</texture>
		</frame>
		
		<cap_right x="638" y="16" width="275" height="25"  stretch="1">
			<text complex_mode="1" r="250" g="250" b="250" align="c"  vert_align="c" font="letterica18"/>
		</cap_right>
		
		<cap_1 x="12" y="16" width="102" height="25"  stretch="1">
			<text complex_mode="1" r="150" g="150" b="250" align="c"  vert_align="c" font="letterica16"/>
		</cap_1>
		<cap_2 x="123" y="16" width="102" height="25"  stretch="1">
			<text complex_mode="1" r="150" g="150" b="250" align="c"  vert_align="c" font="letterica16"/>
		</cap_2>
		<cap_3 x="233" y="16" width="102" height="25"  stretch="1">
			<text complex_mode="1" r="150" g="150" b="250" align="c"  vert_align="c" font="letterica16"/>
		</cap_3>
		
		<!-- 51 -->
		<tree_1 x="22" y="61" width="94" height="525" right_ident="0" left_ident="0" top_indent="0" bottom_indent="0" vert_interval="0" always_show_scroll="0"/>
		<tree_2 x="128" y="61" width="94" height="525" right_ident="0" left_ident="0" top_indent="0" bottom_indent="0" vert_interval="0" always_show_scroll="0"/>
		<tree_3 x="234" y="61" width="94" height="525" right_ident="0" left_ident="0" top_indent="0" bottom_indent="0" vert_interval="0" always_show_scroll="0"/>
		<st_tree x="0" y="0" width="94" height="25"/>
		
		<frame_1 x="22" y="63" width="92" height="499" stretch="1">
			<texture r="0" g="0" b="0" a="150">ui_icons_PDA_tooltips</texture>
		</frame_1>
		<frame_2 x="133" y="63" width="92" height="499" stretch="1">
			<texture r="0" g="0" b="0" a="150">ui_icons_PDA_tooltips</texture>
		</frame_2>
		<frame_3 x="243" y="63" width="92" height="499" stretch="1">
			<texture r="0" g="0" b="0" a="150">ui_icons_PDA_tooltips</texture>
		</frame_3>
		
		<cap_preset x="638" y="16" width="80" height="25"  stretch="1">
			<text r="180" g="180" b="180" align="c"  vert_align="c" font="letterica18">ui_mm_preset</text>
		</cap_preset>
		<preset x="718" y="19" width="176" height="9020" stretch="1">
            <list_font r="170" g="170" b="170" font="letterica16"/>
			<texture>ui_inGame2_edit_box_2</texture>
		    <text_color>
	            <e r="170" g="170" b="170"/>
	            <d r="70" g="70" b="70"/>
		    </text_color>
        </preset>
		
		<scroll x="340" y="60" width="573" height="606" right_ident="0" left_ident="0" top_indent="0" bottom_indent="0" vert_interval="0" always_show_scroll="0"/>
		<st x="0" y="0" width="573" height="40"/>
		
		<btn_accept x="12" y="626" width="80" height="34" stretch="1">
            <text align="c" font="letterica18">ui_mm_apply</text>
            <texture>ui_button_ordinary</texture>
		</btn_accept>
		<btn_reset x="92" y="626" width="80" height="34" stretch="1">
            <text align="c" font="letterica18">ui_mm_reset</text>
            <texture>ui_button_ordinary</texture>
		</btn_reset>
		<btn_default x="172" y="626" width="80" height="34" stretch="1">
            <text align="c" font="letterica18">ui_mm_default</text>
            <texture>ui_button_ordinary</texture>
		</btn_default>
		<btn_cancel x="172" y="626" width="80" height="34" stretch="1">
            <text align="c" font="letterica18">ui_mm_cancel</text>
            <texture>ui_button_ordinary</texture>
		</btn_cancel>
		
		<notify x="12" y="583" width="323" height="34"  stretch="1">
			<text complex_mode="1" r="250" g="150" b="75" align="c"  vert_align="c" font="letterica18"/>
		</notify>
		<notify_frame x="15" y="587" width="317" height="30"  stretch="1">
			<texture r="0" g="0" b="0" a="150">ui_icons_PDA_dialog_frame</texture>
		</notify_frame>
	</main>
	
	<elements>
		<btn_list x="0" y="0" width="93" height="22" stretch="1">
            <texture>ui_checkbox_TabLED</texture>
        </btn_list>
		<txt_list x="15" y="0" width="93" height="22" stretch="1">
            <text complex_mode="1" r="200" g="200" b="200" align="l"  vert_align="c" font="letterica16"/>
        </txt_list>
		
		<block x="0" y="0" width="573" height="616" stretch="1">
			<text complex_mode="1" r="250" g="100" b="100" align="c"  vert_align="c" font="letterica18"/>
        </block>
		
		<cap x="10" y="5" width="282" height="30" stretch="1">
            <text r="170" g="170" b="170" font="letterica16" align="l" vert_align="c"></text>
        </cap>
		
		<btn_all x="210" y="7" width="60" height="23" stretch="1">
            <texture>ui_button_ordinary</texture>
		</btn_all>
		<cap_all x="210" y="7" width="60" height="23" stretch="1">
			<text r="170" g="170" b="170" align="c" vert_align="c" font="letterica16">ui_mm_btn_apply_all</text>
		</cap_all>
		
		<frame_button x="90" y="20" width="400" height="30" stretch="1">
            <texture>ui_stroketextbox</texture>
		</frame_button>
		<btn_button x="90" y="20" width="400" height="30" stretch="1">
            <texture>ui_button_inv</texture>
		</btn_button>
		<cap_button x="90" y="20" width="400" height="30" stretch="1">
			 <text r="170" g="170" b="170" font="letterica18" align="c" vert_align="c"></text>
		</cap_button>
		
		<line x="10" y="5" width="563" height="16" stretch="1">
	        <texture>ui_inGame2_opt_slider_bar_back</texture>
        </line>
		
		<image x="10" y="0" width="563" height="50" stretch="1"/>
		
		<desc x="10" y="0" width="563" height="50" stretch="1">
			<text complex_mode="1" r="200" g="200" b="200" align="l"  vert_align="c" font="letterica16"/>
        </desc>
		
		<title_l x="20" y="0" width="558" height="50" stretch="1">
			<text complex_mode="1" r="200" g="200" b="200" align="l"  vert_align="c" font="graffiti22"/>
        </title_l>
		<title_c x="20" y="0" width="558" height="50" stretch="1">
			<text complex_mode="1" r="200" g="200" b="200" align="c"  vert_align="c" font="graffiti22"/>
        </title_c>
		<title_r x="20" y="0" width="558" height="50" stretch="1">
			<text complex_mode="1" r="200" g="200" b="200" align="r"  vert_align="c" font="graffiti22"/>
        </title_r>
		
		<slide x="5" y="0" width="563" height="50" stretch="1">
			<line_1 x="0" y="-8" width="563" height="16" stretch="1">
				<texture>ui_inGame2_opt_slider_bar_back</texture>
			</line_1>
			<pic x="0" y="0" width="563" height="50" stretch="1"/>
			<txt x="282" y="0" width="282" height="50" stretch="1">
				<text complex_mode="1" r="200" g="200" b="200" align="c"  vert_align="c" font="graffiti22"/>
			</txt>
			<line_2 x="0" y="42" width="563" height="16" stretch="1">
				<texture>ui_inGame2_opt_slider_bar_back</texture>
			</line_2>
		</slide>
		
		<check x="292" y="8" width="35" height="30" stretch="1">
            <texture>ui_inGame2_checkbox</texture>
        </check>
		
		<list x="292" y="8" width="252" height="9020" stretch="1" list_length="10">
            <list_font r="170" g="170" b="170" font="letterica16"/>
		    <text_color>
	            <e r="170" g="170" b="170"/>
	            <d r="70" g="70" b="70"/>
		    </text_color>
        </list>
		
		<input x="292" y="5" width="252" height="30">
			<text x="5" font="medium" vert_align="c" align="l"/>
			<texture>ui_inGame2_edit_box_2</texture>
		</input>
		
		<track x="292" y="8" width="242" height="16"  stretch="1" step = "1.0"/>
		<track_value x="533" y="5" width="40" height="30"  stretch="1">
			<text complex_mode="1" r="200" g="200" b="250" align="c"  vert_align="c" font="letterica16"/>
		</track_value>
		
		<edit x="292" y="5" width="100" height="30" align="l">
			<text x="5" r="170" g="170" b="170" font="letterica16" vert_align="c" align="1"/>
			<auto_static x="0" y="0" width="100" height="30" stretch="1">
				<texture a="255" r="26" g="34" b="26">ui\ui_console</texture>
			</auto_static>
		</edit>
		
		<radio_horz x="292" y="5" width="272" height="40" stretch="1">
			<btn x="0" y="0" width="35" height="30" stretch="1">
				<texture>ui_radio</texture>
			</btn>
			<txt x="-30" y="30" width="90" height="10" stretch="1">
				<text complex_mode="1" r="200" g="200" b="200" align="c"  vert_align="c" font="letterica16"/>
			</txt>
		</radio_horz>
		
		<radio_vert x="292" y="5" width="272" height="1000" stretch="1">
			<btn x="0" y="0" width="35" height="30" stretch="1">
				<texture>ui_radio</texture>
			</btn>
			<txt x="40" y="30" width="200" height="30" stretch="1">
				<text complex_mode="1" r="200" g="200" b="200" align="l"  vert_align="c" font="letterica16"/>
			</txt>
		</radio_vert>
	</elements>
	
	<!-- keybinds -->
	<tab_size x="340" y="55" width="573" height="606"/>
	<tab_controls>
        <cap_keyboardsetup x="0" y="0" width="573" height="15">
            <texture a="150">ui_inGame2_servers_list_button</texture>
            <auto_static x="8" y="0" width="108" height="15">
                <text r="170" g="170" b="170" font="letterica16" vert_align="c">ui_mm_keyboard_setup</text>
            </auto_static>
        </cap_keyboardsetup>

        <key_binding x="0" y="20" width="573" height="586">
            <header_1 x="0" y="0" width="216" height="15">
                <texture a="150">ui_inGame2_servers_list_button</texture>
                <auto_static x="2" y="0" width="176" height="15">
                    <text r="170" g="170" b="170" font="arial_14" x="2" y="1" align="l" vert_align="c" complex_mode="0">ui_mm_action</text>
                </auto_static>
            </header_1>
            <header_2 x="216" y="0" width="178" height="15">
                <texture a="150">ui_inGame2_servers_list_button</texture>
                <auto_static x="2" y="0" width="178" height="15">
                    <text r="170" g="170" b="170" font="arial_14" x="2" y="1" align="l" vert_align="c" complex_mode="0">ui_mm_key</text>
                </auto_static>
            </header_2>
            <auto_frameline x="394" y="0" width="114" height="15">
                <texture>ui_inGame2_servers_list_button</texture>
            </auto_frameline>
            <header_3 x="394" y="0" width="178" height="15">
                <texture a="150">ui_inGame2_empty_frameline_15</texture>
                <auto_static x="2" y="0" width="178" height="15">
                    <text r="170" g="170" b="170" font="arial_14" x="2" y="1" align="l" vert_align="c" complex_mode="0">ui_mm_alternative</text>
                </auto_static>
            </header_3>

            <frame x="0" y="16" width="573" height="570">
                <texture>ui_inGame2_servers_list_frame</texture>
            </frame>

            <scroll_view x="2" y="17" width="573" height="570" always_show_scroll="1" vert_interval="3">
                <item_group x="0" y="0" width="160" height="40">
                    <text r="250" g="150" b="75" font="letterica18" vert_align="b"/>
                </item_group>

                <item_key x="0" y="0" width="573" height="18">
                    <text r="170" g="170" b="170" font="letterica16"/>
                </item_key>
            </scroll_view>
        </key_binding>
    </tab_controls>

	<!-- Lighting controls -->
	<ctrl_lighting x="265" y="500" width="512" height="150" stretch="1">
		<frame x="0" y="0" width="512" height="150" stretch="1">
			<texture r="0" g="0" b="0" a="150">ui_icons_PDA_tooltips</texture>
		</frame>
		
		<cap_main x="0" y="10" width="512" height="30" stretch="1">
			<text r="250" g="250" b="250" font="letterica18" align="c" vert_align="c">ui_mm_video_basic_lighting</text>
		</cap_main>

		<scroll x="20" y="50" width="472" height="100" right_ident="0" left_ident="0" top_indent="0" bottom_indent="0" vert_interval="0" always_show_scroll="0"/>
		<st x="0" y="0" width="472" height="30"/>
		
		<cap x="0" y="0" width="100" height="20" stretch="1">
			<text r="200" g="200" b="200" font="letterica16" align="l" vert_align="c">ui_mm_video_basic_gamma</text>
		</cap>
		<track x="80" y="0" width="350" height="16"  stretch="1" step = "1.0"/>
		<num x="440" y="0" width="50" height="20" stretch="1">
			<text complex_mode="1" r="200" g="150" b="100" align="l"  vert_align="c" font="letterica16"/>
		</num>
	</ctrl_lighting>
	
<!-- Hint -->
	<hint_wnd x="0" y="0" width="300" height="100">
	    <background x="0" y="0" width="300" height="100">
		    <texture>ui_icons_PDA_tooltips</texture>
	    </background>
	    <text x="20" y="20" width="275" height="100">
	    	<text font="letterica18" r="140" g="140" b="140" complex_mode="1" align="l" vert_align="c"/>
	    </text>
	</hint_wnd>
</w>