<w>
	<file name="ui\items\ui_battery_low_power">
		<texture id="ui_battery_low_power" x="0" y="0" width="64" height="64"/>
		<texture id="ui_battery_low_power_empty" x="0" y="63" width="1" height="1"/>
	</file>
	<file name="ui\items\ui_pda">
		<texture id="ui_npc_pda_frame" x="0" y="0" width="829" height="570" />
	</file>

	<!-- Details -->
	<file name="ui\items\ui_details">
		<texture id="ui_itm_details" x="0" y="0" width="768" height="512" />
		<texture id="ui_itm_line" x="0" y="1008" width="768" height="16" />
	</file>

	<!-- Craft -->
	<file name="ui\items\ui_craft_tools_basic">
		<texture id="ui_itm_basickit" x="0" y="0" width="737" height="578" />
	</file>
	<file name="ui\items\ui_craft_tools_advanced">
		<texture id="ui_itm_advancedkit" x="0" y="0" width="737" height="578" />
		<texture id="ui_craft_lines_2i" x="0" y="720" width="536" height="304" />
	</file>
	<file name="ui\items\ui_craft_tools_expert">
		<texture id="ui_itm_expertkit" x="0" y="0" width="737" height="578" />
		<texture id="ui_craft_lines_3i" x="0" y="720" width="536" height="304" />
	</file>
	<file name="ui\items\ui_craft_kit_ammo">
		<texture id="ui_itm_ammokit" x="0" y="0" width="737" height="578" />
	</file>
	<file name="ui\items\ui_craft_kit_drug">
		<texture id="ui_itm_drugkit" x="0" y="0" width="737" height="578" />
	</file>
	
	<!-- Repair -->
	<file name="ui\items\ui_repair_1">
		<texture id="ui_itm_repair_1" x="0" y="0" width="1024" height="768"/>
	</file>
	<file name="ui\items\ui_repair_2">
		<texture id="ui_itm_repair_2" x="0" y="0" width="1024" height="768"/>
	</file>
	<file name="ui\items\ui_repair_3">
		<texture id="ui_itm_repair_3" x="0" y="0" width="1024" height="768"/>
	</file>
	<file name="ui\items\ui_repair_4">
		<texture id="ui_itm_repair_4" x="0" y="0" width="1024" height="768"/>
	</file>
	<file name="ui\items\ui_repair_4">
		<texture id="ui_itm_repair_5" x="0" y="0" width="1024" height="768"/>
	</file>
	
	<!-- Cook -->
	<file name="ui\items\ui_cook_0">
		<texture id="ui_itm_cook" x="0" y="0" width="1024" height="768"/>
	</file>
	
	<!-- Maps -->
	<file name="ui\items\ui_map_main">
		<texture id="ui_itm_map_frame" x="0" y="0" width="1024" height="768"/>
	</file>
	<file name="ui\items\ui_map_1">
		<texture id="ui_itm_map_l08_yantar" x="0" y="0" width="711" height="504"/>
		<texture id="ui_itm_map_l03_agroprom" x="0" y="504" width="711" height="504"/>
	</file>
	<file name="ui\items\ui_map_2">
		<texture id="ui_itm_map_l02_garbage" x="0" y="0" width="711" height="504"/>
		<texture id="ui_itm_map_jupiter" x="0" y="504" width="711" height="504"/>
	</file>
	<file name="ui\items\ui_map_3">
		<texture id="ui_itm_map_zaton" x="0" y="0" width="711" height="504"/>
		<texture id="ui_itm_map_l07_military" x="0" y="504" width="711" height="504"/>
	</file>
	<file name="ui\items\ui_map_4">
		<texture id="ui_itm_map_k02_trucks_cemetery" x="0" y="0" width="711" height="504"/>
		<texture id="ui_itm_map_l09_deadcity" x="0" y="504" width="711" height="504"/>
	</file>
	<file name="ui\items\ui_map_5">
		<texture id="ui_itm_map_l10_red_forest" x="0" y="0" width="711" height="504"/>
	</file>
	
	<!-- Companions -->
	<file name="ui\items\ui_companion_inv">
		<texture id="ui_companion_inventory" x="0" y="0" width="1024" height="768" />
	</file>

	<!-- Mutant loot -->
	<file name="ui\ui_loot_interface">
		<texture id="ui_loot_window" x="0" y="0" width="350" height="512" />
    </file>
	<file name="ui\items\ui_mutant_loot">
		<texture id="ui_mutant_loot_frame" x="0" y="0" width="295" height="140" />
	</file>
	
	<!-- Workshop -->
	<file name="ui\items\ui_workshop">
	    <texture id="ui_inGame2_workshop_background" x="0" y="0" width="969" height="669" />
	</file>
	<file name="ui\ui_common">
	    <texture id="ui_inGame2_workshop_info" x="877" y="0" width="77" height="77" />
	</file>

	<!-- Common -->
	<file name="ui\items\ui_item_1">
		<texture id="ui_inGame2_item_1_background" x="0" y="0" width="710" height="674" />
		<texture id="ui_inGame2_item_2_background" x="0" y="0" width="710" height="547" />
		<texture id="ui_inGame2_item_1_inv" x="0" y="748" width="304" height="276" />
		<texture id="ui_inGame2_item_2_inv" x="721" y="669" width="303" height="354" />
		<texture id="ui_inGame2_campfire" x="793" y="0" width="231" height="319" />
	</file>

	<file name="ui\items\common_elements">
		<texture id="ui_button_light_d" x="67" y="428" width="67" height="26" />
		<texture id="ui_button_light_e" x="67" y="428" width="67" height="26" />
		<texture id="ui_button_light_h" x="0" y="428" width="67" height="26" />
		<texture id="ui_button_light_t" x="67" y="428" width="67" height="26" />
		
		<texture id="ui_button_upgr_d" x="696" y="371" width="91" height="44" />
		<texture id="ui_button_upgr_e" x="67" y="428" width="67" height="26" />
		<texture id="ui_button_upgr_h" x="696" y="327" width="91" height="44" />
		<texture id="ui_button_upgr_t" x="696" y="239" width="91" height="44" />
		
		<texture id="ui_inGame2_workshop_repair_inv" x="0" y="0" width="304" height="402" />
		<texture id="ui_inGame2_workshop_craft_inv" x="304" y="0" width="229" height="402" />
		<texture id="ui_inGame2_workshop_craft_menu" x="533" y="0" width="163" height="209" />
		<texture id="ui_inGame2_workshop_craft_recipes" x="533" y="209" width="163" height="162" />
		<texture id="ui_inGame2_workshop_upgrade_inv" x="696" y="0" width="304" height="239" />
		<texture id="ui_inGame2_workshop_upgrade_menu" x="0" y="480" width="589" height="402" />
		<texture id="ui_inGame2_workshop_big_item_menu" x="0" y="882" width="240" height="125" />
		<texture id="ui_inGame2_workshop_toolkit" x="589" y="480" width="205" height="173" />
		
		<texture id="ui_inGame2_workshop_item_window" x="533" y="371" width="125" height="78" />
		<texture id="ui_inGame2_workshop_item_window_clean" x="324" y="402" width="125" height="78" />
		<texture id="ui_inGame2_workshop_item_window_clean_s" x="253" y="402" width="71" height="44" />
		<texture id="ui_inGame2_workshop_item_window_con" x="449" y="402" width="84" height="45" />
		<texture id="ui_inGame2_workshop_dot" x="0" y="402" width="11" height="11" />
		<texture id="ui_inGame2_workshop_line" x="2" y="415" width="3" height="3" />
		<texture id="ui_inGame2_workshop_connector_1" x="913" y="327" width="111" height="127" />
		<texture id="ui_inGame2_workshop_connector_2" x="802" y="327" width="111" height="127" />
		<texture id="ui_inGame2_workshop_connector_3" x="766" y="418" width="36" height="36" />
		
		<texture id="ui_inGame2_workshop_upgr_green" x="696" y="239" width="91" height="44" />
		<texture id="ui_inGame2_workshop_upgr_red" x="696" y="283" width="91" height="44" />
		<texture id="ui_inGame2_workshop_upgr_yellow" x="696" y="327" width="91" height="44" />
		<texture id="ui_inGame2_workshop_upgr_dark" x="696" y="371" width="91" height="44" />
	</file>
	
	<file name="ui\items\ui_toolkits_big">
		<texture id="ui_inGame2_btn_workshop_toolkit_1_d" x="186" y="0" width="186" height="157" /> <!-- disabled -->
		<texture id="ui_inGame2_btn_workshop_toolkit_1_e" x="186" y="0" width="186" height="157" /> <!-- normal -->
		<texture id="ui_inGame2_btn_workshop_toolkit_1_h" x="0" y="0" width="186" height="157" /> <!-- hover -->
		<texture id="ui_inGame2_btn_workshop_toolkit_1_t" x="0" y="0" width="186" height="157" /> <!-- toggle -->
		
		<texture id="ui_inGame2_btn_workshop_toolkit_2_d" x="186" y="157" width="186" height="157" /> <!-- disabled -->
		<texture id="ui_inGame2_btn_workshop_toolkit_2_e" x="186" y="157" width="186" height="157" /> <!-- normal -->
		<texture id="ui_inGame2_btn_workshop_toolkit_2_h" x="0" y="157" width="186" height="157" /> <!-- hover -->
		<texture id="ui_inGame2_btn_workshop_toolkit_2_t" x="0" y="157" width="186" height="157" /> <!-- toggle -->

		<texture id="ui_inGame2_btn_workshop_toolkit_3_d" x="186" y="314" width="186" height="157" /> <!-- disabled -->
		<texture id="ui_inGame2_btn_workshop_toolkit_3_e" x="186" y="314" width="186" height="157" /> <!-- normal -->
		<texture id="ui_inGame2_btn_workshop_toolkit_3_h" x="0" y="314" width="186" height="157" /> <!-- hover -->
		<texture id="ui_inGame2_btn_workshop_toolkit_3_t" x="0" y="314" width="186" height="157" /> <!-- toggle -->

		<texture id="ui_inGame2_btn_workshop_toolkit_4_d" x="186" y="471" width="186" height="157" /> <!-- disabled -->
		<texture id="ui_inGame2_btn_workshop_toolkit_4_e" x="186" y="471" width="186" height="157" /> <!-- normal -->
		<texture id="ui_inGame2_btn_workshop_toolkit_4_h" x="0" y="471" width="186" height="157" /> <!-- hover -->
		<texture id="ui_inGame2_btn_workshop_toolkit_4_t" x="0" y="471" width="186" height="157" /> <!-- toggle -->

		<texture id="ui_inGame2_btn_workshop_toolkit_5_d" x="186" y="628" width="186" height="157" /> <!-- disabled -->
		<texture id="ui_inGame2_btn_workshop_toolkit_5_e" x="186" y="628" width="186" height="157" /> <!-- normal -->
		<texture id="ui_inGame2_btn_workshop_toolkit_5_h" x="0" y="628" width="186" height="157" /> <!-- hover -->
		<texture id="ui_inGame2_btn_workshop_toolkit_5_t" x="0" y="628" width="186" height="157" /> <!-- toggle -->
				
		<texture id="ui_inGame2_btn_workshop_toolkit_6_d" x="186" y="785" width="186" height="157" /> <!-- disabled -->
		<texture id="ui_inGame2_btn_workshop_toolkit_6_e" x="186" y="785" width="186" height="157" /> <!-- normal -->
		<texture id="ui_inGame2_btn_workshop_toolkit_6_h" x="0" y="785" width="186" height="157" /> <!-- hover -->
		<texture id="ui_inGame2_btn_workshop_toolkit_6_t" x="0" y="785" width="186" height="157" /> <!-- toggle -->	
	</file>

	<file name="ui\ui_grid">
		<texture id="ui_button_inv_d" x="0" y="0" width="60" height="64" /> <!-- disabled -->
		<texture id="ui_button_inv_e" x="0" y="0" width="60" height="64" /> <!-- normal -->
		<texture id="ui_button_inv_h" x="65" y="0" width="60" height="64" /> <!-- hover -->
		<texture id="ui_button_inv_t" x="129" y="0" width="60" height="64" /> <!-- toggle -->
	</file>

	<file name="ui\ui_highlight">
		<texture id="ui_button_hl_h" x="0" y="0" width="60" height="64" /> <!-- hover -->
		<texture id="ui_button_hl" x="65" y="0" width="60" height="64" /> <!-- toggle -->
	</file>

	<file name="ui\ui_empty">
		<texture id="ui_button_empty_b" x="0" y="0" width="1" height="1" />
		<texture id="ui_button_empty_d" x="0" y="0" width="1" height="1" />
		<texture id="ui_button_empty_e" x="0" y="0" width="1" height="1" />
		<texture id="ui_button_empty_h" x="0" y="0" width="1" height="1" />
		<texture id="ui_button_empty_t" x="0" y="0" width="1" height="1" />
		<texture id="ui_button_empty" x="0" y="0" width="1" height="1" />
		<texture id="ui_button_empty_back" x="0" y="0" width="1" height="1" />
	</file>
</w>