<specific_character id="sim_default_zombied_0_default_0" team_default = "1">
#include "gameplay\profiles\character_desc_zombied_0.xml"
    <name>GENERATE_NAME_stalker</name>
    <icon>ui_inGame2_Zombied_1</icon>
    <snd_config>characters_voice\human\zombied_1\</snd_config>
    <visual>actors\stalker_zombied\stalker_zombied_1</visual>
</specific_character>

<specific_character id="sim_default_zombied_0_default_1" team_default = "1">
#include "gameplay\profiles\character_desc_zombied_0.xml"
    <name>GENERATE_NAME_stalker</name>
    <icon>ui_inGame2_Zombied_1</icon>
    <snd_config>characters_voice\human\zombied_1\</snd_config>
    <visual>actors\stalker_zombied\stalker_zombied1a</visual>
</specific_character>

<specific_character id="sim_default_zombied_0_default_2" team_default = "1">
#include "gameplay\profiles\character_desc_zombied_0.xml"
    <name>GENERATE_NAME_stalker</name>
    <icon>ui_inGame2_Zombied_1w</icon>
    <snd_config>characters_voice\human\zombied_1\</snd_config>
    <visual>actors\stalker_zombied\stalker_zombied1b</visual>
</specific_character>

<specific_character id="sim_default_zombied_0_default_3" team_default = "1">
#include "gameplay\profiles\character_desc_zombied_0.xml"
    <name>GENERATE_NAME_stalker</name>
    <icon>ui_inGame2_Zombied_1</icon>
    <snd_config>characters_voice\human\zombied_1\</snd_config>
    <visual>actors\stalker_zombied\stalker_zombied1c</visual>
</specific_character>

<specific_character id="sim_default_zombied_0_default_4" team_default = "1">
#include "gameplay\profiles\character_desc_zombied_0.xml"
    <name>GENERATE_NAME_stalker</name>
    <icon>ui_inGame2_Zombied_1</icon>
    <snd_config>characters_voice\human\zombied_1\</snd_config>
    <visual>actors\stalker_zombied\stalker_zombied1d</visual>
</specific_character>

<specific_character id="sim_default_zombied_0_default_5" team_default = "1">
#include "gameplay\profiles\character_desc_zombied_0.xml"
    <name>GENERATE_NAME_stalker</name>
    <icon>ui_inGame2_Zombied_1</icon>
    <snd_config>characters_voice\human\zombied_1\</snd_config>
    <visual>actors\stalker_zombied\stalker_zombied1e</visual>
</specific_character>

<specific_character id="sim_default_zombied_0_default_6" team_default = "1">
#include "gameplay\profiles\character_desc_zombied_0.xml"
    <name>GENERATE_NAME_stalker</name>
    <icon>ui_inGame2_Zombied_1</icon>
    <snd_config>characters_voice\human\zombied_1\</snd_config>
    <visual>actors\stalker_zombied\stalker_zombied1f</visual>
</specific_character>

<specific_character id="sim_default_zombied_0_default_7" team_default = "1">
#include "gameplay\profiles\character_desc_zombied_0.xml"
    <name>GENERATE_NAME_bandit</name>
    <icon>ui_inGame2_Zombied_1</icon>
    <snd_config>characters_voice\human\zombied_1\</snd_config>
    <visual>actors\stalker_zombied\stalker_zombied1g</visual>
</specific_character>

<specific_character id="sim_default_zombied_0_default_8" team_default = "1">
#include "gameplay\profiles\character_desc_zombied_0.xml"
    <name>GENERATE_NAME_bandit</name>
    <icon>ui_inGame2_Zombied_1</icon>
    <snd_config>characters_voice\human\zombied_1\</snd_config>
    <visual>actors\stalker_zombied\stalker_zombied1h</visual>
</specific_character>

<specific_character id="sim_default_zombied_0_default_9" team_default = "1">
#include "gameplay\profiles\character_desc_zombied_0.xml"
    <name>GENERATE_NAME_bandit</name>
    <icon>ui_inGame2_Zombied_1</icon>
    <snd_config>characters_voice\human\zombied_1\</snd_config>
    <visual>actors\stalker_zombied\stalker_zombied1i</visual>
</specific_character>

<specific_character id="sim_default_zombied_0_default_10" team_default = "1">
#include "gameplay\profiles\character_desc_zombied_0.xml"
    <name>GENERATE_NAME_bandit</name>
    <icon>ui_inGame2_Zombied_1</icon>
    <snd_config>characters_voice\human\zombied_1\</snd_config>
    <visual>actors\stalker_zombied\stalker_zombied1j</visual>
</specific_character>

<specific_character id="sim_default_zombied_0_default_11" team_default = "1">
#include "gameplay\profiles\character_desc_zombied_0.xml"
    <name>GENERATE_NAME_stalker</name>
    <icon>ui_inGame2_Zombied_1</icon>
    <snd_config>characters_voice\human\zombied_1\</snd_config>
    <visual>actors\stalker_zombied\stalker_zombied_1_face1</visual>
</specific_character>

<specific_character id="sim_default_zombied_0_default_12" team_default = "1">
#include "gameplay\profiles\character_desc_zombied_0.xml"
    <name>GENERATE_NAME_stalker</name>
    <icon>ui_inGame2_Zombied_1</icon>
    <snd_config>characters_voice\human\zombied_1\</snd_config>
    <visual>actors\stalker_zombied\stalker_zombied1a_face1</visual>
</specific_character>

<specific_character id="sim_default_zombied_0_default_13" team_default = "1">
#include "gameplay\profiles\character_desc_zombied_0.xml"
    <name>GENERATE_NAME_stalker</name>
    <icon>ui_inGame2_Zombied_1w</icon>
    <snd_config>characters_voice\human\zombied_1\</snd_config>
    <visual>actors\stalker_zombied\stalker_zombied1b_face1</visual>
</specific_character>

<specific_character id="sim_default_zombied_0_default_14" team_default = "1">
#include "gameplay\profiles\character_desc_zombied_0.xml"
    <name>GENERATE_NAME_stalker</name>
    <icon>ui_inGame2_Zombied_1</icon>
    <snd_config>characters_voice\human\zombied_1\</snd_config>
    <visual>actors\stalker_zombied\stalker_zombied1c_face1</visual>
</specific_character>

<specific_character id="sim_default_zombied_0_default_15" team_default = "1">
#include "gameplay\profiles\character_desc_zombied_0.xml"
    <name>GENERATE_NAME_stalker</name>
    <icon>ui_inGame2_Zombied_1</icon>
    <snd_config>characters_voice\human\zombied_1\</snd_config>
    <visual>actors\stalker_zombied\stalker_zombied1d_face1</visual>
</specific_character>

<specific_character id="sim_default_zombied_0_default_16" team_default = "1">
#include "gameplay\profiles\character_desc_zombied_0.xml"
    <name>GENERATE_NAME_stalker</name>
    <icon>ui_inGame2_Zombied_1</icon>
    <snd_config>characters_voice\human\zombied_1\</snd_config>
    <visual>actors\stalker_zombied\stalker_zombied1e_face1</visual>
</specific_character>

<specific_character id="sim_default_zombied_0_default_17" team_default = "1">
#include "gameplay\profiles\character_desc_zombied_0.xml"
    <name>GENERATE_NAME_stalker</name>
    <icon>ui_inGame2_Zombied_1</icon>
    <snd_config>characters_voice\human\zombied_1\</snd_config>
    <visual>actors\stalker_zombied\stalker_zombied1f_face1</visual>
</specific_character>

<specific_character id="sim_default_zombied_0_default_18" team_default = "1">
#include "gameplay\profiles\character_desc_zombied_0.xml"
    <name>GENERATE_NAME_bandit</name>
    <icon>ui_inGame2_Zombied_1</icon>
    <snd_config>characters_voice\human\zombied_1\</snd_config>
    <visual>actors\stalker_zombied\stalker_zombied1g_face1</visual>
</specific_character>

<specific_character id="sim_default_zombied_0_default_19" team_default = "1">
#include "gameplay\profiles\character_desc_zombied_0.xml"
    <name>GENERATE_NAME_bandit</name>
    <icon>ui_inGame2_Zombied_1</icon>
    <snd_config>characters_voice\human\zombied_1\</snd_config>
    <visual>actors\stalker_zombied\stalker_zombied1h_face1</visual>
</specific_character>

<specific_character id="sim_default_zombied_0_default_20" team_default = "1">
#include "gameplay\profiles\character_desc_zombied_0.xml"
    <name>GENERATE_NAME_bandit</name>
    <icon>ui_inGame2_Zombied_1</icon>
    <snd_config>characters_voice\human\zombied_1\</snd_config>
    <visual>actors\stalker_zombied\stalker_zombied1i_face1</visual>
</specific_character>

<specific_character id="sim_default_zombied_0_default_21" team_default = "1">
#include "gameplay\profiles\character_desc_zombied_0.xml"
    <name>GENERATE_NAME_bandit</name>
    <icon>ui_inGame2_Zombied_1</icon>
    <snd_config>characters_voice\human\zombied_1\</snd_config>
    <visual>actors\stalker_zombied\stalker_zombied1j_face1</visual>
</specific_character>

<specific_character id="sim_default_zombied_0_default_22" team_default = "1">
#include "gameplay\profiles\character_desc_zombied_0.xml"
    <name>GENERATE_NAME_stalker</name>
    <icon>ui_inGame2_Zombied_1_Mask</icon>
    <snd_config>characters_voice\human\zombied_1\</snd_config>
    <visual>actors\stalker_zombied\stalker_zombied_1_face2</visual>
</specific_character>

<specific_character id="sim_default_zombied_0_default_23" team_default = "1">
#include "gameplay\profiles\character_desc_zombied_0.xml"
    <name>GENERATE_NAME_stalker</name>
    <icon>ui_inGame2_Zombied_1_Mask</icon>
    <snd_config>characters_voice\human\zombied_1\</snd_config>
    <visual>actors\stalker_zombied\stalker_zombied1a_face2</visual>
</specific_character>

<specific_character id="sim_default_zombied_0_default_24" team_default = "1">
#include "gameplay\profiles\character_desc_zombied_0.xml"
    <name>GENERATE_NAME_stalker</name>
    <icon>ui_inGame2_Zombied_1w2</icon>
    <snd_config>characters_voice\human\zombied_1\</snd_config>
    <visual>actors\stalker_zombied\stalker_zombied1b_face2</visual>
</specific_character>

<specific_character id="sim_default_zombied_0_default_25" team_default = "1">
#include "gameplay\profiles\character_desc_zombied_0.xml"
    <name>GENERATE_NAME_stalker</name>
    <icon>ui_inGame2_Zombied_1_Mask</icon>
    <snd_config>characters_voice\human\zombied_1\</snd_config>
    <visual>actors\stalker_zombied\stalker_zombied1c_face2</visual>
</specific_character>

<specific_character id="sim_default_zombied_0_default_26" team_default = "1">
#include "gameplay\profiles\character_desc_zombied_0.xml"
    <name>GENERATE_NAME_stalker</name>
    <icon>ui_inGame2_Zombied_1_Mask</icon>
    <snd_config>characters_voice\human\zombied_1\</snd_config>
    <visual>actors\stalker_zombied\stalker_zombied1d_face2</visual>
</specific_character>

<specific_character id="sim_default_zombied_0_default_27" team_default = "1">
#include "gameplay\profiles\character_desc_zombied_0.xml"
    <name>GENERATE_NAME_stalker</name>
    <icon>ui_inGame2_Zombied_1_Mask</icon>
    <snd_config>characters_voice\human\zombied_1\</snd_config>
    <visual>actors\stalker_zombied\stalker_zombied1e_face2</visual>
</specific_character>

<specific_character id="sim_default_zombied_0_default_28" team_default = "1">
#include "gameplay\profiles\character_desc_zombied_0.xml"
    <name>GENERATE_NAME_stalker</name>
    <icon>ui_inGame2_Zombied_1_Mask</icon>
    <snd_config>characters_voice\human\zombied_1\</snd_config>
    <visual>actors\stalker_zombied\stalker_zombied1f_face2</visual>
</specific_character>

<specific_character id="sim_default_zombied_0_default_29" team_default = "1">
#include "gameplay\profiles\character_desc_zombied_0.xml"
    <name>GENERATE_NAME_bandit</name>
    <icon>ui_inGame2_Zombied_1_Mask</icon>
    <snd_config>characters_voice\human\zombied_1\</snd_config>
    <visual>actors\stalker_zombied\stalker_zombied1g_face2</visual>
</specific_character>

<specific_character id="sim_default_zombied_0_default_30" team_default = "1">
#include "gameplay\profiles\character_desc_zombied_0.xml"
    <name>GENERATE_NAME_bandit</name>
    <icon>ui_inGame2_Zombied_1_Mask</icon>
    <snd_config>characters_voice\human\zombied_1\</snd_config>
    <visual>actors\stalker_zombied\stalker_zombied1h_face2</visual>
</specific_character>

<specific_character id="sim_default_zombied_0_default_31" team_default = "1">
#include "gameplay\profiles\character_desc_zombied_0.xml"
    <name>GENERATE_NAME_bandit</name>
    <icon>ui_inGame2_Zombied_1_Mask</icon>
    <snd_config>characters_voice\human\zombied_1\</snd_config>
    <visual>actors\stalker_zombied\stalker_zombied1i_face2</visual>
</specific_character>

<specific_character id="sim_default_zombied_0_default_32" team_default = "1">
#include "gameplay\profiles\character_desc_zombied_0.xml"
    <name>GENERATE_NAME_bandit</name>
    <icon>ui_inGame2_Zombied_1_Mask</icon>
    <snd_config>characters_voice\human\zombied_1\</snd_config>
    <visual>actors\stalker_zombied\stalker_zombied1j_face2</visual>
</specific_character>

<specific_character id="sim_default_zombied_0_default_33" team_default = "1">
#include "gameplay\profiles\character_desc_zombied_0.xml"
    <name>GENERATE_NAME_bandit</name>
    <icon>ui_inGame2_Zombied_1_Mask</icon>
    <snd_config>characters_voice\human\zombied_1\</snd_config>
    <visual>actors\stalker_zombak\stalker_zombied_ecolog_orange_1</visual>
</specific_character>

<specific_character id="sim_default_zombied_0_default_34" team_default = "1">
#include "gameplay\profiles\character_desc_zombied_0.xml"
    <name>GENERATE_NAME_bandit</name>
    <icon>ui_inGame2_Zombied_1_Mask</icon>
    <snd_config>characters_voice\human\zombied_1\</snd_config>
    <visual>actors\stalker_zombak\stalker_zombied_ecolog_orange_2</visual>
</specific_character>

<specific_character id="sim_default_zombied_0_default_35" team_default = "1">
#include "gameplay\profiles\character_desc_zombied_0.xml"
    <name>GENERATE_NAME_bandit</name>
    <icon>ui_inGame2_Zombied_1_Mask</icon>
    <snd_config>characters_voice\human\zombied_1\</snd_config>
    <visual>actors\stalker_zombak\stalker_zombied_ecolog_orange_3</visual>
</specific_character>

<specific_character id="sim_default_zombied_0_default_36" team_default = "1">
#include "gameplay\profiles\character_desc_zombied_0.xml"
    <name>GENERATE_NAME_bandit</name>
    <icon>ui_inGame2_Zombied_1_Mask</icon>
    <snd_config>characters_voice\human\zombied_1\</snd_config>
    <visual>actors\stalker_zombak\stalker_zombied_ecolog_orange_4</visual>
</specific_character>

<specific_character id="sim_default_zombied_0_default_37" team_default = "1">
#include "gameplay\profiles\character_desc_zombied_0.xml"
    <name>GENERATE_NAME_bandit</name>
    <icon>ui_inGame2_Zombied_1_Mask</icon>
    <snd_config>characters_voice\human\zombied_1\</snd_config>
    <visual>actors\stalker_zombak\stalker_zombied_ecolog_orange_5</visual>
</specific_character>

<specific_character id="sim_default_zombied_0_default_38" team_default = "1">
#include "gameplay\profiles\character_desc_zombied_0.xml"
    <name>GENERATE_NAME_bandit</name>
    <icon>ui_inGame2_Zombied_1_Mask</icon>
    <snd_config>characters_voice\human\zombied_1\</snd_config>
    <visual>actors\stalker_zombak\stalker_zombied_ecolog_orange_6</visual>
</specific_character>

<specific_character id="sim_default_zombied_0_default_39" team_default = "1">
#include "gameplay\profiles\character_desc_zombied_0.xml"
    <name>GENERATE_NAME_bandit</name>
    <icon>ui_inGame2_Zombied_1_Mask</icon>
    <snd_config>characters_voice\human\zombied_1\</snd_config>
    <visual>actors\stalker_zombak\stalker_zombied_ecolog_green_1</visual>
</specific_character>

<specific_character id="sim_default_zombied_0_default_40" team_default = "1">
#include "gameplay\profiles\character_desc_zombied_0.xml"
    <name>GENERATE_NAME_bandit</name>
    <icon>ui_inGame2_Zombied_1_Mask</icon>
    <snd_config>characters_voice\human\zombied_1\</snd_config>
    <visual>actors\stalker_zombak\stalker_zombied_ecolog_green_2</visual>
</specific_character>

<specific_character id="sim_default_zombied_0_default_41" team_default = "1">
#include "gameplay\profiles\character_desc_zombied_0.xml"
    <name>GENERATE_NAME_bandit</name>
    <icon>ui_inGame2_Zombied_1_Mask</icon>
    <snd_config>characters_voice\human\zombied_1\</snd_config>
    <visual>actors\stalker_zombak\stalker_zombied_ecolog_green_3</visual>
</specific_character>

<specific_character id="sim_default_zombied_0_default_42" team_default = "1">
#include "gameplay\profiles\character_desc_zombied_0.xml"
    <name>GENERATE_NAME_bandit</name>
    <icon>ui_inGame2_Zombied_1_Mask</icon>
    <snd_config>characters_voice\human\zombied_1\</snd_config>
    <visual>actors\stalker_zombak\stalker_zombied_ecolog_green_4</visual>
</specific_character>

<specific_character id="sim_default_zombied_0_default_43" team_default = "1">
#include "gameplay\profiles\character_desc_zombied_0.xml"
    <name>GENERATE_NAME_bandit</name>
    <icon>ui_inGame2_Zombied_1_Mask</icon>
    <snd_config>characters_voice\human\zombied_1\</snd_config>
    <visual>actors\stalker_zombak\stalker_zombied_ecolog_green_5</visual>
</specific_character>

<specific_character id="sim_default_zombied_0_default_44" team_default = "1">
#include "gameplay\profiles\character_desc_zombied_0.xml"
    <name>GENERATE_NAME_bandit</name>
    <icon>ui_inGame2_Zombied_1_Mask</icon>
    <snd_config>characters_voice\human\zombied_1\</snd_config>
    <visual>actors\stalker_zombak\stalker_zombied_ecolog_green_6</visual>
</specific_character>




<specific_character id="sim_default_zombied_1_default_0" team_default = "1">
#include "gameplay\profiles\character_desc_zombied_1.xml"
    <name>GENERATE_NAME_stalker</name>
    <icon>ui_inGame2_Zombied_1</icon>
    <snd_config>characters_voice\human\zombied_4\</snd_config>
    <visual>actors\newzombied\stalker_ecolog_guard</visual>
</specific_character>

<specific_character id="sim_default_zombied_1_default_1" team_default = "1">
#include "gameplay\profiles\character_desc_zombied_1.xml"
    <name>GENERATE_NAME_stalker</name>
    <icon>ui_inGame2_Zombied_1</icon>
    <snd_config>characters_voice\human\zombied_4\</snd_config>
    <visual>actors\newzombied\stalker_ecolog_hazmat</visual>
</specific_character>

<specific_character id="sim_default_zombied_1_default_2" team_default = "1">
#include "gameplay\profiles\character_desc_zombied_1.xml"
    <name>GENERATE_NAME_stalker</name>
    <icon>ui_inGame2_Zombied_1w</icon>
    <snd_config>characters_voice\human\zombied_4\</snd_config>
    <visual>actors\newzombied\stalker_ecolog_hazmat_orange</visual>
</specific_character>

<specific_character id="sim_default_zombied_1_default_3" team_default = "1">
#include "gameplay\profiles\character_desc_zombied_1.xml"
    <name>GENERATE_NAME_stalker</name>
    <icon>ui_inGame2_Zombied_1</icon>
    <snd_config>characters_voice\human\zombied_4\</snd_config>
    <visual>actors\newzombied\stalker_soldier_3_gp5</visual>
</specific_character>

<specific_character id="sim_default_zombied_1_default_4" team_default = "1">
#include "gameplay\profiles\character_desc_zombied_1.xml"
    <name>GENERATE_NAME_stalker</name>
    <icon>ui_inGame2_Zombied_1</icon>
    <snd_config>characters_voice\human\zombied_4\</snd_config>
    <visual>actors\newzombied\stalker_soldier_4_1_guns</visual>
</specific_character>

<specific_character id="sim_default_zombied_1_default_5" team_default = "1">
#include "gameplay\profiles\character_desc_zombied_1.xml"
    <name>GENERATE_NAME_stalker</name>
    <icon>ui_inGame2_Zombied_1</icon>
    <snd_config>characters_voice\human\zombied_4\</snd_config>
    <visual>actors\newzombied\stalker_soldier_4_2_guns</visual>
</specific_character>

<specific_character id="sim_default_zombied_1_default_6" team_default = "1">
#include "gameplay\profiles\character_desc_zombied_1.xml"
    <name>GENERATE_NAME_stalker</name>
    <icon>ui_inGame2_Zombied_1</icon>
    <snd_config>characters_voice\human\zombied_4\</snd_config>
    <visual>actors\newzombied\stalker_soldier_4_3_guns</visual>
</specific_character>

<specific_character id="sim_default_zombied_1_default_7" team_default = "1">
#include "gameplay\profiles\character_desc_zombied_1.xml"
    <name>GENERATE_NAME_bandit</name>
    <icon>ui_inGame2_Zombied_1</icon>
    <snd_config>characters_voice\human\zombied_4\</snd_config>
    <visual>actors\newzombied\stalker_soldier_4_guns</visual>
</specific_character>

<specific_character id="sim_default_zombied_1_default_8" team_default = "1">
#include "gameplay\profiles\character_desc_zombied_1.xml"
    <name>GENERATE_NAME_bandit</name>
    <icon>ui_inGame2_Zombied_1</icon>
    <snd_config>characters_voice\human\zombied_4\</snd_config>
    <visual>actors\newzombied\stalker_soldier3d_beret</visual>
</specific_character>

<specific_character id="sim_default_zombied_1_default_9" team_default = "1">
#include "gameplay\profiles\character_desc_zombied_1.xml"
    <name>GENERATE_NAME_stalker</name>
    <icon>ui_inGame2_Zombied_1</icon>
    <snd_config>characters_voice\human\zombied_4\</snd_config>
    <visual>actors\newzombied\stalker_soldier_3_gp7</visual>
</specific_character>

<specific_character id="sim_default_zombied_1_default_10" team_default = "1">
#include "gameplay\profiles\character_desc_zombied_1.xml"
    <name>GENERATE_NAME_bandit</name>
    <icon>ui_inGame2_Zombied_1</icon>
    <snd_config>characters_voice\human\zombied_1\</snd_config>
    <visual>actors\stalker_zombied\stalker_zombied1j</visual>
</specific_character>

<specific_character id="sim_default_zombied_1_default_11" team_default = "1">
#include "gameplay\profiles\character_desc_zombied_1.xml"
    <name>GENERATE_NAME_stalker</name>
    <icon>ui_inGame2_Zombied_1</icon>
    <snd_config>characters_voice\human\zombied_1\</snd_config>
    <visual>actors\stalker_zombied\stalker_zombied_1_face1</visual>
</specific_character>

<specific_character id="sim_default_zombied_1_default_12" team_default = "1">
#include "gameplay\profiles\character_desc_zombied_1.xml"
    <name>GENERATE_NAME_stalker</name>
    <icon>ui_inGame2_Zombied_1</icon>
    <snd_config>characters_voice\human\zombied_1\</snd_config>
    <visual>actors\stalker_zombied\stalker_zombied1a_face1</visual>
</specific_character>

<specific_character id="sim_default_zombied_1_default_13" team_default = "1">
#include "gameplay\profiles\character_desc_zombied_1.xml"
    <name>GENERATE_NAME_stalker</name>
    <icon>ui_inGame2_Zombied_1w</icon>
    <snd_config>characters_voice\human\zombied_1\</snd_config>
    <visual>actors\stalker_zombied\stalker_zombied1b_face1</visual>
</specific_character>

<specific_character id="sim_default_zombied_1_default_14" team_default = "1">
#include "gameplay\profiles\character_desc_zombied_1.xml"
    <name>GENERATE_NAME_stalker</name>
    <icon>ui_inGame2_Zombied_1</icon>
    <snd_config>characters_voice\human\zombied_1\</snd_config>
    <visual>actors\stalker_zombied\stalker_zombied1c_face1</visual>
</specific_character>

<specific_character id="sim_default_zombied_1_default_15" team_default = "1">
#include "gameplay\profiles\character_desc_zombied_1.xml"
    <name>GENERATE_NAME_stalker</name>
    <icon>ui_inGame2_Zombied_1</icon>
    <snd_config>characters_voice\human\zombied_1\</snd_config>
    <visual>actors\stalker_zombied\stalker_zombied1d_face1</visual>
</specific_character>

<specific_character id="sim_default_zombied_1_default_16" team_default = "1">
#include "gameplay\profiles\character_desc_zombied_1.xml"
    <name>GENERATE_NAME_stalker</name>
    <icon>ui_inGame2_Zombied_1</icon>
    <snd_config>characters_voice\human\zombied_1\</snd_config>
    <visual>actors\stalker_zombied\stalker_zombied1e_face1</visual>
</specific_character>

<specific_character id="sim_default_zombied_1_default_17" team_default = "1">
#include "gameplay\profiles\character_desc_zombied_1.xml"
    <name>GENERATE_NAME_stalker</name>
    <icon>ui_inGame2_Zombied_1</icon>
    <snd_config>characters_voice\human\zombied_1\</snd_config>
    <visual>actors\stalker_zombied\stalker_zombied1f_face1</visual>
</specific_character>

<specific_character id="sim_default_zombied_1_default_18" team_default = "1">
#include "gameplay\profiles\character_desc_zombied_1.xml"
    <name>GENERATE_NAME_bandit</name>
    <icon>ui_inGame2_Zombied_1</icon>
    <snd_config>characters_voice\human\zombied_1\</snd_config>
    <visual>actors\stalker_zombied\stalker_zombied1g_face1</visual>
</specific_character>

<specific_character id="sim_default_zombied_1_default_19" team_default = "1">
#include "gameplay\profiles\character_desc_zombied_1.xml"
    <name>GENERATE_NAME_bandit</name>
    <icon>ui_inGame2_Zombied_1</icon>
    <snd_config>characters_voice\human\zombied_1\</snd_config>
    <visual>actors\stalker_zombied\stalker_zombied1h_face1</visual>
</specific_character>

<specific_character id="sim_default_zombied_1_default_20" team_default = "1">
#include "gameplay\profiles\character_desc_zombied_1.xml"
    <name>GENERATE_NAME_bandit</name>
    <icon>ui_inGame2_Zombied_1</icon>
    <snd_config>characters_voice\human\zombied_1\</snd_config>
    <visual>actors\stalker_zombied\stalker_zombied1i_face1</visual>
</specific_character>

<specific_character id="sim_default_zombied_1_default_21" team_default = "1">
#include "gameplay\profiles\character_desc_zombied_1.xml"
    <name>GENERATE_NAME_bandit</name>
    <icon>ui_inGame2_Zombied_1</icon>
    <snd_config>characters_voice\human\zombied_1\</snd_config>
    <visual>actors\stalker_zombied\stalker_zombied1j_face1</visual>
</specific_character>

<specific_character id="sim_default_zombied_1_default_22" team_default = "1">
#include "gameplay\profiles\character_desc_zombied_1.xml"
    <name>GENERATE_NAME_stalker</name>
    <icon>ui_inGame2_Zombied_1_Mask</icon>
    <snd_config>characters_voice\human\zombied_1\</snd_config>
    <visual>actors\stalker_zombied\stalker_zombied_1_face2</visual>
</specific_character>

<specific_character id="sim_default_zombied_1_default_23" team_default = "1">
#include "gameplay\profiles\character_desc_zombied_1.xml"
    <name>GENERATE_NAME_stalker</name>
    <icon>ui_inGame2_Zombied_1_Mask</icon>
    <snd_config>characters_voice\human\zombied_1\</snd_config>
    <visual>actors\stalker_zombied\stalker_zombied1a_face2</visual>
</specific_character>

<specific_character id="sim_default_zombied_1_default_24" team_default = "1">
#include "gameplay\profiles\character_desc_zombied_1.xml"
    <name>GENERATE_NAME_stalker</name>
    <icon>ui_inGame2_Zombied_1w2</icon>
    <snd_config>characters_voice\human\zombied_1\</snd_config>
    <visual>actors\stalker_zombied\stalker_zombied1b_face2</visual>
</specific_character>

<specific_character id="sim_default_zombied_1_default_25" team_default = "1">
#include "gameplay\profiles\character_desc_zombied_1.xml"
    <name>GENERATE_NAME_stalker</name>
    <icon>ui_inGame2_Zombied_1_Mask</icon>
    <snd_config>characters_voice\human\zombied_1\</snd_config>
    <visual>actors\stalker_zombied\stalker_zombied1c_face2</visual>
</specific_character>

<specific_character id="sim_default_zombied_1_default_26" team_default = "1">
#include "gameplay\profiles\character_desc_zombied_1.xml"
    <name>GENERATE_NAME_stalker</name>
    <icon>ui_inGame2_Zombied_1_Mask</icon>
    <snd_config>characters_voice\human\zombied_1\</snd_config>
    <visual>actors\stalker_zombied\stalker_zombied1d_face2</visual>
</specific_character>

<specific_character id="sim_default_zombied_1_default_27" team_default = "1">
#include "gameplay\profiles\character_desc_zombied_1.xml"
    <name>GENERATE_NAME_stalker</name>
    <icon>ui_inGame2_Zombied_1_Mask</icon>
    <snd_config>characters_voice\human\zombied_1\</snd_config>
    <visual>actors\stalker_zombied\stalker_zombied1e_face2</visual>
</specific_character>

<specific_character id="sim_default_zombied_1_default_28" team_default = "1">
#include "gameplay\profiles\character_desc_zombied_1.xml"
    <name>GENERATE_NAME_stalker</name>
    <icon>ui_inGame2_Zombied_1_Mask</icon>
    <snd_config>characters_voice\human\zombied_1\</snd_config>
    <visual>actors\stalker_zombied\stalker_zombied1f_face2</visual>
</specific_character>

<specific_character id="sim_default_zombied_1_default_29" team_default = "1">
#include "gameplay\profiles\character_desc_zombied_1.xml"
    <name>GENERATE_NAME_bandit</name>
    <icon>ui_inGame2_Zombied_1_Mask</icon>
    <snd_config>characters_voice\human\zombied_1\</snd_config>
    <visual>actors\stalker_zombied\stalker_zombied1g_face2</visual>
</specific_character>

<specific_character id="sim_default_zombied_1_default_30" team_default = "1">
#include "gameplay\profiles\character_desc_zombied_1.xml"
    <name>GENERATE_NAME_bandit</name>
    <icon>ui_inGame2_Zombied_1_Mask</icon>
    <snd_config>characters_voice\human\zombied_1\</snd_config>
    <visual>actors\stalker_zombied\stalker_zombied1h_face2</visual>
</specific_character>

<specific_character id="sim_default_zombied_1_default_31" team_default = "1">
#include "gameplay\profiles\character_desc_zombied_1.xml"
    <name>GENERATE_NAME_bandit</name>
    <icon>ui_inGame2_Zombied_1_Mask</icon>
    <snd_config>characters_voice\human\zombied_1\</snd_config>
    <visual>actors\stalker_zombied\stalker_zombied1i_face2</visual>
</specific_character>

<specific_character id="sim_default_zombied_1_default_32" team_default = "1">
#include "gameplay\profiles\character_desc_zombied_1.xml"
    <name>GENERATE_NAME_bandit</name>
    <icon>ui_inGame2_Zombied_1_Mask</icon>
    <snd_config>characters_voice\human\zombied_1\</snd_config>
    <visual>actors\stalker_zombied\stalker_zombied1j_face2</visual>
</specific_character>

<specific_character id="sim_default_zombied_1_default_33" team_default = "1">
#include "gameplay\profiles\character_desc_zombied_1.xml"
    <name>GENERATE_NAME_bandit</name>
    <icon>ui_inGame2_Zombied_1_Mask</icon>
    <snd_config>characters_voice\human\zombied_1\</snd_config>
    <visual>actors\stalker_zombak\stalker_zombied_ecolog_orange_1</visual>
</specific_character>

<specific_character id="sim_default_zombied_1_default_34" team_default = "1">
#include "gameplay\profiles\character_desc_zombied_1.xml"
    <name>GENERATE_NAME_bandit</name>
    <icon>ui_inGame2_Zombied_1_Mask</icon>
    <snd_config>characters_voice\human\zombied_1\</snd_config>
    <visual>actors\stalker_zombak\stalker_zombied_ecolog_orange_2</visual>
</specific_character>

<specific_character id="sim_default_zombied_1_default_35" team_default = "1">
#include "gameplay\profiles\character_desc_zombied_1.xml"
    <name>GENERATE_NAME_bandit</name>
    <icon>ui_inGame2_Zombied_1_Mask</icon>
    <snd_config>characters_voice\human\zombied_1\</snd_config>
    <visual>actors\stalker_zombak\stalker_zombied_ecolog_orange_3</visual>
</specific_character>

<specific_character id="sim_default_zombied_1_default_36" team_default = "1">
#include "gameplay\profiles\character_desc_zombied_1.xml"
    <name>GENERATE_NAME_bandit</name>
    <icon>ui_inGame2_Zombied_1_Mask</icon>
    <snd_config>characters_voice\human\zombied_1\</snd_config>
    <visual>actors\stalker_zombak\stalker_zombied_ecolog_orange_4</visual>
</specific_character>

<specific_character id="sim_default_zombied_1_default_37" team_default = "1">
#include "gameplay\profiles\character_desc_zombied_1.xml"
    <name>GENERATE_NAME_bandit</name>
    <icon>ui_inGame2_Zombied_1_Mask</icon>
    <snd_config>characters_voice\human\zombied_1\</snd_config>
    <visual>actors\stalker_zombak\stalker_zombied_ecolog_orange_5</visual>
</specific_character>

<specific_character id="sim_default_zombied_1_default_38" team_default = "1">
#include "gameplay\profiles\character_desc_zombied_1.xml"
    <name>GENERATE_NAME_bandit</name>
    <icon>ui_inGame2_Zombied_1_Mask</icon>
    <snd_config>characters_voice\human\zombied_1\</snd_config>
    <visual>actors\stalker_zombak\stalker_zombied_ecolog_orange_6</visual>
</specific_character>

<specific_character id="sim_default_zombied_1_default_39" team_default = "1">
#include "gameplay\profiles\character_desc_zombied_1.xml"
    <name>GENERATE_NAME_bandit</name>
    <icon>ui_inGame2_Zombied_1_Mask</icon>
    <snd_config>characters_voice\human\zombied_1\</snd_config>
    <visual>actors\stalker_zombak\stalker_zombied_ecolog_green_1</visual>
</specific_character>

<specific_character id="sim_default_zombied_1_default_40" team_default = "1">
#include "gameplay\profiles\character_desc_zombied_1.xml"
    <name>GENERATE_NAME_bandit</name>
    <icon>ui_inGame2_Zombied_1_Mask</icon>
    <snd_config>characters_voice\human\zombied_1\</snd_config>
    <visual>actors\stalker_zombak\stalker_zombied_ecolog_green_2</visual>
</specific_character>

<specific_character id="sim_default_zombied_1_default_41" team_default = "1">
#include "gameplay\profiles\character_desc_zombied_1.xml"
    <name>GENERATE_NAME_bandit</name>
    <icon>ui_inGame2_Zombied_1_Mask</icon>
    <snd_config>characters_voice\human\zombied_1\</snd_config>
    <visual>actors\stalker_zombak\stalker_zombied_ecolog_green_3</visual>
</specific_character>

<specific_character id="sim_default_zombied_1_default_42" team_default = "1">
#include "gameplay\profiles\character_desc_zombied_1.xml"
    <name>GENERATE_NAME_bandit</name>
    <icon>ui_inGame2_Zombied_1_Mask</icon>
    <snd_config>characters_voice\human\zombied_1\</snd_config>
    <visual>actors\stalker_zombak\stalker_zombied_ecolog_green_4</visual>
</specific_character>

<specific_character id="sim_default_zombied_1_default_43" team_default = "1">
#include "gameplay\profiles\character_desc_zombied_1.xml"
    <name>GENERATE_NAME_bandit</name>
    <icon>ui_inGame2_Zombied_1_Mask</icon>
    <snd_config>characters_voice\human\zombied_1\</snd_config>
    <visual>actors\stalker_zombak\stalker_zombied_ecolog_green_5</visual>
</specific_character>

<specific_character id="sim_default_zombied_1_default_44" team_default = "1">
#include "gameplay\profiles\character_desc_zombied_1.xml"
    <name>GENERATE_NAME_bandit</name>
    <icon>ui_inGame2_Zombied_1_Mask</icon>
    <snd_config>characters_voice\human\zombied_1\</snd_config>
    <visual>actors\stalker_zombak\stalker_zombied_ecolog_green_6</visual>
</specific_character>



<specific_character id="sim_default_zombied_2_default_0" team_default = "1">
#include "gameplay\profiles\character_desc_zombied_2.xml"
    <name>GENERATE_NAME_stalker</name>
    <icon>ui_inGame2_Zombied_2</icon>
    <snd_config>characters_voice\human\zombied_4\</snd_config>
    <visual>actors\newzombied\stalker_ecolog_guard</visual>
</specific_character>

<specific_character id="sim_default_zombied_2_default_1" team_default = "1">
#include "gameplay\profiles\character_desc_zombied_2.xml"
    <name>GENERATE_NAME_stalker</name>
    <icon>ui_inGame2_Zombied_2</icon>
    <snd_config>characters_voice\human\zombied_4\</snd_config>
    <visual>actors\newzombied\stalker_ecolog_hazmat</visual>
</specific_character>

<specific_character id="sim_default_zombied_2_default_2" team_default = "1">
#include "gameplay\profiles\character_desc_zombied_2.xml"
    <name>GENERATE_NAME_stalker</name>
    <icon>ui_inGame2_Zombied_2</icon>
    <snd_config>characters_voice\human\zombied_4\</snd_config>
    <visual>actors\newzombied\stalker_ecolog_hazmat_orange</visual>
</specific_character>

<specific_character id="sim_default_zombied_2_default_3" team_default = "1">
#include "gameplay\profiles\character_desc_zombied_2.xml"
    <name>GENERATE_NAME_stalker</name>
    <icon>ui_inGame2_Zombied_2</icon>
    <snd_config>characters_voice\human\zombied_4\</snd_config>
    <visual>actors\newzombied\stalker_soldier_3_gp5</visual>
</specific_character>

<specific_character id="sim_default_zombied_2_default_4" team_default = "1">
#include "gameplay\profiles\character_desc_zombied_2.xml"
    <name>GENERATE_NAME_stalker</name>
    <icon>ui_inGame2_Zombied_2</icon>
    <snd_config>characters_voice\human\zombied_4\</snd_config>
    <visual>actors\newzombied\stalker_soldier_3_gp7</visual>
</specific_character>

<specific_character id="sim_default_zombied_2_default_5" team_default = "1">
#include "gameplay\profiles\character_desc_zombied_2.xml"
    <name>GENERATE_NAME_private</name>
    <icon>ui_inGame2_Zombied_2_duty</icon>
    <snd_config>characters_voice\human\zombied_4\</snd_config>
    <visual>actors\newzombied\stalker_soldier_4_1_guns</visual>
</specific_character>

<specific_character id="sim_default_zombied_2_default_6" team_default = "1">
#include "gameplay\profiles\character_desc_zombied_2.xml"
    <name>GENERATE_NAME_sergeant</name>
    <icon>ui_inGame2_Zombied_2_duty</icon>
    <snd_config>characters_voice\human\zombied_4\</snd_config>
    <visual>actors\newzombied\stalker_soldier_4_2_guns</visual>
</specific_character>

<specific_character id="sim_default_zombied_2_default_7" team_default = "1">
#include "gameplay\profiles\character_desc_zombied_2.xml"
    <name>GENERATE_NAME_stalker</name>
    <icon>ui_inGame2_Zombied_2_freedom</icon>
    <snd_config>characters_voice\human\zombied_4\</snd_config>
    <visual>actors\newzombied\stalker_soldier_4_3_guns</visual>
</specific_character>

<specific_character id="sim_default_zombied_2_default_8" team_default = "1">
#include "gameplay\profiles\character_desc_zombied_2.xml"
    <name>GENERATE_NAME_stalker</name>
    <icon>ui_inGame2_Zombied_2_freedom</icon>
    <snd_config>characters_voice\human\zombied_4\</snd_config>
    <visual>actors\newzombied\stalker_soldier_4_guns</visual>
</specific_character>

<specific_character id="sim_default_zombied_2_default_9" team_default = "1">
#include "gameplay\profiles\character_desc_zombied_2.xml"
    <name>GENERATE_NAME_stalker</name>
    <icon>ui_inGame2_Zombied_2_freedom</icon>
    <snd_config>characters_voice\human\zombied_4\</snd_config>
    <visual>actors\newzombied\stalker_soldier3d_beret</visual>
</specific_character>

<specific_character id="sim_default_zombied_2_default_10" team_default = "1">
#include "gameplay\profiles\character_desc_zombied_2.xml"
    <name>GENERATE_NAME_stalker</name>
    <icon>ui_inGame2_Zombied_2_freedom</icon>
    <snd_config>characters_voice\human\zombied_1\</snd_config>
    <visual>actors\stalker_zombied\stalker_zombied2j</visual>
</specific_character>

<specific_character id="sim_default_zombied_2_default_11" team_default = "1">
#include "gameplay\profiles\character_desc_zombied_2.xml"
    <name>GENERATE_NAME_stalker</name>
    <icon>ui_inGame2_Zombied_2_loner</icon>
    <snd_config>characters_voice\human\zombied_1\</snd_config>
    <visual>actors\stalker_zombied\stalker_zombied_2_face1</visual>
</specific_character>

<specific_character id="sim_default_zombied_2_default_12" team_default = "1">
#include "gameplay\profiles\character_desc_zombied_2.xml"
    <name>GENERATE_NAME_stalker</name>
    <icon>ui_inGame2_Zombied_2_loner</icon>
    <snd_config>characters_voice\human\zombied_1\</snd_config>
    <visual>actors\stalker_zombied\stalker_zombied2a_face1</visual>
</specific_character>

<specific_character id="sim_default_zombied_2_default_13" team_default = "1">
#include "gameplay\profiles\character_desc_zombied_2.xml"
    <name>GENERATE_NAME_stalker</name>
    <icon>ui_inGame2_Zombied_2_loner</icon>
    <snd_config>characters_voice\human\zombied_1\</snd_config>
    <visual>actors\stalker_zombied\stalker_zombied2b_face1</visual>
</specific_character>

<specific_character id="sim_default_zombied_2_default_14" team_default = "1">
#include "gameplay\profiles\character_desc_zombied_2.xml"
    <name>GENERATE_NAME_stalker</name>
    <icon>ui_inGame2_Zombied_2_loner</icon>
    <snd_config>characters_voice\human\zombied_1\</snd_config>
    <visual>actors\stalker_zombied\stalker_zombied2c_face1</visual>
</specific_character>

<specific_character id="sim_default_zombied_2_default_15" team_default = "1">
#include "gameplay\profiles\character_desc_zombied_2.xml"
    <name>GENERATE_NAME_stalker</name>
    <icon>ui_inGame2_Zombied_2_loner</icon>
    <snd_config>characters_voice\human\zombied_1\</snd_config>
    <visual>actors\stalker_zombied\stalker_zombied2d_face1</visual>
</specific_character>

<specific_character id="sim_default_zombied_2_default_16" team_default = "1">
#include "gameplay\profiles\character_desc_zombied_2.xml"
    <name>GENERATE_NAME_private</name>
    <icon>ui_inGame2_Zombied_2_duty</icon>
    <snd_config>characters_voice\human\zombied_1\</snd_config>
    <visual>actors\stalker_zombied\stalker_zombied2e_face1</visual>
</specific_character>

<specific_character id="sim_default_zombied_2_default_17" team_default = "1">
#include "gameplay\profiles\character_desc_zombied_2.xml"
    <name>GENERATE_NAME_sergeant</name>
    <icon>ui_inGame2_Zombied_2_duty</icon>
    <snd_config>characters_voice\human\zombied_1\</snd_config>
    <visual>actors\stalker_zombied\stalker_zombied2f_face1</visual>
</specific_character>

<specific_character id="sim_default_zombied_2_default_18" team_default = "1">
#include "gameplay\profiles\character_desc_zombied_2.xml"
    <name>GENERATE_NAME_stalker</name>
    <icon>ui_inGame2_Zombied_2_freedom</icon>
    <snd_config>characters_voice\human\zombied_1\</snd_config>
    <visual>actors\stalker_zombied\stalker_zombied2g_face1</visual>
</specific_character>

<specific_character id="sim_default_zombied_2_default_19" team_default = "1">
#include "gameplay\profiles\character_desc_zombied_2.xml"
    <name>GENERATE_NAME_stalker</name>
    <icon>ui_inGame2_Zombied_2_freedom</icon>
    <snd_config>characters_voice\human\zombied_1\</snd_config>
    <visual>actors\stalker_zombied\stalker_zombied2h_face1</visual>
</specific_character>

<specific_character id="sim_default_zombied_2_default_20" team_default = "1">
#include "gameplay\profiles\character_desc_zombied_2.xml"
    <name>GENERATE_NAME_stalker</name>
    <icon>ui_inGame2_Zombied_2_freedom</icon>
    <snd_config>characters_voice\human\zombied_1\</snd_config>
    <visual>actors\stalker_zombied\stalker_zombied2i_face1</visual>
</specific_character>

<specific_character id="sim_default_zombied_2_default_21" team_default = "1">
#include "gameplay\profiles\character_desc_zombied_2.xml"
    <name>GENERATE_NAME_stalker</name>
    <icon>ui_inGame2_Zombied_2_freedom</icon>
    <snd_config>characters_voice\human\zombied_1\</snd_config>
    <visual>actors\stalker_zombied\stalker_zombied2j_face1</visual>
</specific_character>

<specific_character id="sim_default_zombied_2_default_22" team_default = "1">
#include "gameplay\profiles\character_desc_zombied_2.xml"
    <name>GENERATE_NAME_stalker</name>
    <icon>ui_inGame2_Zombied_2_loner</icon>
    <snd_config>characters_voice\human\zombied_1\</snd_config>
    <visual>actors\stalker_zombied\stalker_zombied_2_face2</visual>
</specific_character>

<specific_character id="sim_default_zombied_2_default_23" team_default = "1">
#include "gameplay\profiles\character_desc_zombied_2.xml"
    <name>GENERATE_NAME_stalker</name>
    <icon>ui_inGame2_Zombied_2_loner</icon>
    <snd_config>characters_voice\human\zombied_1\</snd_config>
    <visual>actors\stalker_zombied\stalker_zombied2a_face2</visual>
</specific_character>

<specific_character id="sim_default_zombied_2_default_24" team_default = "1">
#include "gameplay\profiles\character_desc_zombied_2.xml"
    <name>GENERATE_NAME_stalker</name>
    <icon>ui_inGame2_Zombied_2_loner</icon>
    <snd_config>characters_voice\human\zombied_1\</snd_config>
    <visual>actors\stalker_zombied\stalker_zombied2b_face2</visual>
</specific_character>

<specific_character id="sim_default_zombied_2_default_25" team_default = "1">
#include "gameplay\profiles\character_desc_zombied_2.xml"
    <name>GENERATE_NAME_stalker</name>
    <icon>ui_inGame2_Zombied_2_loner</icon>
    <snd_config>characters_voice\human\zombied_1\</snd_config>
    <visual>actors\stalker_zombied\stalker_zombied2c_face2</visual>
</specific_character>

<specific_character id="sim_default_zombied_2_default_26" team_default = "1">
#include "gameplay\profiles\character_desc_zombied_2.xml"
    <name>GENERATE_NAME_stalker</name>
    <icon>ui_inGame2_Zombied_2_loner</icon>
    <snd_config>characters_voice\human\zombied_1\</snd_config>
    <visual>actors\stalker_zombied\stalker_zombied2d_face2</visual>
</specific_character>

<specific_character id="sim_default_zombied_2_default_27" team_default = "1">
#include "gameplay\profiles\character_desc_zombied_2.xml"
    <name>GENERATE_NAME_private</name>
    <icon>ui_inGame2_Zombied_2_duty</icon>
    <snd_config>characters_voice\human\zombied_1\</snd_config>
    <visual>actors\stalker_zombied\stalker_zombied2e_face2</visual>
</specific_character>

<specific_character id="sim_default_zombied_2_default_28" team_default = "1">
#include "gameplay\profiles\character_desc_zombied_2.xml"
    <name>GENERATE_NAME_sergeant</name>
    <icon>ui_inGame2_Zombied_2_duty</icon>
    <snd_config>characters_voice\human\zombied_1\</snd_config>
    <visual>actors\stalker_zombied\stalker_zombied2f_face2</visual>
</specific_character>

<specific_character id="sim_default_zombied_2_default_29" team_default = "1">
#include "gameplay\profiles\character_desc_zombied_2.xml"
    <name>GENERATE_NAME_stalker</name>
    <icon>ui_inGame2_Zombied_2_freedom</icon>
    <snd_config>characters_voice\human\zombied_1\</snd_config>
    <visual>actors\stalker_zombied\stalker_zombied2g_face2</visual>
</specific_character>

<specific_character id="sim_default_zombied_2_default_30" team_default = "1">
#include "gameplay\profiles\character_desc_zombied_2.xml"
    <name>GENERATE_NAME_stalker</name>
    <icon>ui_inGame2_Zombied_2_freedom</icon>
    <snd_config>characters_voice\human\zombied_1\</snd_config>
    <visual>actors\stalker_zombied\stalker_zombied2h_face2</visual>
</specific_character>

<specific_character id="sim_default_zombied_2_default_31" team_default = "1">
#include "gameplay\profiles\character_desc_zombied_2.xml"
    <name>GENERATE_NAME_stalker</name>
    <icon>ui_inGame2_Zombied_2_freedom</icon>
    <snd_config>characters_voice\human\zombied_1\</snd_config>
    <visual>actors\stalker_zombied\stalker_zombied2i_face2</visual>
</specific_character>

<specific_character id="sim_default_zombied_2_default_32" team_default = "1">
#include "gameplay\profiles\character_desc_zombied_2.xml"
    <name>GENERATE_NAME_stalker</name>
    <icon>ui_inGame2_Zombied_2_freedom</icon>
    <snd_config>characters_voice\human\zombied_1\</snd_config>
    <visual>actors\stalker_zombied\stalker_zombied2j_face2</visual>
</specific_character>

<specific_character id="sim_default_zombied_2_default_33" team_default = "1">
#include "gameplay\profiles\character_desc_zombied_2.xml"
    <name>GENERATE_NAME_stalker</name>
    <icon>ui_inGame2_Zombied_2</icon>
    <snd_config>characters_voice\human\zombied_1\</snd_config>
    <visual>actors\stalker_zombied\stalker_zombied2k</visual>
</specific_character>

<specific_character id="sim_default_zombied_2_default_34" team_default = "1">
#include "gameplay\profiles\character_desc_zombied_2.xml"
    <name>GENERATE_NAME_stalker</name>
    <icon>ui_inGame2_Zombied_2_loner</icon>
    <snd_config>characters_voice\human\zombied_1\</snd_config>
    <visual>actors\stalker_zombied\stalker_zombied2k_face1</visual>
</specific_character>

<specific_character id="sim_default_zombied_2_default_35" team_default = "1">
#include "gameplay\profiles\character_desc_zombied_2.xml"
    <name>GENERATE_NAME_stalker</name>
    <icon>ui_inGame2_Zombied_2_loner</icon>
    <snd_config>characters_voice\human\zombied_1\</snd_config>
    <visual>actors\stalker_zombied\stalker_zombied2k_face2</visual>
</specific_character>

<specific_character id="sim_default_zombied_2_default_36" team_default = "1">
#include "gameplay\profiles\character_desc_zombied_2.xml"
    <name>GENERATE_NAME_stalker</name>
    <icon>ui_inGame2_Zombied_2</icon>
    <snd_config>characters_voice\human\zombied_1\</snd_config>
    <visual>actors\stalker_zombied\stalker_zombied2l</visual>
</specific_character>

<specific_character id="sim_default_zombied_2_default_37" team_default = "1">
#include "gameplay\profiles\character_desc_zombied_2.xml"
    <name>GENERATE_NAME_stalker</name>
    <icon>ui_inGame2_Zombied_2_loner</icon>
    <snd_config>characters_voice\human\zombied_1\</snd_config>
    <visual>actors\stalker_zombied\stalker_zombied2l_face1</visual>
</specific_character>

<specific_character id="sim_default_zombied_2_default_38" team_default = "1">
#include "gameplay\profiles\character_desc_zombied_2.xml"
    <name>GENERATE_NAME_stalker</name>
    <icon>ui_inGame2_Zombied_2_loner</icon>
    <snd_config>characters_voice\human\zombied_1\</snd_config>
    <visual>actors\stalker_zombied\stalker_zombied2l_face2</visual>
</specific_character>

<specific_character id="sim_default_zombied_2_default_39" team_default = "1">
#include "gameplay\profiles\character_desc_zombied_2.xml"
    <name>GENERATE_NAME_stalker</name>
    <icon>ui_inGame2_Zombied_5_merc</icon>
    <snd_config>characters_voice\human\zombied_1\</snd_config>
    <visual>actors\stalker_zombied\stalker_zombied_merecenary_2_face1</visual>
</specific_character>

<specific_character id="sim_default_zombied_2_default_40" team_default = "1">
#include "gameplay\profiles\character_desc_zombied_2.xml"
    <name>GENERATE_NAME_stalker</name>
    <icon>ui_inGame2_Zombied_5_merc2</icon>
    <snd_config>characters_voice\human\zombied_1\</snd_config>
    <visual>actors\stalker_zombied\stalker_zombied_merecenary_2_face2</visual>
</specific_character>

<specific_character id="sim_default_zombied_2_default_41" team_default = "1">
#include "gameplay\profiles\character_desc_zombied_2.xml"
    <name>GENERATE_NAME_stalker</name>
    <icon>ui_inGame2_Zombied_5_merc2</icon>
    <snd_config>characters_voice\human\zombied_1\</snd_config>
    <visual>actors\stalker_zombied\stalker_zombied_merecenary_2_face3</visual>
</specific_character>

<specific_character id="sim_default_zombied_2_default_42" team_default = "1">
#include "gameplay\profiles\character_desc_zombied_2.xml"
    <name>GENERATE_NAME_stalker</name>
    <icon>ui_inGame2_Zombied_5_merc</icon>
    <snd_config>characters_voice\human\zombied_1\</snd_config>
    <visual>actors\stalker_zombied\stalker_zombied_merecenary2a_face1</visual>
</specific_character>

<specific_character id="sim_default_zombied_2_default_43" team_default = "1">
#include "gameplay\profiles\character_desc_zombied_2.xml"
    <name>GENERATE_NAME_stalker</name>
    <icon>ui_inGame2_Zombied_5_merc2</icon>
    <snd_config>characters_voice\human\zombied_1\</snd_config>
    <visual>actors\stalker_zombied\stalker_zombied_merecenary2a_face2</visual>
</specific_character>

<specific_character id="sim_default_zombied_2_default_44" team_default = "1">
#include "gameplay\profiles\character_desc_zombied_2.xml"
    <name>GENERATE_NAME_private</name>
    <icon>ui_inGame2_Zombied_5_merc2</icon>
    <snd_config>characters_voice\human\zombied_1\</snd_config>
    <visual>actors\stalker_zombied\stalker_zombied_merecenary2a_face3</visual>
</specific_character>

<specific_character id="sim_default_zombied_2_default_45" team_default = "1">
#include "gameplay\profiles\character_desc_zombied_2.xml"
    <name>GENERATE_NAME_stalker</name>
    <icon>ui_inGame2_Zombied_5_merc</icon>
    <snd_config>characters_voice\human\zombied_1\</snd_config>
    <visual>actors\stalker_zombied\stalker_zombied_merecenary2b_face1</visual>
</specific_character>

<specific_character id="sim_default_zombied_2_default_46" team_default = "1">
#include "gameplay\profiles\character_desc_zombied_2.xml"
    <name>GENERATE_NAME_stalker</name>
    <icon>ui_inGame2_Zombied_5_merc2</icon>
    <snd_config>characters_voice\human\zombied_1\</snd_config>
    <visual>actors\stalker_zombied\stalker_zombied_merecenary2b_face2</visual>
</specific_character>

<specific_character id="sim_default_zombied_2_default_47" team_default = "1">
#include "gameplay\profiles\character_desc_zombied_2.xml"
    <name>GENERATE_NAME_stalker</name>
    <icon>ui_inGame2_Zombied_5_merc2</icon>
    <snd_config>characters_voice\human\zombied_1\</snd_config>
    <visual>actors\stalker_zombied\stalker_zombied_merecenary2b_face3</visual>
</specific_character>

<specific_character id="sim_default_zombied_2_default_48" team_default = "1">
#include "gameplay\profiles\character_desc_zombied_2.xml"
    <name>GENERATE_NAME_stalker</name>
    <icon>ui_inGame2_Zombied_5_merc</icon>
    <snd_config>characters_voice\human\zombied_1\</snd_config>
    <visual>actors\stalker_zombied\stalker_zombied_merecenary2c_face1</visual>
</specific_character>

<specific_character id="sim_default_zombied_2_default_49" team_default = "1">
#include "gameplay\profiles\character_desc_zombied_2.xml"
    <name>GENERATE_NAME_stalker</name>
    <icon>ui_inGame2_Zombied_5_merc2</icon>
    <snd_config>characters_voice\human\zombied_1\</snd_config>
    <visual>actors\stalker_zombied\stalker_zombied_merecenary2c_face2</visual>
</specific_character>

<specific_character id="sim_default_zombied_2_default_50" team_default = "1">
#include "gameplay\profiles\character_desc_zombied_2.xml"
    <name>GENERATE_NAME_stalker</name>
    <icon>ui_inGame2_Zombied_5_merc2</icon>
    <snd_config>characters_voice\human\zombied_1\</snd_config>
    <visual>actors\stalker_zombied\stalker_zombied_merecenary2c_face3</visual>
</specific_character>

<specific_character id="sim_default_zombied_2_default_51" team_default = "1">
#include "gameplay\profiles\character_desc_zombied_2.xml"
    <name>GENERATE_NAME_bandit</name>
    <icon>ui_inGame2_Zombied_5_bandit2</icon>
    <snd_config>characters_voice\human\zombied_1\</snd_config>
    <visual>actors\stalker_zombied\stalker_zombied_bandit_2_face1</visual>
</specific_character>

<specific_character id="sim_default_zombied_2_default_52" team_default = "1">
#include "gameplay\profiles\character_desc_zombied_2.xml"
    <name>GENERATE_NAME_bandit</name>
    <icon>ui_inGame2_Zombied_5_bandit</icon>
    <snd_config>characters_voice\human\zombied_1\</snd_config>
    <visual>actors\stalker_zombied\stalker_zombied_bandit_2_face2</visual>
</specific_character>

<specific_character id="sim_default_zombied_2_default_53" team_default = "1">
#include "gameplay\profiles\character_desc_zombied_2.xml"
    <name>GENERATE_NAME_bandit</name>
    <icon>ui_inGame2_Zombied_5_bandit</icon>
    <snd_config>characters_voice\human\zombied_1\</snd_config>
    <visual>actors\stalker_zombied\stalker_zombied_bandit_2_face3</visual>
</specific_character>

<specific_character id="sim_default_zombied_2_default_54" team_default = "1">
#include "gameplay\profiles\character_desc_zombied_2.xml"
    <name>GENERATE_NAME_bandit</name>
    <icon>ui_inGame2_Zombied_5_bandit2</icon>
    <snd_config>characters_voice\human\zombied_1\</snd_config>
    <visual>actors\stalker_zombied\stalker_zombied_bandit2a_face1</visual>
</specific_character>

<specific_character id="sim_default_zombied_2_default_55" team_default = "1">
#include "gameplay\profiles\character_desc_zombied_2.xml"
    <name>GENERATE_NAME_bandit</name>
    <icon>ui_inGame2_Zombied_5_bandit</icon>
    <snd_config>characters_voice\human\zombied_1\</snd_config>
    <visual>actors\stalker_zombied\stalker_zombied_bandit2a_face2</visual>
</specific_character>

<specific_character id="sim_default_zombied_2_default_56" team_default = "1">
#include "gameplay\profiles\character_desc_zombied_2.xml"
    <name>GENERATE_NAME_bandit</name>
    <icon>ui_inGame2_Zombied_5_bandit</icon>
    <snd_config>characters_voice\human\zombied_1\</snd_config>
    <visual>actors\stalker_zombied\stalker_zombied_bandit2a_face3</visual>
</specific_character>

<specific_character id="sim_default_zombied_2_default_57" team_default = "1">
#include "gameplay\profiles\character_desc_zombied_2.xml"
    <name>GENERATE_NAME_bandit</name>
    <icon>ui_inGame2_Zombied_1_Mask</icon>
    <snd_config>characters_voice\human\zombied_1\</snd_config>
    <visual>actors\stalker_zombak\stalker_zombied_ecolog_white_1</visual>
</specific_character>

<specific_character id="sim_default_zombied_2_default_58" team_default = "1">
#include "gameplay\profiles\character_desc_zombied_2.xml"
    <name>GENERATE_NAME_bandit</name>
    <icon>ui_inGame2_Zombied_1_Mask</icon>
    <snd_config>characters_voice\human\zombied_1\</snd_config>
    <visual>actors\stalker_zombak\stalker_zombied_ecolog_white_2</visual>
</specific_character>

<specific_character id="sim_default_zombied_2_default_59" team_default = "1">
#include "gameplay\profiles\character_desc_zombied_2.xml"
    <name>GENERATE_NAME_bandit</name>
    <icon>ui_inGame2_Zombied_1_Mask</icon>
    <snd_config>characters_voice\human\zombied_1\</snd_config>
    <visual>actors\stalker_zombak\stalker_zombied_ecolog_white_3</visual>
</specific_character>

<specific_character id="sim_default_zombied_2_default_60" team_default = "1">
#include "gameplay\profiles\character_desc_zombied_2.xml"
    <name>GENERATE_NAME_bandit</name>
    <icon>ui_inGame2_Zombied_1_Mask</icon>
    <snd_config>characters_voice\human\zombied_1\</snd_config>
    <visual>actors\stalker_zombak\stalker_zombied_ecolog_white_4</visual>
</specific_character>

<specific_character id="sim_default_zombied_2_default_61" team_default = "1">
#include "gameplay\profiles\character_desc_zombied_2.xml"
    <name>GENERATE_NAME_bandit</name>
    <icon>ui_inGame2_Zombied_1_Mask</icon>
    <snd_config>characters_voice\human\zombied_1\</snd_config>
    <visual>actors\stalker_zombak\stalker_zombied_ecolog_white_5</visual>
</specific_character>

<specific_character id="sim_default_zombied_2_default_62" team_default = "1">
#include "gameplay\profiles\character_desc_zombied_2.xml"
    <name>GENERATE_NAME_bandit</name>
    <icon>ui_inGame2_Zombied_1_Mask</icon>
    <snd_config>characters_voice\human\zombied_1\</snd_config>
    <visual>actors\stalker_zombak\stalker_zombied_ecolog_white_6</visual>
</specific_character>

<specific_character id="sim_default_zombied_2_default_63" team_default = "1">
#include "gameplay\profiles\character_desc_zombied_2.xml"
    <name>GENERATE_NAME_bandit</name>
    <icon>ui_inGame2_Zombied_1_Mask</icon>
    <snd_config>characters_voice\human\zombied_1\</snd_config>
    <visual>actors\stalker_zombak\stalker_zombied_ecolog_blue_1</visual>
</specific_character>

<specific_character id="sim_default_zombied_2_default_64" team_default = "1">
#include "gameplay\profiles\character_desc_zombied_2.xml"
    <name>GENERATE_NAME_bandit</name>
    <icon>ui_inGame2_Zombied_1_Mask</icon>
    <snd_config>characters_voice\human\zombied_1\</snd_config>
    <visual>actors\stalker_zombak\stalker_zombied_ecolog_blue_2</visual>
</specific_character>

<specific_character id="sim_default_zombied_2_default_65" team_default = "1">
#include "gameplay\profiles\character_desc_zombied_2.xml"
    <name>GENERATE_NAME_bandit</name>
    <icon>ui_inGame2_Zombied_1_Mask</icon>
    <snd_config>characters_voice\human\zombied_1\</snd_config>
    <visual>actors\stalker_zombak\stalker_zombied_ecolog_blue_3</visual>
</specific_character>

<specific_character id="sim_default_zombied_2_default_66" team_default = "1">
#include "gameplay\profiles\character_desc_zombied_2.xml"
    <name>GENERATE_NAME_bandit</name>
    <icon>ui_inGame2_Zombied_1_Mask</icon>
    <snd_config>characters_voice\human\zombied_1\</snd_config>
    <visual>actors\stalker_zombak\stalker_zombied_ecolog_blue_4</visual>
</specific_character>

<specific_character id="sim_default_zombied_2_default_67" team_default = "1">
#include "gameplay\profiles\character_desc_zombied_2.xml"
    <name>GENERATE_NAME_bandit</name>
    <icon>ui_inGame2_Zombied_1_Mask</icon>
    <snd_config>characters_voice\human\zombied_1\</snd_config>
    <visual>actors\stalker_zombak\stalker_zombied_ecolog_blue_5</visual>
</specific_character>

<specific_character id="sim_default_zombied_2_default_68" team_default = "1">
#include "gameplay\profiles\character_desc_zombied_2.xml"
    <name>GENERATE_NAME_bandit</name>
    <icon>ui_inGame2_Zombied_1_Mask</icon>
    <snd_config>characters_voice\human\zombied_1\</snd_config>
    <visual>actors\stalker_zombak\stalker_zombied_ecolog_blue_6</visual>
</specific_character>



<specific_character id="sim_default_zombied_3_default_0" team_default = "1">
#include "gameplay\profiles\character_desc_zombied_3.xml"
    <name>GENERATE_NAME_private</name>
    <icon>ui_inGame2_Zombied_3</icon>
    <snd_config>characters_voice\human\zombied_4\</snd_config>
    <visual>actors\newzombied\stalker_ecolog_guard</visual>
</specific_character>

<specific_character id="sim_default_zombied_3_default_1" team_default = "1">
#include "gameplay\profiles\character_desc_zombied_3.xml"
    <name>GENERATE_NAME_stalker</name>
    <icon>ui_inGame2_Zombied_3_freedom</icon>
    <snd_config>characters_voice\human\zombied_4\</snd_config>
    <visual>actors\newzombied\stalker_ecolog_hazmat</visual>
</specific_character>

<specific_character id="sim_default_zombied_3_default_2" team_default = "1">
#include "gameplay\profiles\character_desc_zombied_3.xml"
    <name>GENERATE_NAME_lieutenant</name>
    <icon>ui_inGame2_Zombied_3</icon>
    <snd_config>characters_voice\human\zombied_4\</snd_config>
    <visual>actors\newzombied\stalker_ecolog_hazmat_orange</visual>
</specific_character>

<specific_character id="sim_default_zombied_3_default_3" team_default = "1">
#include "gameplay\profiles\character_desc_zombied_3.xml"
    <name>GENERATE_NAME_stalker</name>
    <icon>ui_inGame2_Zombied_3_freedom</icon>
    <snd_config>characters_voice\human\zombied_4\</snd_config>
    <visual>actors\newzombied\stalker_soldier_3_gp5</visual>
</specific_character>

<specific_character id="sim_default_zombied_3_default_4" team_default = "1">
#include "gameplay\profiles\character_desc_zombied_3.xml"
    <name>GENERATE_NAME_sergeant</name>
    <icon>ui_inGame2_Zombied_3</icon>
    <snd_config>characters_voice\human\zombied_4\</snd_config>
    <visual>actors\newzombied\stalker_soldier_3_gp7</visual>
</specific_character>

<specific_character id="sim_default_zombied_3_default_5" team_default = "1">
#include "gameplay\profiles\character_desc_zombied_3.xml"
    <name>GENERATE_NAME_private</name>
    <icon>ui_inGame2_Zombied_3</icon>
    <snd_config>characters_voice\human\zombied_4\</snd_config>
    <visual>actors\newzombied\stalker_soldier_4_1_guns</visual>
</specific_character>

<specific_character id="sim_default_zombied_3_default_6" team_default = "1">
#include "gameplay\profiles\character_desc_zombied_3.xml"
    <name>GENERATE_NAME_private</name>
    <icon>ui_inGame2_Zombied_3</icon>
    <snd_config>characters_voice\human\zombied_4\</snd_config>
    <visual>actors\newzombied\stalker_soldier_4_2_guns</visual>
</specific_character>

<specific_character id="sim_default_zombied_3_default_7" team_default = "1">
#include "gameplay\profiles\character_desc_zombied_3.xml"
    <name>GENERATE_NAME_stalker</name>
    <icon>ui_inGame2_Zombied_3_freedom</icon>
    <snd_config>characters_voice\human\zombied_4\</snd_config>
    <visual>actors\newzombied\stalker_soldier_4_3_guns</visual>
</specific_character>

<specific_character id="sim_default_zombied_3_default_8" team_default = "1">
#include "gameplay\profiles\character_desc_zombied_3.xml"
    <name>GENERATE_NAME_lieutenant</name>
    <icon>ui_inGame2_Zombied_3</icon>
    <snd_config>characters_voice\human\zombied_4\</snd_config>
    <visual>actors\newzombied\stalker_soldier_4_guns</visual>
</specific_character>

<specific_character id="sim_default_zombied_3_default_9" team_default = "1">
#include "gameplay\profiles\character_desc_zombied_3.xml"
    <name>GENERATE_NAME_sergeant</name>
    <icon>ui_inGame2_Zombied_3</icon>
    <snd_config>characters_voice\human\zombied_4\</snd_config>
    <visual>actors\newzombied\stalker_soldier3d_beret</visual>
</specific_character>

<specific_character id="sim_default_zombied_3_default_10" team_default = "1">
#include "gameplay\profiles\character_desc_zombied_3.xml"
    <name>GENERATE_NAME_private</name>
    <icon>ui_inGame2_Zombied_3</icon>
    <snd_config>characters_voice\human\zombied_1\</snd_config>
    <visual>actors\stalker_zombied\stalker_zombied_3_face1</visual>
</specific_character>

<specific_character id="sim_default_zombied_3_default_11" team_default = "1">
#include "gameplay\profiles\character_desc_zombied_3.xml"
    <name>GENERATE_NAME_private</name>
    <icon>ui_inGame2_Zombied_3_Mask</icon>
    <snd_config>characters_voice\human\zombied_1\</snd_config>
    <visual>actors\stalker_zombied\stalker_zombied_3_face2</visual>
</specific_character>

<specific_character id="sim_default_zombied_3_default_12" team_default = "1">
#include "gameplay\profiles\character_desc_zombied_3.xml"
    <name>GENERATE_NAME_stalker</name>
    <icon>ui_inGame2_Zombied_3_freedom</icon>
    <snd_config>characters_voice\human\zombied_1\</snd_config>
    <visual>actors\stalker_zombied\stalker_zombied3a_face2</visual>
</specific_character>

<specific_character id="sim_default_zombied_3_default_13" team_default = "1">
#include "gameplay\profiles\character_desc_zombied_3.xml"
    <name>GENERATE_NAME_lieutenant</name>
    <icon>ui_inGame2_Zombied_3_Mask</icon>
    <snd_config>characters_voice\human\zombied_1\</snd_config>
    <visual>actors\stalker_zombied\stalker_zombied_3_face2</visual>
</specific_character>

<specific_character id="sim_default_zombied_3_default_14" team_default = "1">
#include "gameplay\profiles\character_desc_zombied_3.xml"
    <name>GENERATE_NAME_sergeant</name>
    <icon>ui_inGame2_Zombied_3_Mask</icon>
    <snd_config>characters_voice\human\zombied_1\</snd_config>
    <visual>actors\stalker_zombied\stalker_zombied_3_face2</visual>
</specific_character>

<specific_character id="sim_default_zombied_3_default_15" team_default = "1">
#include "gameplay\profiles\character_desc_zombied_3.xml"
    <name>GENERATE_NAME_private</name>
    <icon>ui_inGame2_Zombied_3_Mask</icon>
    <snd_config>characters_voice\human\zombied_1\</snd_config>
    <visual>actors\stalker_zombied\stalker_zombied_3_face2</visual>
</specific_character>

<specific_character id="sim_default_zombied_3_default_16" team_default = "1">
#include "gameplay\profiles\character_desc_zombied_3.xml"
    <name>GENERATE_NAME_bandit</name>
    <icon>ui_inGame2_Zombied_1_Mask</icon>
    <snd_config>characters_voice\human\zombied_1\</snd_config>
    <visual>actors\stalker_zombak\stalker_zombied_ecolog_yellow_1</visual>
</specific_character>

<specific_character id="sim_default_zombied_3_default_17" team_default = "1">
#include "gameplay\profiles\character_desc_zombied_3.xml"
    <name>GENERATE_NAME_bandit</name>
    <icon>ui_inGame2_Zombied_1_Mask</icon>
    <snd_config>characters_voice\human\zombied_1\</snd_config>
    <visual>actors\stalker_zombak\stalker_zombied_ecolog_yellow_2</visual>
</specific_character>

<specific_character id="sim_default_zombied_3_default_18" team_default = "1">
#include "gameplay\profiles\character_desc_zombied_3.xml"
    <name>GENERATE_NAME_bandit</name>
    <icon>ui_inGame2_Zombied_1_Mask</icon>
    <snd_config>characters_voice\human\zombied_1\</snd_config>
    <visual>actors\stalker_zombak\stalker_zombied_ecolog_yellow_3</visual>
</specific_character>

<specific_character id="sim_default_zombied_3_default_19" team_default = "1">
#include "gameplay\profiles\character_desc_zombied_3.xml"
    <name>GENERATE_NAME_bandit</name>
    <icon>ui_inGame2_Zombied_1_Mask</icon>
    <snd_config>characters_voice\human\zombied_1\</snd_config>
    <visual>actors\stalker_zombak\stalker_zombied_ecolog_yellow_4</visual>
</specific_character>

<specific_character id="sim_default_zombied_3_default_20" team_default = "1">
#include "gameplay\profiles\character_desc_zombied_3.xml"
    <name>GENERATE_NAME_bandit</name>
    <icon>ui_inGame2_Zombied_1_Mask</icon>
    <snd_config>characters_voice\human\zombied_1\</snd_config>
    <visual>actors\stalker_zombak\stalker_zombied_ecolog_yellow_5</visual>
</specific_character>

<specific_character id="sim_default_zombied_3_default_21" team_default = "1">
#include "gameplay\profiles\character_desc_zombied_3.xml"
    <name>GENERATE_NAME_bandit</name>
    <icon>ui_inGame2_Zombied_1_Mask</icon>
    <snd_config>characters_voice\human\zombied_1\</snd_config>
    <visual>actors\stalker_zombak\stalker_zombied_ecolog_yellow_6</visual>
</specific_character>



<specific_character id="sim_default_zombied_4_default_0" team_default = "1">
#include "gameplay\profiles\character_desc_zombied_4.xml"
    <name>GENERATE_NAME_stalker</name>
    <icon>ui_inGame2_Zombied_4</icon>
    <snd_config>characters_voice\human\zombied_4\</snd_config>
    <visual>actors\newzombied\stalker_ecolog_guard</visual>
</specific_character>

<specific_character id="sim_default_zombied_4_default_1" team_default = "1">
#include "gameplay\profiles\character_desc_zombied_4.xml"
    <name>GENERATE_NAME_stalker</name>
    <icon>ui_inGame2_Zombied_4_merc</icon>
    <snd_config>characters_voice\human\zombied_4\</snd_config>
    <visual>actors\newzombied\stalker_ecolog_hazmat</visual>
</specific_character>

<specific_character id="sim_default_zombied_4_default_2" team_default = "1">
#include "gameplay\profiles\character_desc_zombied_4.xml"
    <name>GENERATE_NAME_stalker</name>
    <icon>ui_inGame2_Zombied_4_merc</icon>
    <snd_config>characters_voice\human\zombied_4\</snd_config>
    <visual>actors\newzombied\stalker_ecolog_hazmat_orange</visual>
</specific_character>

<specific_character id="sim_default_zombied_4_default_3" team_default = "1">
#include "gameplay\profiles\character_desc_zombied_4.xml"
    <name>GENERATE_NAME_captain</name>
    <icon>ui_inGame2_Zombied_4_duty</icon>
    <snd_config>characters_voice\human\zombied_4\</snd_config>
    <visual>actors\newzombied\stalker_soldier_3_gp5</visual>
</specific_character>

<specific_character id="sim_default_zombied_4_default_4" team_default = "1">
#include "gameplay\profiles\character_desc_zombied_4.xml"
    <name>GENERATE_NAME_captain</name>
    <icon>ui_inGame2_Zombied_4_duty</icon>
    <snd_config>characters_voice\human\zombied_4\</snd_config>
    <visual>actors\newzombied\stalker_soldier_3_gp7</visual>
</specific_character>

<specific_character id="sim_default_zombied_4_default_5" team_default = "1">
#include "gameplay\profiles\character_desc_zombied_4.xml"
    <name>GENERATE_NAME_captain</name>
    <icon>ui_inGame2_Zombied_4_duty</icon>
    <snd_config>characters_voice\human\zombied_4\</snd_config>
    <visual>actors\newzombied\stalker_soldier_4_1_guns</visual>
</specific_character>

<specific_character id="sim_default_zombied_4_default_6" team_default = "1">
#include "gameplay\profiles\character_desc_zombied_4.xml"
    <name>GENERATE_NAME_stalker</name>
    <icon>ui_inGame2_Zombied_4_freedom</icon>
    <snd_config>characters_voice\human\zombied_4\</snd_config>
    <visual>actors\newzombied\stalker_soldier_4_2_guns</visual>
</specific_character>

<specific_character id="sim_default_zombied_4_default_7" team_default = "1">
#include "gameplay\profiles\character_desc_zombied_4.xml"
    <name>GENERATE_NAME_stalker</name>
    <icon>ui_inGame2_Zombied_4_freedom</icon>
    <snd_config>characters_voice\human\zombied_4\</snd_config>
    <visual>actors\newzombied\stalker_soldier_4_3_guns</visual>
</specific_character>

<specific_character id="sim_default_zombied_4_default_8" team_default = "1">
#include "gameplay\profiles\character_desc_zombied_4.xml"
    <name>GENERATE_NAME_stalker</name>
    <icon>ui_inGame2_Zombied_4</icon>
    <snd_config>characters_voice\human\zombied_4\</snd_config>
    <visual>actors\newzombied\stalker_soldier_4_guns</visual>
</specific_character>

<specific_character id="sim_default_zombied_4_default_9" team_default = "1">
#include "gameplay\profiles\character_desc_zombied_4.xml"
    <name>GENERATE_NAME_stalker</name>
    <icon>ui_inGame2_Zombied_4_merc</icon>
    <snd_config>characters_voice\human\zombied_4\</snd_config>
    <visual>actors\newzombied\stalker_soldier3d_beret</visual>
</specific_character>

<specific_character id="sim_default_zombied_4_default_10" team_default = "1">
#include "gameplay\profiles\character_desc_zombied_4.xml"
    <name>GENERATE_NAME_stalker</name>
    <icon>ui_inGame2_Zombied_4_merc</icon>
    <snd_config>characters_voice\human\zombied_1\</snd_config>
    <visual>actors\stalker_zombied\stalker_zombied4b_face1</visual>
</specific_character>

<specific_character id="sim_default_zombied_4_default_11" team_default = "1">
#include "gameplay\profiles\character_desc_zombied_4.xml"
    <name>GENERATE_NAME_captain</name>
    <icon>ui_inGame2_Zombied_4_duty</icon>
    <snd_config>characters_voice\human\zombied_1\</snd_config>
    <visual>actors\stalker_zombied\stalker_zombied4c_face1</visual>
</specific_character>

<specific_character id="sim_default_zombied_4_default_12" team_default = "1">
#include "gameplay\profiles\character_desc_zombied_4.xml"
    <name>GENERATE_NAME_captain</name>
    <icon>ui_inGame2_Zombied_4_duty</icon>
    <snd_config>characters_voice\human\zombied_1\</snd_config>
    <visual>actors\stalker_zombied\stalker_zombied4d_face1</visual>
</specific_character>

<specific_character id="sim_default_zombied_4_default_13" team_default = "1">
#include "gameplay\profiles\character_desc_zombied_4.xml"
    <name>GENERATE_NAME_captain</name>
    <icon>ui_inGame2_Zombied_4_duty</icon>
    <snd_config>characters_voice\human\zombied_1\</snd_config>
    <visual>actors\stalker_zombied\stalker_zombied4e_face1</visual>
</specific_character>

<specific_character id="sim_default_zombied_4_default_14" team_default = "1">
#include "gameplay\profiles\character_desc_zombied_4.xml"
    <name>GENERATE_NAME_stalker</name>
    <icon>ui_inGame2_Zombied_4_freedom</icon>
    <snd_config>characters_voice\human\zombied_1\</snd_config>
    <visual>actors\stalker_zombied\stalker_zombied4f_face1</visual>
</specific_character>

<specific_character id="sim_default_zombied_4_default_15" team_default = "1">
#include "gameplay\profiles\character_desc_zombied_4.xml"
    <name>GENERATE_NAME_stalker</name>
    <icon>ui_inGame2_Zombied_4_freedom</icon>
    <snd_config>characters_voice\human\zombied_1\</snd_config>
    <visual>actors\stalker_zombied\stalker_zombied4g_face1</visual>
</specific_character>

<specific_character id="sim_default_zombied_4_default_16" team_default = "1">
#include "gameplay\profiles\character_desc_zombied_4.xml"
    <name>GENERATE_NAME_stalker</name>
    <icon>ui_inGame2_Zombied_4</icon>
    <snd_config>characters_voice\human\zombied_1\</snd_config>
    <visual>actors\stalker_zombied\stalker_zombied_4_face2</visual>
</specific_character>

<specific_character id="sim_default_zombied_4_default_17" team_default = "1">
#include "gameplay\profiles\character_desc_zombied_4.xml"
    <name>GENERATE_NAME_stalker</name>
    <icon>ui_inGame2_Zombied_4_merc</icon>
    <snd_config>characters_voice\human\zombied_1\</snd_config>
    <visual>actors\stalker_zombied\stalker_zombied4a_face2</visual>
</specific_character>

<specific_character id="sim_default_zombied_4_default_18" team_default = "1">
#include "gameplay\profiles\character_desc_zombied_4.xml"
    <name>GENERATE_NAME_stalker</name>
    <icon>ui_inGame2_Zombied_4_merc</icon>
    <snd_config>characters_voice\human\zombied_1\</snd_config>
    <visual>actors\stalker_zombied\stalker_zombied4b_face2</visual>
</specific_character>

<specific_character id="sim_default_zombied_4_default_19" team_default = "1">
#include "gameplay\profiles\character_desc_zombied_4.xml"
    <name>GENERATE_NAME_captain</name>
    <icon>ui_inGame2_Zombied_4_duty</icon>
    <snd_config>characters_voice\human\zombied_1\</snd_config>
    <visual>actors\stalker_zombied\stalker_zombied4c_face2</visual>
</specific_character>

<specific_character id="sim_default_zombied_4_default_20" team_default = "1">
#include "gameplay\profiles\character_desc_zombied_4.xml"
    <name>GENERATE_NAME_captain</name>
    <icon>ui_inGame2_Zombied_4_duty</icon>
    <snd_config>characters_voice\human\zombied_1\</snd_config>
    <visual>actors\stalker_zombied\stalker_zombied4d_face2</visual>
</specific_character>

<specific_character id="sim_default_zombied_4_default_21" team_default = "1">
#include "gameplay\profiles\character_desc_zombied_4.xml"
    <name>GENERATE_NAME_captain</name>
    <icon>ui_inGame2_Zombied_4_duty</icon>
    <snd_config>characters_voice\human\zombied_1\</snd_config>
    <visual>actors\stalker_zombied\stalker_zombied4e_face2</visual>
</specific_character>

<specific_character id="sim_default_zombied_4_default_22" team_default = "1">
#include "gameplay\profiles\character_desc_zombied_4.xml"
    <name>GENERATE_NAME_stalker</name>
    <icon>ui_inGame2_Zombied_4_freedom</icon>
    <snd_config>characters_voice\human\zombied_1\</snd_config>
    <visual>actors\stalker_zombied\stalker_zombied4f_face2</visual>
</specific_character>

<specific_character id="sim_default_zombied_4_default_23" team_default = "1">
#include "gameplay\profiles\character_desc_zombied_4.xml"
    <name>GENERATE_NAME_stalker</name>
    <icon>ui_inGame2_Zombied_4_freedom</icon>
    <snd_config>characters_voice\human\zombied_1\</snd_config>
    <visual>actors\stalker_zombied\stalker_zombied4g_face2</visual>
</specific_character>

<specific_character id="sim_default_zombied_4_default_24" team_default = "1">
#include "gameplay\profiles\character_desc_zombied_4.xml"
    <name>GENERATE_NAME_captain</name>
    <icon>ui_inGame2_Zombied_4_duty</icon>
    <snd_config>characters_voice\human\zombied_1\</snd_config>
    <visual>actors\stalker_zombied\stalker_zombied4h</visual>
</specific_character>

<specific_character id="sim_default_zombied_4_default_25" team_default = "1">
#include "gameplay\profiles\character_desc_zombied_4.xml"
    <name>GENERATE_NAME_captain</name>
    <icon>ui_inGame2_Zombied_4_duty</icon>
    <snd_config>characters_voice\human\zombied_1\</snd_config>
    <visual>actors\stalker_zombied\stalker_zombied4h_face1</visual>
</specific_character>

<specific_character id="sim_default_zombied_4_default_26" team_default = "1">
#include "gameplay\profiles\character_desc_zombied_4.xml"
    <name>GENERATE_NAME_captain</name>
    <icon>ui_inGame2_Zombied_4_duty</icon>
    <snd_config>characters_voice\human\zombied_1\</snd_config>
    <visual>actors\stalker_zombied\stalker_zombied4h_face2</visual>
</specific_character>

<specific_character id="sim_default_zombied_4_default_27" team_default = "1">
#include "gameplay\profiles\character_desc_zombied_4.xml"
    <name>GENERATE_NAME_stalker</name>
    <icon>ui_inGame2_Zombied_4_freedom</icon>
    <snd_config>characters_voice\human\zombied_1\</snd_config>
    <visual>actors\stalker_zombied\stalker_zombied4i</visual>
</specific_character>

<specific_character id="sim_default_zombied_4_default_28" team_default = "1">
#include "gameplay\profiles\character_desc_zombied_4.xml"
    <name>GENERATE_NAME_stalker</name>
    <icon>ui_inGame2_Zombied_4_freedom</icon>
    <snd_config>characters_voice\human\zombied_1\</snd_config>
    <visual>actors\stalker_zombied\stalker_zombied4i_face1</visual>
</specific_character>

<specific_character id="sim_default_zombied_4_default_29" team_default = "1">
#include "gameplay\profiles\character_desc_zombied_4.xml"
    <name>GENERATE_NAME_stalker</name>
    <icon>ui_inGame2_Zombied_4_freedom</icon>
    <snd_config>characters_voice\human\zombied_1\</snd_config>
    <visual>actors\stalker_zombied\stalker_zombied4i_face2</visual>
</specific_character>

<specific_character id="sim_default_zombied_4_default_30" team_default = "1">
#include "gameplay\profiles\character_desc_zombied_4.xml"
    <name>GENERATE_NAME_bandit</name>
    <icon>ui_inGame2_Zombied_1_Mask</icon>
    <snd_config>characters_voice\human\zombied_1\</snd_config>
    <visual>actors\stalker_zombak\stalker_zombied_ecolog_red_1</visual>
</specific_character>

<specific_character id="sim_default_zombied_4_default_31" team_default = "1">
#include "gameplay\profiles\character_desc_zombied_4.xml"
    <name>GENERATE_NAME_bandit</name>
    <icon>ui_inGame2_Zombied_1_Mask</icon>
    <snd_config>characters_voice\human\zombied_1\</snd_config>
    <visual>actors\stalker_zombak\stalker_zombied_ecolog_red_2</visual>
</specific_character>

<specific_character id="sim_default_zombied_4_default_32" team_default = "1">
#include "gameplay\profiles\character_desc_zombied_4.xml"
    <name>GENERATE_NAME_bandit</name>
    <icon>ui_inGame2_Zombied_1_Mask</icon>
    <snd_config>characters_voice\human\zombied_1\</snd_config>
    <visual>actors\stalker_zombak\stalker_zombied_ecolog_red_3</visual>
</specific_character>

<specific_character id="sim_default_zombied_4_default_33" team_default = "1">
#include "gameplay\profiles\character_desc_zombied_4.xml"
    <name>GENERATE_NAME_bandit</name>
    <icon>ui_inGame2_Zombied_1_Mask</icon>
    <snd_config>characters_voice\human\zombied_1\</snd_config>
    <visual>actors\stalker_zombak\stalker_zombied_ecolog_red_4</visual>
</specific_character>

<specific_character id="sim_default_zombied_4_default_34" team_default = "1">
#include "gameplay\profiles\character_desc_zombied_4.xml"
    <name>GENERATE_NAME_bandit</name>
    <icon>ui_inGame2_Zombied_1_Mask</icon>
    <snd_config>characters_voice\human\zombied_1\</snd_config>
    <visual>actors\stalker_zombak\stalker_zombied_ecolog_red_5</visual>
</specific_character>

<specific_character id="sim_default_zombied_4_default_35" team_default = "1">
#include "gameplay\profiles\character_desc_zombied_4.xml"
    <name>GENERATE_NAME_bandit</name>
    <icon>ui_inGame2_Zombied_1_Mask</icon>
    <snd_config>characters_voice\human\zombied_1\</snd_config>
    <visual>actors\stalker_zombak\stalker_zombied_ecolog_red_6</visual>
</specific_character>
