<?xml version="1.0" encoding="windows-1251" ?>

<!--===========================================================
<
< CHARACTER DESCRIPTIONS FOR LOST TO THE ZONE: HOLLOW BOUNDARIES
<	S.T.A.L.K.E.R.: Anomaly 1.5
<
<	Created by: Tronex
<	Last revised: 09 September 2019
<
<===========================================================-->

<xml>
<!--  Major Hernandez (ISG Leader) - Darkscape  -->
	<specific_character id="ds_domik_isg_leader" team_default = "1">
		<name>ds_domik_isg_leader_name</name>
		<icon>ui_inGame2_Hernandez</icon>
		<map_icon x="1" y="0"></map_icon>
		<bio>No bio.</bio>
		<class>ds_domik_isg_leader</class>
		<community>isg</community> <terrain_sect>stalker_terrain</terrain_sect>
		<snd_config>characters_voice\human\killer_1\</snd_config>
		<rank>25000</rank>
		<reputation>0</reputation>
		<money min="1000000" max="1000000" infinitive="1"/>
		<visual>actors\stalker_isg\stalker_isg_leader</visual>
		<supplies>
			[spawn] \n
			wpn_aug_modern = 1 \n
			ammo_5.56x45_ss190 = 1 \n
			wpn_hpsa = 1 \n
			ammo_9x19_fmj = 1 \n
#include "gameplay\supplies\character_items_nd.xml"
#include "gameplay\supplies\character_food.xml"
#include "gameplay\supplies\character_drugs_3.xml"
#include "gameplay\supplies\character_drugs_sci.xml"
#include "gameplay\supplies\character_drugs_mil.xml"
		</supplies>
#include "gameplay\character_criticals.xml"

		<start_dialog>hb_hernandez_ds_start_dialog</start_dialog>
		<actor_dialog>hb_hernandez_ds_intro_dialog</actor_dialog>
		<actor_dialog>hb_hernandez_about_dushman_dialog</actor_dialog>
		<actor_dialog>hb_hernandez_about_darkscape_dialog</actor_dialog>
		<actor_dialog>hb_hernandez_about_isg_groups_dialog</actor_dialog>
		<actor_dialog>hb_hernandez_about_disguise_dialog</actor_dialog>
		<actor_dialog>hb_hernandez_about_mercs_dialog</actor_dialog>
		<actor_dialog>hb_hernandez_about_operation_dialog</actor_dialog>
		<actor_dialog>hb_hernandez_about_operation_more_dialog</actor_dialog>
		<actor_dialog>dm_init_trader</actor_dialog> ;-- ** ADDED LINE FOR SELLING 4-8-2021 **
		<actor_dialog>armor_exchange_insider_isg</actor_dialog>
		<actor_dialog>hb_hernandez_ds_break_dialog</actor_dialog>
	</specific_character>
  
<!--  Major Hernandez (ISG Leader) - Jupiter  -->
 	<specific_character id="jup_depo_isg_leader" team_default = "1">
		<name>ds_domik_isg_leader_name</name>
		<icon>ui_inGame2_Hernandez</icon>
		<map_icon x="1" y="0"></map_icon>
		<bio>No bio.</bio>
		<class>jup_depo_isg_leader</class>
		<community>isg</community> <terrain_sect>stalker_terrain</terrain_sect>
		<snd_config>characters_voice\human\killer_1\</snd_config>
		<rank>25000</rank>
		<reputation>0</reputation>
		<money min="1000000" max="1000000" infinitive="1"/>
		<visual>actors\stalker_isg\stalker_isg_leader</visual>
		<supplies>
			[spawn] \n
			wpn_aug_modern = 1 \n
			ammo_5.56x45_ss190 = 1 \n
			wpn_hpsa = 1 \n
			ammo_9x19_fmj = 1 \n
#include "gameplay\supplies\character_items_nd.xml"
#include "gameplay\supplies\character_food.xml"
#include "gameplay\supplies\character_drugs_3.xml"
#include "gameplay\supplies\character_drugs_sci.xml"
#include "gameplay\supplies\character_drugs_mil.xml"
		</supplies>
#include "gameplay\character_criticals.xml"

		<start_dialog>hb_hernandez_jup_dushman_intel</start_dialog>
		<!--start_dialog>hb_hernandez_jup_start_dialog</start_dialog-->
		<actor_dialog>dm_init_trader</actor_dialog> ;-- ** ADDED LINE FOR SELLING 4-8-2021 **
		<actor_dialog>hb_hernandez_search_jup_factory_dialog</actor_dialog>
		<actor_dialog>hb_hernandez_found_jupiter_documents_dialog</actor_dialog>
		<actor_dialog>hb_hernandez_start_jup_u_breakthrough_dialog</actor_dialog>
		<actor_dialog>hb_hernandez_found_jup_u_documents_dialog</actor_dialog>
		<actor_dialog>hb_hernandez_search_labs_dialog</actor_dialog>
		<actor_dialog>hb_hernandez_found_labs_docs_dialog</actor_dialog>
		<actor_dialog>hb_hernandez_strelok_pendrive_dialog</actor_dialog>

		<actor_dialog>hb_hernandez_about_jup_factory_dialog</actor_dialog>
		<actor_dialog>hb_hernandez_about_jup_factory_enter_dialog</actor_dialog>
		<actor_dialog>hb_hernandez_about_evidence_dialog</actor_dialog>
		
		<actor_dialog>hb_hernandez_guide_dialog</actor_dialog>
		<actor_dialog>armor_exchange_insider_isg</actor_dialog>
		<actor_dialog>actor_break_dialog</actor_dialog>
	</specific_character>
	
<!--  Lieutenant Maus (ISG Mechanic) - Jupiter  -->
	<specific_character id="jup_depo_isg_tech" team_default = "1">
		<name>jup_depo_isg_tech_name</name>
		<icon>ui_inGame2_Maus</icon>
		<map_icon x="1" y="0"></map_icon>
		<bio>No bio.</bio>
		<class>jup_depo_isg_tech</class>
		<community>isg</community> <terrain_sect>stalker_terrain</terrain_sect>
		<snd_config>characters_voice\human\killer_1\</snd_config>
		<rank>25000</rank>
		<reputation>0</reputation>
		<money min="1000000" max="1000000" infinitive="1"/>
		<visual>actors\stalker_isg\stalker_isg_tech</visual>
		<supplies>
			[spawn] \n
			wpn_aug_modern = 1 \n
			ammo_5.56x45_ss190 = 1 \n
			wpn_hpsa = 1 \n
			ammo_9x19_fmj = 1 \n
#include "gameplay\supplies\character_items_nd.xml"
#include "gameplay\supplies\character_food.xml"
#include "gameplay\supplies\character_drugs_3.xml"
#include "gameplay\supplies\character_drugs_sci.xml"
#include "gameplay\supplies\character_drugs_mil.xml"
		</supplies>
#include "gameplay\character_criticals.xml"

		<start_dialog>hb_maus_start</start_dialog>
		<actor_dialog>dm_init_trader</actor_dialog>
		<actor_dialog>dm_init_mechanic</actor_dialog>
		<actor_dialog>dm_broker_dialog</actor_dialog> ;-- **ADDED for turning in PDAs 4-9-2021**
		<actor_dialog>dm_ordered_task_completed_dialog</actor_dialog>
		<actor_dialog>hb_maus_leave</actor_dialog>
		<actor_dialog>hb_maus_guide</actor_dialog>
		<actor_dialog>drx_sl_mechanic_task_dialog</actor_dialog>
		<actor_dialog>dm_tech_repair</actor_dialog>
		<actor_dialog>dm_encrypted_pda</actor_dialog>
		<actor_dialog>actor_break_dialog</actor_dialog>
		<actor_dialog>armor_exchange_insider_isg</actor_dialog>
	</specific_character>
	
<!--  Strelok (enemy target) - Outskirts  -->
	<specific_character id="stalker_strelok_hb" team_default = "1">
    <name>stalker_strelok_oa_name</name>
    <icon>ui_inGame2_strelok_ico</icon>
    <map_icon x="1" y="0">
    </map_icon>
    <bio>One of the most famous, or infamous, stalkers in the whole Zone.</bio>
    <class>stalker_strelok_hb</class>
    <community>stalker</community>
    <terrain_sect>stalker_terrain</terrain_sect>
    <snd_config>characters_voice\human\stalker_2\</snd_config>
    <rank>31556</rank>
    <reputation>1350</reputation>
    <visual>actors\stalker_neutral\stalker_neutral_strelok</visual>
    <supplies>
        [spawn] \n
		wpn_sig550_luckygun_acog = 1 \n
        ammo_5.56x45_ap = 3 \n
		wpn_colt1911 = 1 \n
        ammo_11.43x23_fmj = 1 \n           
		grenade_f1 = 1 \n
		detector_scientific = 1 \n
		strelok_pendrive = 1\n
#include "gameplay\supplies\character_food_army.xml"
#include "gameplay\supplies\character_drugs_4.xml"
#include "gameplay\supplies\character_drugs_sci.xml"
#include "gameplay\supplies\character_drugs_mil.xml"
    </supplies>
#include "gameplay\character_criticals.xml"

	<start_dialog>hb_strelok_start_dialog</start_dialog>
	<actor_dialog>hb_strelok_escorted_dialog</actor_dialog>
    <actor_dialog>actor_break_dialog</actor_dialog>
    </specific_character>
</xml>