<w>
	<wheel x="292" y="164" width="440" height="420" stretch="1">
		<background x="0" y="0" width="440" height="420" stretch="1">
			<texture>ui_hud2_wheel_ammo</texture>
		</background>
		<extended x="49" y="425" width="341" height="112" stretch="1">
			<texture>ui_hud2_wheel_extent</texture>
		</extended>
		
		<all>
			<box_1 x="40" y="201" width="100" height="70" stretch="1"/>
			<box_2 x="54" y="-2132" width="100" height="70" stretch="1"/>
			<box_3 x="113" y="68" width="100" height="70" stretch="1"/>
			
			<box_4 x="227" y="68" width="100" height="70" stretch="1"/>
			<box_5 x="286" y="-2132" width="100" height="70" stretch="1"/>
			<box_6 x="300" y="201" width="100" height="70" stretch="1"/>
			
			<box_7 x="236" y="297" width="100" height="70" stretch="1"/>
			<box_8 x="170" y="-2331" width="100" height="70" stretch="1"/>
			<box_9 x="103" y="297" width="100" height="70" stretch="1"/>
			
			<box_10 x="69" y="453" width="100" height="70" stretch="1"/>
			<box_11 x="170" y="453" width="100" height="70" stretch="1"/>
			<box_12 x="271" y="453" width="100" height="70" stretch="1"/>
		</all>
		
		<alt>
			<box_1 x="40" y="176" width="100" height="70" stretch="1"/>
			<box_2 x="100" y="-2189" width="100" height="70" stretch="1"/>
			<box_3 x="100" y="89" width="100" height="70" stretch="1"/>
			
			<box_4 x="241" y="89" width="100" height="70" stretch="1"/>
			<box_5 x="300" y="-2176" width="100" height="70" stretch="1"/>
			<box_6 x="300" y="176" width="100" height="70" stretch="1"/>
			
			<box_7 x="228" y="310" width="100" height="70" stretch="1"/>
			<box_8 x="111" y="-2310" width="100" height="70" stretch="1"/>
			<box_9 x="111" y="310" width="100" height="70" stretch="1"/>
			
			<box_10 x="99" y="453" width="100" height="70" stretch="1"/>
			<box_11 x="241" y="453" width="100" height="70" stretch="1"/>
			<box_12 x="241" y="453" width="100" height="70" stretch="1"/>
		</alt>
		
		<result x="170" y="195" width="100" height="70" stretch="1"/>
	</wheel>
	
	<ammo>
		<btn x="0" y="0" width="100" height="50" check_mode="0" stretch="1">
			<texture>ui_button_wheel_light</texture>
		</btn>
		<icon x="0" y="0" width="100" height="50" stretch="1"/>
		<num x="0" y="0" width="100" height="50"  stretch="1">
			<text complex_mode="1" r="200" g="200" b="200" align="c" vert_align="c" font="letterica18"/>
		</num>
		<text x="0" y="40" width="100" height="10"  stretch="1">
			<text complex_mode="1" r="100" g="100" b="100" align="c" vert_align="c" font="letterica16"/>
		</text>
		<text_r x="0" y="50" width="100" height="20"  stretch="1">
			<text complex_mode="1" color="ui_2" align="c" vert_align="c" font="letterica16"/>
		</text_r>
		<highlight x="0" y="0" width="100" height="50" stretch="1">
			<texture>ui_button_wheel_light_h</texture>
		</highlight>
	</ammo>
</w>
