<!--
- @ Version: SCREEN SPACE SHADERS - UPDATE 17
- @ Description: SSS MCM general strings
- @ Author: https://www.moddb.com/members/ascii1457
- @ Mod: https://www.moddb.com/mods/stalker-anomaly/addons/screen-space-shaders
-->

<?xml version="1.0" encoding="UTF-8"?>

<string_table>

	<string id="ui_mcm_menu_ssfx_module">
		<text>SSS Settings</text>
	</string>

	<!-- Buttons -->
	<string id="ui_mcm_ssfx_module_general">
		<text>General</text>
	</string>

	<!-- Rain Module Buttons -->
	<string id="ui_mcm_menu_ssfx_rain_module">
		<text>Rain Enhances</text>
	</string>

	<string id="ui_mcm_menu_ssfx_rain_main">
		<text>Rain</text>
	</string>

	<string id="ui_mcm_menu_ssfx_rain_footsteps">
		<text>Footsteps</text>
	</string>

	<string id="ui_mcm_menu_ssfx_rain_hud_raindrops">
		<text>HUD Raindrops</text>
	</string>
	
	<!-- General Settings -->
	<string id="ui_mcm_ssfx_module_general_title">
		<text>General Settings</text>
	</string>
	
	<string id="ui_mcm_ssfx_module_general_shaderscope_patch_mcm">
		<text>Acitvate SHADER BASED 2D SCOPES support</text>
	</string>

	<!-- Etc -->
	<string id="ui_mcm_ssfx_module_not_installed">
		<text>MODULE NOT INSTALLED</text>
	</string>

	<string id="ui_mcm_lst_ssfx_quality_low">
		<text>Low</text>
	</string>

	<string id="ui_mcm_lst_ssfx_quality_medium">
		<text>Medium</text>
	</string>

	<string id="ui_mcm_lst_ssfx_quality_high">
		<text>High</text>
	</string>

</string_table>