﻿<!-- renegade novice -->
<specific_character id="sim_default_renegade_0_default_0" team_default = "1">
#include "gameplay\profiles\character_desc_renegade_0.xml"
		<icon>ui_inGame2_bandit_1</icon>
		<snd_config>characters_voice\human\bandit_1\</snd_config>
		<visual>actors\newbandit\stalker_bandit_1_0</visual>
</specific_character>

<specific_character id="sim_default_renegade_0_default_1" team_default = "1">
#include "gameplay\profiles\character_desc_renegade_0.xml"
		<icon>ui_inGame2_bandit_1</icon>
		<snd_config>characters_voice\human\bandit_2\</snd_config>
		<visual>actors\newbandit\stalker_bandit_1_1</visual>
</specific_character>

<specific_character id="sim_default_renegade_0_default_2" team_default = "1">
#include "gameplay\profiles\character_desc_renegade_0.xml"
		<icon>ui_inGame2_bandit_1</icon>
		<snd_config>characters_voice\human\bandit_1\</snd_config>
		<visual>actors\newbandit\stalker_bandit_1_2</visual>
</specific_character>

<specific_character id="sim_default_renegade_0_default_3" team_default = "1">
#include "gameplay\profiles\character_desc_renegade_0.xml"
    <icon>ui_inGame2_bandit_1</icon>
    <snd_config>characters_voice\human\bandit_1\</snd_config>
    <visual>actors\newbandit\stalker_bandit_1_3</visual>
</specific_character>

<specific_character id="sim_default_renegade_0_default_4" team_default = "1">
#include "gameplay\profiles\character_desc_renegade_0.xml"
    <icon>ui_inGame2_bandit_1b</icon>
    <snd_config>characters_voice\human\bandit_1\</snd_config>
    <visual>actors\newbandit\stalker_bandit_1_4</visual>
</specific_character>

<specific_character id="sim_default_renegade_0_default_5" team_default = "1">
#include "gameplay\profiles\character_desc_renegade_0.xml"
    <icon>ui_inGame2_bandit_a</icon>
    <snd_config>characters_voice\human\bandit_1\</snd_config>
    <visual>actors\newbandit\stalker_bandit_1_5</visual>
</specific_character>

<specific_character id="sim_default_renegade_0_default_6" team_default = "1">
#include "gameplay\profiles\character_desc_renegade_0.xml"
    <icon>ui_inGame2_bandit_1a_mask</icon>
    <snd_config>characters_voice\human\bandit_2\</snd_config>
    <visual>actors\newbandit\stalker_bandit_1_6</visual>
</specific_character>

<specific_character id="sim_default_renegade_0_default_7" team_default = "1">
#include "gameplay\profiles\character_desc_renegade_0.xml"
    <icon>ui_inGame2_bandit_1a_mask</icon>
    <snd_config>characters_voice\human\bandit_2\</snd_config>
    <visual>actors\newbandit\stalker_bandit_1_7</visual>
</specific_character>

<specific_character id="sim_default_renegade_0_default_8" team_default = "1">
#include "gameplay\profiles\character_desc_renegade_0.xml"
    <icon>ui_inGame2_bandit_1_mask</icon>
    <snd_config>characters_voice\human\bandit_2\</snd_config>
    <visual>actors\newbandit\stalker_bandit_1_8</visual>
</specific_character>

<specific_character id="sim_default_renegade_0_default_9" team_default = "1">
#include "gameplay\profiles\character_desc_renegade_0.xml"
    <icon>ui_inGame2_bandit_1a_mask</icon>
    <snd_config>characters_voice\human\bandit_2\</snd_config>
    <visual>actors\newbandit\stalker_bandit_1_9</visual>
</specific_character>

<specific_character id="sim_default_renegade_0_default_10" team_default = "1">
#include "gameplay\profiles\character_desc_renegade_0.xml"
		<icon>ui_inGame2_band_2_mask</icon>
		<snd_config>characters_voice\human\bandit_2\</snd_config>
		<visual>actors\stalker_renegade\stalker_renegade_1a_face_1</visual>
</specific_character>

<specific_character id="sim_default_renegade_0_default_11" team_default = "1">
#include "gameplay\profiles\character_desc_renegade_0.xml"
		<icon>ui_inGame2_band_2_mask</icon>
		<snd_config>characters_voice\human\bandit_2\</snd_config>
		<visual>actors\stalker_renegade\stalker_renegade_1a_face_2</visual>
</specific_character>

<specific_character id="sim_default_renegade_0_default_12" team_default = "1">
#include "gameplay\profiles\character_desc_renegade_0.xml"
		<icon>ui_inGame2_band_2_mask</icon>
		<snd_config>characters_voice\human\bandit_2\</snd_config>
		<visual>actors\stalker_renegade\stalker_renegade_1a_face_3</visual>
</specific_character>

<specific_character id="sim_default_renegade_0_default_13" team_default = "1">
#include "gameplay\profiles\character_desc_renegade_0.xml"
		<icon>ui_inGame2_band_2_mask</icon>
		<snd_config>characters_voice\human\bandit_2\</snd_config>
		<visual>actors\stalker_renegade\stalker_renegade_1b_face_1</visual>
</specific_character>

<specific_character id="sim_default_renegade_0_default_14" team_default = "1">
#include "gameplay\profiles\character_desc_renegade_0.xml"
		<icon>ui_inGame2_band_2_mask</icon>
		<snd_config>characters_voice\human\bandit_2\</snd_config>
		<visual>actors\stalker_renegade\stalker_renegade_1b_face_2</visual>
</specific_character>

<specific_character id="sim_default_renegade_0_default_15" team_default = "1">
#include "gameplay\profiles\character_desc_renegade_0.xml"
		<icon>ui_inGame2_band_2_mask</icon>
		<snd_config>characters_voice\human\bandit_2\</snd_config>
		<visual>actors\stalker_renegade\stalker_renegade_1b_face_3</visual>
</specific_character>

<specific_character id="sim_default_renegade_0_default_16" team_default = "1">
#include "gameplay\profiles\character_desc_renegade_0.xml"
		<icon>ui_inGame2_band_2_mask</icon>
		<snd_config>characters_voice\human\bandit_2\</snd_config>
		<visual>actors\stalker_renegade\stalker_renegade_1c_face_1</visual>
</specific_character>

<specific_character id="sim_default_renegade_0_default_17" team_default = "1">
#include "gameplay\profiles\character_desc_renegade_0.xml"
		<icon>ui_inGame2_band_2_mask</icon>
		<snd_config>characters_voice\human\bandit_2\</snd_config>
		<visual>actors\stalker_renegade\stalker_renegade_1c_face_2</visual>
</specific_character>

<specific_character id="sim_default_renegade_0_default_18" team_default = "1">
#include "gameplay\profiles\character_desc_renegade_0.xml"
		<icon>ui_inGame2_band_2_mask</icon>
		<snd_config>characters_voice\human\bandit_2\</snd_config>
		<visual>actors\stalker_renegade\stalker_renegade_1c_face_3</visual>
</specific_character>


<!-- renegade expirienced -->
<specific_character id="sim_default_renegade_1_default_0" team_default = "1">
#include "gameplay\profiles\character_desc_renegade_1.xml"
		<icon>ui_inGame2_bandit_1</icon>
		<snd_config>characters_voice\human\bandit_1\</snd_config>
		<visual>actors\newbandit\stalker_bandit_2_0</visual>
</specific_character>

<specific_character id="sim_default_renegade_1_default_1" team_default = "1">
#include "gameplay\profiles\character_desc_renegade_1.xml"
		<icon>ui_inGame2_bandit_1</icon>
		<snd_config>characters_voice\human\bandit_2\</snd_config>
		<visual>actors\newbandit\stalker_bandit_2_1</visual>
</specific_character>

<specific_character id="sim_default_renegade_1_default_2" team_default = "1">
#include "gameplay\profiles\character_desc_renegade_1.xml"
		<icon>ui_inGame2_merc_2</icon>
		<snd_config>characters_voice\human\bandit_3\</snd_config>
		<visual>actors\newbandit\stalker_bandit_2_2</visual>
</specific_character>

<specific_character id="sim_default_renegade_1_default_3" team_default = "1">
#include "gameplay\profiles\character_desc_renegade_1.xml"
		<icon>ui_inGame2_merc_2</icon>
		<snd_config>characters_voice\human\bandit_3\</snd_config>
		<visual>actors\newbandit\stalker_bandit_2_3</visual>
</specific_character>

<specific_character id="sim_default_renegade_1_default_4" team_default = "1">
#include "gameplay\profiles\character_desc_renegade_1.xml"
    <icon>ui_inGame2_bandit_a</icon>
    <snd_config>characters_voice\human\bandit_1\</snd_config>
    <visual>actors\newbandit\stalker_bandit_2_4</visual>
</specific_character>

<specific_character id="sim_default_renegade_1_default_5" team_default = "1">
#include "gameplay\profiles\character_desc_renegade_1.xml"
    <icon>ui_inGame2_bandit_4abc</icon>
    <snd_config>characters_voice\human\bandit_2\</snd_config>
    <visual>actors\newbandit\stalker_bandit_2_5</visual>
</specific_character>

<specific_character id="sim_default_renegade_1_default_6" team_default = "1">
#include "gameplay\profiles\character_desc_renegade_1.xml"
    <icon>ui_inGame2_bandit_4abc</icon>
    <snd_config>characters_voice\human\bandit_2\</snd_config>
    <visual>actors\newbandit\stalker_bandit_2_6</visual>
</specific_character>

<specific_character id="sim_default_renegade_1_default_7" team_default = "1">
#include "gameplay\profiles\character_desc_renegade_1.xml"
    <icon>ui_inGame2_bandit_4abc</icon>
    <snd_config>characters_voice\human\bandit_2\</snd_config>
    <visual>actors\newbandit\stalker_bandit_2_7</visual>
</specific_character>

<specific_character id="sim_default_renegade_1_default_8" team_default = "1">
#include "gameplay\profiles\character_desc_renegade_1.xml"
    <icon>ui_inGame2_bandit_1</icon>
    <snd_config>characters_voice\human\bandit_1\</snd_config>
    <visual>actors\newbandit\stalker_bandit_2_balaclava</visual>
</specific_character>

<specific_character id="sim_default_renegade_1_default_9" team_default = "1">
#include "gameplay\profiles\character_desc_renegade_1.xml"
	<icon>ui_inGame2_bandit_1b</icon>
	<snd_config>characters_voice\human\bandit_1\</snd_config>
	<visual>actors\newbandit\stalker_bandit_2_0</visual>
</specific_character>

<specific_character id="sim_default_renegade_1_default_10" team_default = "1">
#include "gameplay\profiles\character_desc_renegade_1.xml"
		<icon>ui_inGame2_band_2_mask</icon>
		<snd_config>characters_voice\human\bandit_2\</snd_config>
		<visual>actors\stalker_renegade\stalker_renegade_1a_face_1</visual>
</specific_character>

<specific_character id="sim_default_renegade_1_default_11" team_default = "1">
#include "gameplay\profiles\character_desc_renegade_1.xml"
		<icon>ui_inGame2_band_2_mask</icon>
		<snd_config>characters_voice\human\bandit_2\</snd_config>
		<visual>actors\stalker_renegade\stalker_renegade_1a_face_2</visual>
</specific_character>

<specific_character id="sim_default_renegade_1_default_12" team_default = "1">
#include "gameplay\profiles\character_desc_renegade_1.xml"
		<icon>ui_inGame2_band_2_mask</icon>
		<snd_config>characters_voice\human\bandit_2\</snd_config>
		<visual>actors\stalker_renegade\stalker_renegade_1a_face_3</visual>
</specific_character>

<specific_character id="sim_default_renegade_1_default_13" team_default = "1">
#include "gameplay\profiles\character_desc_renegade_1.xml"
		<icon>ui_inGame2_band_2_mask</icon>
		<snd_config>characters_voice\human\bandit_2\</snd_config>
		<visual>actors\stalker_renegade\stalker_renegade_1b_face_1</visual>
</specific_character>

<specific_character id="sim_default_renegade_1_default_14" team_default = "1">
#include "gameplay\profiles\character_desc_renegade_1.xml"
		<icon>ui_inGame2_band_2_mask</icon>
		<snd_config>characters_voice\human\bandit_2\</snd_config>
		<visual>actors\stalker_renegade\stalker_renegade_1b_face_2</visual>
</specific_character>

<specific_character id="sim_default_renegade_1_default_15" team_default = "1">
#include "gameplay\profiles\character_desc_renegade_1.xml"
		<icon>ui_inGame2_band_2_mask</icon>
		<snd_config>characters_voice\human\bandit_2\</snd_config>
		<visual>actors\stalker_renegade\stalker_renegade_1b_face_3</visual>
</specific_character>

<specific_character id="sim_default_renegade_1_default_16" team_default = "1">
#include "gameplay\profiles\character_desc_renegade_1.xml"
		<icon>ui_inGame2_band_2_mask</icon>
		<snd_config>characters_voice\human\bandit_2\</snd_config>
		<visual>actors\stalker_renegade\stalker_renegade_1c_face_1</visual>
</specific_character>

<specific_character id="sim_default_renegade_1_default_17" team_default = "1">
#include "gameplay\profiles\character_desc_renegade_1.xml"
		<icon>ui_inGame2_band_2_mask</icon>
		<snd_config>characters_voice\human\bandit_2\</snd_config>
		<visual>actors\stalker_renegade\stalker_renegade_1c_face_2</visual>
</specific_character>

<specific_character id="sim_default_renegade_1_default_18" team_default = "1">
#include "gameplay\profiles\character_desc_renegade_1.xml"
		<icon>ui_inGame2_band_2_mask</icon>
		<snd_config>characters_voice\human\bandit_2\</snd_config>
		<visual>actors\stalker_renegade\stalker_renegade_1c_face_3</visual>
</specific_character>

<specific_character id="sim_default_renegade_1_default_19" team_default = "1">
#include "gameplay\profiles\character_desc_renegade_1.xml"
		<icon>ui_inGame2_merc_2</icon>
		<snd_config>characters_voice\human\bandit_3\</snd_config>
		<visual>actors\stalker_renegade\stalker_renegade_1c_merc</visual>
</specific_character>


<!-- renegade expirienced 2 -->
<specific_character id="sim_default_renegade_2_default_0" team_default = "1">
#include "gameplay\profiles\character_desc_renegade_2.xml"
		<icon>ui_inGame2_mercenary3</icon>
		<snd_config>characters_voice\human\bandit_3\</snd_config>
		<visual>actors\newbandit\stalker_bandit_2_0</visual>
</specific_character>

<specific_character id="sim_default_renegade_2_default_1" team_default = "1">
#include "gameplay\profiles\character_desc_renegade_2.xml"
		<icon>ui_inGame2_bandit_exo</icon>
		<snd_config>characters_voice\human\bandit_3\</snd_config>
		<visual>actors\newbandit\stalker_bandit_2_1</visual>
</specific_character>

<specific_character id="sim_default_renegade_2_default_2" team_default = "1">
#include "gameplay\profiles\character_desc_renegade_2.xml"
		<icon>ui_inGame2_bandit_exo</icon>
		<snd_config>characters_voice\human\bandit_3\</snd_config>
		<visual>actors\newbandit\stalker_bandit_2_2</visual>
</specific_character>

<specific_character id="sim_default_renegade_2_default_3" team_default = "1">
#include "gameplay\profiles\character_desc_renegade_2.xml"
		<icon>ui_inGame2_band_2_mask</icon>
		<snd_config>characters_voice\human\bandit_2\</snd_config>
		<visual>actors\newbandit\stalker_bandit_2_3</visual>
</specific_character>

<specific_character id="sim_default_renegade_2_default_4" team_default = "1">
#include "gameplay\profiles\character_desc_renegade_2.xml"
		<icon>ui_inGame2_band_2_mask</icon>
		<snd_config>characters_voice\human\bandit_2\</snd_config>
		<visual>actors\newbandit\stalker_bandit_2_4</visual>
</specific_character>

<specific_character id="sim_default_renegade_2_default_5" team_default = "1">
#include "gameplay\profiles\character_desc_renegade_2.xml"
		<icon>ui_inGame2_band_2_mask</icon>
		<snd_config>characters_voice\human\bandit_2\</snd_config>
		<visual>actors\newbandit\stalker_bandit_2_5</visual>
</specific_character>

<specific_character id="sim_default_renegade_2_default_6" team_default = "1">
#include "gameplay\profiles\character_desc_renegade_2.xml"
		<icon>ui_inGame2_band_2_mask</icon>
		<snd_config>characters_voice\human\bandit_2\</snd_config>
		<visual>actors\newbandit\stalker_bandit_2_6</visual>
</specific_character>

<specific_character id="sim_default_renegade_2_default_7" team_default = "1">
#include "gameplay\profiles\character_desc_renegade_2.xml"
		<icon>ui_inGame2_merc_2</icon>
		<snd_config>characters_voice\human\bandit_3\</snd_config>
		<visual>actors\newbandit\stalker_bandit_2_7</visual>
</specific_character>

<specific_character id="sim_default_renegade_2_default_8" team_default = "1">
#include "gameplay\profiles\character_desc_renegade_2.xml"
		<icon>ui_inGame2_merc_2</icon>
		<snd_config>characters_voice\human\bandit_3\</snd_config>
		<visual>actors\newbandit\stalker_bandit_2_7</visual>
</specific_character>

<specific_character id="sim_default_renegade_2_default_9" team_default = "1">
#include "gameplay\profiles\character_desc_renegade_2.xml"
		<icon>ui_inGame2_merc_2</icon>
		<snd_config>characters_voice\human\bandit_3\</snd_config>
		<visual>actors\newbandit\stalker_bandit_2_7</visual>
</specific_character>





<specific_character id="sim_default_renegade_3_default_0" team_default = "1">
#include "gameplay\profiles\character_desc_renegade_3.xml"
		<icon>ui_inGame2_mercenary3</icon>
		<snd_config>characters_voice\human\bandit_3\</snd_config>
		<visual>actors\stalker_renegade\stalker_renegade_3</visual>
</specific_character>

<specific_character id="sim_default_renegade_3_default_1" team_default = "1">
#include "gameplay\profiles\character_desc_renegade_3.xml"
		<icon>ui_inGame2_bandit_exo</icon>
		<snd_config>characters_voice\human\bandit_3\</snd_config>
		<visual>actors\stalker_renegade\stalker_renegade_4</visual>
</specific_character>

<specific_character id="sim_default_renegade_3_default_2" team_default = "1">
#include "gameplay\profiles\character_desc_renegade_3.xml"
		<icon>ui_inGame2_bandit_exo</icon>
		<snd_config>characters_voice\human\bandit_3\</snd_config>
		<visual>actors\stalker_renegade\stalker_renegade_4a</visual>
</specific_character>

<specific_character id="sim_default_renegade_3_default_3" team_default = "1">
#include "gameplay\profiles\character_desc_renegade_3.xml"
		<icon>ui_inGame2_band_2_mask</icon>
		<snd_config>characters_voice\human\bandit_2\</snd_config>
		<visual>actors\stalker_renegade\stalker_renegade_1b_face_2</visual>
</specific_character>

<specific_character id="sim_default_renegade_3_default_4" team_default = "1">
#include "gameplay\profiles\character_desc_renegade_3.xml"
		<icon>ui_inGame2_band_2_mask</icon>
		<snd_config>characters_voice\human\bandit_2\</snd_config>
		<visual>actors\stalker_renegade\stalker_renegade_1a_face_2</visual>
</specific_character>

<specific_character id="sim_default_renegade_3_default_5" team_default = "1">
#include "gameplay\profiles\character_desc_renegade_3.xml"
		<icon>ui_inGame2_band_2_mask</icon>
		<snd_config>characters_voice\human\bandit_2\</snd_config>
		<visual>actors\stalker_renegade\stalker_renegade_1b_face_2</visual>
</specific_character>

<specific_character id="sim_default_renegade_3_default_6" team_default = "1">
#include "gameplay\profiles\character_desc_renegade_3.xml"
		<icon>ui_inGame2_band_2_mask</icon>
		<snd_config>characters_voice\human\bandit_2\</snd_config>
		<visual>actors\stalker_renegade\stalker_renegade_1a_face_2</visual>
</specific_character>

<specific_character id="sim_default_renegade_3_default_7" team_default = "1">
#include "gameplay\profiles\character_desc_renegade_3.xml"
		<icon>ui_inGame2_merc_2</icon>
		<snd_config>characters_voice\human\bandit_3\</snd_config>
		<visual>actors\stalker_renegade\stalker_renegade_1a_merc</visual>
</specific_character>

<specific_character id="sim_default_renegade_3_default_8" team_default = "1">
#include "gameplay\profiles\character_desc_renegade_3.xml"
		<icon>ui_inGame2_merc_2</icon>
		<snd_config>characters_voice\human\bandit_3\</snd_config>
		<visual>actors\stalker_renegade\stalker_renegade_1b_merc</visual>
</specific_character>

<specific_character id="sim_default_renegade_3_default_9" team_default = "1">
#include "gameplay\profiles\character_desc_renegade_3.xml"
		<icon>ui_inGame2_merc_2</icon>
		<snd_config>characters_voice\human\bandit_3\</snd_config>
		<visual>actors\stalker_renegade\stalker_renegade_1c_merc</visual>
</specific_character>




<specific_character id="sim_default_renegade_4_default_0" team_default = "1">
#include "gameplay\profiles\character_desc_renegade_4.xml"
		<icon>ui_inGame2_mercenary3</icon>
		<snd_config>characters_voice\human\bandit_3\</snd_config>
		<visual>actors\stalker_renegade\stalker_renegade_3</visual>
</specific_character>

<specific_character id="sim_default_renegade_4_default_1" team_default = "1">
#include "gameplay\profiles\character_desc_renegade_4.xml"
		<icon>ui_inGame2_bandit_exo</icon>
		<snd_config>characters_voice\human\bandit_3\</snd_config>
		<visual>actors\stalker_renegade\stalker_renegade_4</visual>
</specific_character>

<specific_character id="sim_default_renegade_4_default_2" team_default = "1">
#include "gameplay\profiles\character_desc_renegade_4.xml"
		<icon>ui_inGame2_bandit_exo</icon>
		<snd_config>characters_voice\human\bandit_3\</snd_config>
		<visual>actors\stalker_renegade\stalker_renegade_4a</visual>
</specific_character>

<specific_character id="sim_default_renegade_4_default_3" team_default = "1">
#include "gameplay\profiles\character_desc_renegade_4.xml"
		<icon>ui_inGame2_band_2_mask</icon>
		<snd_config>characters_voice\human\bandit_2\</snd_config>
		<visual>actors\stalker_renegade\stalker_renegade_1b_face_2</visual>
</specific_character>

<specific_character id="sim_default_renegade_4_default_4" team_default = "1">
#include "gameplay\profiles\character_desc_renegade_4.xml"
		<icon>ui_inGame2_band_2_mask</icon>
		<snd_config>characters_voice\human\bandit_2\</snd_config>
		<visual>actors\stalker_renegade\stalker_renegade_1a_face_2</visual>
</specific_character>

<specific_character id="sim_default_renegade_4_default_5" team_default = "1">
#include "gameplay\profiles\character_desc_renegade_4.xml"
		<icon>ui_inGame2_band_2_mask</icon>
		<snd_config>characters_voice\human\bandit_2\</snd_config>
		<visual>actors\stalker_renegade\stalker_renegade_1b_face_2</visual>
</specific_character>

<specific_character id="sim_default_renegade_4_default_6" team_default = "1">
#include "gameplay\profiles\character_desc_renegade_4.xml"
		<icon>ui_inGame2_band_2_mask</icon>
		<snd_config>characters_voice\human\bandit_2\</snd_config>
		<visual>actors\stalker_renegade\stalker_renegade_1a_face_2</visual>
</specific_character>

<specific_character id="sim_default_renegade_4_default_7" team_default = "1">
#include "gameplay\profiles\character_desc_renegade_4.xml"
		<icon>ui_inGame2_merc_2</icon>
		<snd_config>characters_voice\human\bandit_3\</snd_config>
		<visual>actors\stalker_renegade\stalker_renegade_1a_merc</visual>
</specific_character>

<specific_character id="sim_default_renegade_4_default_8" team_default = "1">
#include "gameplay\profiles\character_desc_renegade_4.xml"
		<icon>ui_inGame2_merc_2</icon>
		<snd_config>characters_voice\human\bandit_3\</snd_config>
		<visual>actors\stalker_renegade\stalker_renegade_1b_merc</visual>
</specific_character>

<specific_character id="sim_default_renegade_4_default_9" team_default = "1">
#include "gameplay\profiles\character_desc_renegade_4.xml"
		<icon>ui_inGame2_merc_2</icon>
		<snd_config>characters_voice\human\bandit_3\</snd_config>
		<visual>actors\stalker_renegade\stalker_renegade_1c_merc</visual>
</specific_character>


<!-- Special -->
<specific_character id="sim_default_renegade_trader" team_default = "1">
#include "gameplay\profiles\character_desc_renegade_special.xml"
    <name>GENERATE_NAME_bandit</name>
    <icon>ui_inGame2_bandit_1</icon>
    <class>sim_default_renegade_trader</class>
    <snd_config>characters_voice\human\bandit_1\</snd_config>
    <visual>actors\stalker_renegade\stalker_renegade_trader</visual>

	<actor_dialog>dm_init_trader</actor_dialog>
	<actor_dialog>dm_broker_dialog</actor_dialog>
	<actor_dialog>dm_ordered_task_dialog</actor_dialog>
	<actor_dialog>dm_ordered_task_completed_dialog</actor_dialog>
	<actor_dialog>dm_important_documents</actor_dialog>
	<actor_dialog>buy_route</actor_dialog>
	<!--actor_dialog>buy_extra_items</actor_dialog-->
	<actor_dialog>actor_break_dialog</actor_dialog>
</specific_character>

<specific_character id="sim_default_renegade_mechanic" team_default = "1">
#include "gameplay\profiles\character_desc_renegade_special.xml"
    <name>GENERATE_NAME_bandit</name>
    <icon>ui_inGame2_band_2_mask</icon>
    <class>sim_default_renegade_mechanic</class>
	<mechanic_mode>1</mechanic_mode>
    <snd_config>characters_voice\human\bandit_1\</snd_config>
    <visual>actors\stalker_renegade\stalker_renegade_mechanic</visual>

	<actor_dialog>dm_init_trader</actor_dialog>
	<actor_dialog>dm_init_mechanic</actor_dialog>
	<actor_dialog>dm_ordered_task_dialog</actor_dialog>
	<actor_dialog>dm_ordered_task_completed_dialog</actor_dialog>
	<actor_dialog>dm_tech_repair</actor_dialog>
	<actor_dialog>dm_encrypted_pda</actor_dialog>
	<actor_dialog>actor_break_dialog</actor_dialog>
</specific_character>

<specific_character id="sim_default_renegade_medic" team_default = "1">
#include "gameplay\profiles\character_desc_renegade_special.xml"
    <name>GENERATE_NAME_bandit</name>
    <icon>ui_inGame2_band_2_mask</icon>
    <class>sim_default_renegade_medic</class>
    <snd_config>characters_voice\human\bandit_1\</snd_config>
    <visual>actors\stalker_renegade\stalker_renegade_doctor</visual>

		<actor_dialog>dm_init_medic</actor_dialog>
		<actor_dialog>dm_medic_general</actor_dialog>
		<actor_dialog>dm_ordered_task_dialog</actor_dialog>
		<actor_dialog>dm_ordered_task_completed_dialog</actor_dialog>
		<actor_dialog>actor_break_dialog</actor_dialog>
</specific_character>

<specific_character id="sim_default_renegade_barman" team_default = "1">
#include "gameplay\profiles\character_desc_renegade_special.xml"
    <name>GENERATE_NAME_bandit</name>
    <icon>ui_inGame2_bandit_1</icon>
    <class>sim_default_renegade_barman</class>
    <snd_config>characters_voice\human\bandit_1\</snd_config>
    <visual>actors\stalker_renegade\stalker_renegade_barman</visual>

	<actor_dialog>dm_init_batender</actor_dialog>
	<actor_dialog>dm_ordered_task_dialog</actor_dialog>
	<actor_dialog>dm_ordered_task_completed_dialog</actor_dialog>
	<actor_dialog>actor_break_dialog</actor_dialog>
</specific_character>
