<?xml version='1.0' encoding="windows-1251"?>
<xml>
    <specific_character id="sar_monolith_commander" team_default = "1">
    <name>GENERATE_NAME_stalker</name>
    <icon>ui_inGame2_monolit_1</icon>
    <map_icon x="3" y="0"></map_icon>
    <bio>ќпытный сталкер. ƒетальна¤ информаци¤ отсутствует.</bio>
    <class>sar_monolith_commander</class>
    <community>monolith</community>
    <terrain_sect>stalker_terrain</terrain_sect>
    <rank>5410</rank>
    <reputation>300</reputation>
    <visual>actors\newmonolith\stalker_monolith_3_0</visual>
    <snd_config>characters_voice\human\monolith_4\</snd_config>
    <crouch_type>0</crouch_type>
    <supplies></supplies>
#include "gameplay\character_criticals.xml"
    <start_dialog>hello_dialog</start_dialog>
    </specific_character>
    
    <!------------ Characters of Sarcofag 2 -------------->
    <specific_character id="sar2_wolf" team_default = "1">
    <name>sar2_clone_name</name>
    <icon>ui_inGame2_monolit_1</icon>
    <map_icon x="0" y="0"></map_icon>
    <bio>sar2_bio</bio>
    <class>sar2_wolf</class>
    <community>monolith</community>
    <terrain_sect>stalker_terrain</terrain_sect>
    <rank>6685</rank>
    <reputation>2334</reputation>
    <visual>actors\newmonolith\stalker_monolith_3_1</visual>
    <snd_config>characters_voice\human\stalker_1\</snd_config>
    <supplies></supplies>
    <start_dialog>hello_dialog</start_dialog>
    </specific_character>
    
    <specific_character id="sar2_fanat" team_default = "1">
    <name>sar2_clone_name</name>
    <icon>ui_inGame2_monolit_2</icon>
    <map_icon x="0" y="0"></map_icon>
    <bio>sar2_bio</bio>
    <class>sar2_fanat</class>
    <community>monolith</community>
    <terrain_sect>stalker_terrain</terrain_sect>
    <rank>544</rank>
    <reputation>-2359</reputation>
    <visual>actors\newmonolith\stalker_monolith_3_1</visual>
    <snd_config>characters_voice\human\stalker_1\</snd_config>
    <supplies></supplies>
    <start_dialog>hello_dialog</start_dialog>
    </specific_character>
    
    <specific_character id="sar2_fox" team_default = "1">
    <name>sar2_clone_name</name>
    <icon>ui_inGame2_monolit_3</icon>
    <map_icon x="0" y="0"></map_icon>
    <bio>sar2_bio</bio>
    <class>sar2_fox</class>
    <community>monolith</community>
    <terrain_sect>stalker_terrain</terrain_sect>
    <rank>9966</rank>
    <reputation>2132</reputation>
    <visual>actors\newmonolith\stalker_monolith_3_1</visual>
    <snd_config>characters_voice\human\stalker_1\</snd_config>
    <supplies></supplies>
    <start_dialog>hello_dialog</start_dialog>
    </specific_character>
    
    <specific_character id="sar2_tutorial_wounded" team_default = "1">
    <name>sar2_clone_name</name>
    <icon>ui_inGame2_monolit_4</icon>
    <map_icon x="0" y="0"></map_icon>
    <bio>sar2_bio</bio>
    <class>sar2_tutorial_wounded</class>
    <community>monolith</community>
    <terrain_sect>stalker_terrain</terrain_sect>
    <rank>12851</rank>
    <reputation>49</reputation>
    <visual>actors\newmonolith\stalker_monolith_4_0</visual>
    <snd_config>characters_voice\human\stalker_1\</snd_config>
    <supplies></supplies>
    <start_dialog>hello_dialog</start_dialog>
    </specific_character>
    
    <specific_character id="sar2_ranger" team_default = "1">
    <name>sar2_clone_name</name>
    <icon>ui_inGame2_monolit_1</icon>
    <map_icon x="0" y="0"></map_icon>
    <bio>sar2_bio</bio>
    <class>sar2_ranger</class>
    <community>monolith</community>
    <terrain_sect>stalker_terrain</terrain_sect>
    <rank>7130</rank>
    <reputation>-543</reputation>
    <visual>actors\newmonolith\stalker_monolith_1_1</visual>
    <snd_config>characters_voice\human\stalker_3\</snd_config>
    <supplies></supplies>
    <start_dialog>hello_dialog</start_dialog>
    </specific_character>
    
    <specific_character id="sar2_esc_soldier_commander" team_default = "1">
    <name>sar2_clone_name</name>
    <icon>ui_inGame2_monolit_2</icon>
    <map_icon x="2" y="0"></map_icon>
    <bio>sar2_bio</bio>
    <class>sar2_esc_soldier_commander</class>
    <community>monolith</community>
    <terrain_sect>stalker_terrain</terrain_sect>
    <rank>738</rank>
    <reputation>2337</reputation>
    <visual>actors\newmonolith\stalker_monolith_3_0</visual>
    <snd_config>characters_voice\human\military_1\</snd_config><!--2-->
    <supplies></supplies>
    <start_dialog>hello_dialog</start_dialog>
    </specific_character>
    
    <specific_character id="sar2_seriy" team_default = "1">
    <name>sar2_clone_name</name>
    <icon>ui_inGame2_monolit_3</icon>
    <map_icon x="0" y="0"></map_icon>
    <bio>sar2_bio</bio>
    <class>sar2_seriy</class>
    <community>monolith</community>
    <terrain_sect>stalker_terrain</terrain_sect>
    <rank>8979</rank>
    <reputation>294</reputation>
    <visual>actors\newmonolith\stalker_monolith_4_0</visual>
    <snd_config>characters_voice\human\stalker_2\</snd_config>
    <supplies></supplies>
    <start_dialog>hello_dialog</start_dialog>
    </specific_character>
    
    <specific_character id="sar2_dram_novice" team_default = "1">
    <name>sar2_clone_name</name>
    <icon>ui_inGame2_monolit_4</icon>
    <map_icon x="0" y="0"></map_icon>
    <bio>sar2_bio</bio>
    <class>sar2_dram_novice</class>
    <community>monolith</community>
    <terrain_sect>stalker_terrain</terrain_sect>
    <rank>12039</rank>
    <reputation>2126</reputation>
    <visual>actors\newmonolith\stalker_monolith_4_0</visual>
    <snd_config>characters_voice\human\stalker_1\</snd_config>
    <supplies></supplies>
    <start_dialog>hello_dialog</start_dialog>
    </specific_character>
    
    <specific_character id="sar2_hellcar" team_default = "1">
    <name>sar2_clone_name</name>
    <icon>ui_inGame2_monolit_1</icon>
    <map_icon x="0" y="0"></map_icon>
    <bio>sar2_bio</bio>
    <class>sar2_hellcar</class>
    <community>monolith</community>
    <terrain_sect>stalker_terrain</terrain_sect>
    <rank>6078</rank>
    <reputation>1380</reputation>
    <visual>actors\newmonolith\stalker_monolith_2_1</visual>
    <snd_config>characters_voice\human\stalker_2\</snd_config>
    <supplies></supplies>
    <start_dialog>hello_dialog</start_dialog>
    </specific_character>
    
    <specific_character id="sar2_bandit_leader" team_default = "1">
    <name>sar2_clone_name</name>
    <icon>ui_inGame2_monolit_2</icon>
    <map_icon x="0" y="0"></map_icon>
    <bio>sar2_bio</bio>
    <class>sar2_bandit_leader</class>
    <community>monolith</community>
    <terrain_sect>stalker_terrain</terrain_sect>
    <rank>593</rank>
    <reputation>1311</reputation>
    <visual>actors\newmonolith\stalker_monolith_3_0</visual>
    <snd_config>characters_voice\human\bandit_2\</snd_config>
    <supplies></supplies>
    <start_dialog>hello_dialog</start_dialog>
    </specific_character>
    
    <specific_character id="sar2_gar_dolg_blokpost_commander" team_default = "1">
    <name>sar2_clone_name</name>
    <icon>ui_inGame2_monolit_3</icon>
    <map_icon x="4" y="0"></map_icon>
    <bio>sar2_bio</bio>
    <class>sar2_gar_dolg_blokpost_commander</class>
    <community>monolith</community>
    <terrain_sect>stalker_terrain</terrain_sect>
    <rank>8161</rank>
    <reputation>203</reputation>
    <visual>actors\newmonolith\stalker_monolith_4_0</visual>
    <snd_config>characters_voice\human\dolg_1\</snd_config><!--2-->
    <supplies></supplies>
    <start_dialog>hello_dialog</start_dialog>
    </specific_character>
    
    <specific_character id="sar2_krot" team_default = "1">
    <name>sar2_clone_name</name>
    <icon>ui_inGame2_monolit_4</icon>
    <map_icon x="0" y="0"></map_icon>
    <bio>sar2_bio</bio>
    <class>sar2_krot</class>
    <community>monolith</community>
    <terrain_sect>stalker_terrain</terrain_sect>
    <rank>12777</rank>
    <reputation>1027</reputation>
    <visual>actors\newmonolith\stalker_monolith_4_0</visual>
    <snd_config>characters_voice\human\stalker_1\</snd_config>
    <supplies></supplies>
    <start_dialog>hello_dialog</start_dialog>
    </specific_character>
    
    <specific_character id="sar2_ratcatcher" team_default = "1">
    <name>sar2_clone_name</name>
    <icon>ui_inGame2_monolit_1</icon>
    <map_icon x="0" y="0"></map_icon>
    <bio>sar2_bio</bio>
    <class>sar2_ratcatcher</class>
    <community>monolith</community>
    <terrain_sect>stalker_terrain</terrain_sect>
    <rank>6663</rank>
    <reputation>-2154</reputation>
    <visual>actors\newmonolith\stalker_monolith_2_1</visual>
    <snd_config>characters_voice\human\stalker_1\</snd_config>
    <supplies></supplies>
    <start_dialog>hello_dialog</start_dialog>
    </specific_character>
    
    <specific_character id="sar2_bandit_borov" team_default = "1">
    <name>sar2_clone_name</name>
    <icon>ui_inGame2_monolit_2</icon>
    <map_icon x="0" y="0"></map_icon>
    <bio>sar2_bio</bio>
    <class>sar2_bandit_borov</class>
    <community>monolith</community>
    <terrain_sect>stalker_terrain</terrain_sect>
    <rank>797</rank>
    <reputation>1432</reputation>
    <visual>actors\newmonolith\stalker_monolith_3_0</visual>
    <snd_config>characters_voice\human\bandit_2\</snd_config>
    <supplies></supplies>
    <start_dialog>hello_dialog</start_dialog>
    </specific_character>
    
    <specific_character id="sar2_stalker_explorer" team_default = "1">
    <name>sar2_clone_name</name>
    <icon>ui_inGame2_monolit_3</icon>
    <map_icon x="0" y="0"></map_icon>
    <bio>sar2_bio</bio>
    <class>sar2_stalker_explorer</class>
    <community>monolith</community>
    <terrain_sect>stalker_terrain</terrain_sect>
    <rank>7648</rank>
    <reputation>538</reputation>
    <visual>actors\newmonolith\stalker_monolith_4_0</visual>
    <snd_config>characters_voice\human\stalker_2\</snd_config>
    <supplies></supplies>
    <start_dialog>hello_dialog</start_dialog>
    </specific_character>
    
    <specific_character id="sar2_psih" team_default = "1">
    <name>sar2_clone_name</name>
    <icon>ui_inGame2_monolit_4</icon>
    <map_icon x="0" y="0"></map_icon>
    <bio>sar2_bio</bio>
    <class>sar2_psih</class>
    <community>monolith</community>
    <terrain_sect>stalker_terrain</terrain_sect>
    <rank>13617</rank>
    <reputation>952</reputation>
    <visual>actors\newmonolith\stalker_monolith_4_0</visual>
    <snd_config>characters_voice\human\zombied_1\</snd_config>
    <supplies></supplies>
    <start_dialog>hello_dialog</start_dialog>
    </specific_character>
    
    <specific_character id="sar2_arena_manager" team_default = "1">
    <name>sar2_clone_name</name>
    <icon>ui_inGame2_monolit_1</icon>
    <map_icon x="1" y="6"></map_icon>
    <bio>sar2_bio</bio>
    <class>sar2_arena_manager</class>
    <community>monolith</community>
    <terrain_sect>stalker_terrain</terrain_sect>
    <rank>5299</rank>
    <reputation>-685</reputation>
    <visual>actors\newmonolith\stalker_monolith_1_1</visual>
    <snd_config>characters_voice\human\stalker_1\</snd_config>
    <supplies></supplies>
    <start_dialog>hello_dialog</start_dialog>
    </specific_character>
    
    <specific_character id="sar2_arena_savage" team_default = "1">
    <name>sar2_clone_name</name>
    <icon>ui_inGame2_monolit_2</icon>
    <map_icon x="2" y="0"></map_icon>
    <bio>sar2_bio</bio>
    <class>sar2_arena_savage</class>
    <community>monolith</community>
    <terrain_sect>stalker_terrain</terrain_sect>
    <rank>922</rank>
    <reputation>-2097</reputation>
    <visual>actors\newmonolith\stalker_monolith_3_1</visual>
    <snd_config>characters_voice\human\zombied_1\</snd_config>
    <supplies></supplies>
    <start_dialog>hello_dialog</start_dialog>
    </specific_character>
    
    <specific_character id="sar2_dolg_leader" team_default = "1">
    <name>sar2_clone_name</name>
    <icon>ui_inGame2_monolit_3</icon>
    <map_icon x="0" y="0"></map_icon>
    <bio>sar2_bio</bio>
    <class>sar2_dolg_leader</class>
    <community>monolith</community>
    <terrain_sect>stalker_terrain</terrain_sect>
    <rank>7873</rank>
    <reputation>1499</reputation>
    <visual>actors\newmonolith\stalker_monolith_4_0</visual>
    <snd_config>characters_voice\human\dolg_1\</snd_config>
    <supplies></supplies>
    <start_dialog>hello_dialog</start_dialog>
    </specific_character>
    
    <specific_character id="sar2_dolg_petrenko" team_default = "1">
    <name>sar2_clone_name</name>
    <icon>ui_inGame2_monolit_4</icon>
    <map_icon x="0" y="0"></map_icon>
    <bio>sar2_bio</bio>
    <class>sar2_dolg_petrenko</class>
    <community>monolith</community>
    <terrain_sect>stalker_terrain</terrain_sect>
    <rank>12229</rank>
    <reputation>1993</reputation>
    <visual>actors\newmonolith\stalker_monolith_4_0</visual>
    <snd_config>characters_voice\human\dolg_3\</snd_config>
    <supplies></supplies>
    <start_dialog>hello_dialog</start_dialog>
    </specific_character>
    
    <specific_character id="sar2_dolg_ivancov" team_default = "1">
    <name>sar2_clone_name</name>
    <icon>ui_inGame2_monolit_1</icon>
    <map_icon x="0" y="0"></map_icon>
    <bio>sar2_bio</bio>
    <class>sar2_dolg_ivancov</class>
    <community>monolith</community>
    <terrain_sect>stalker_terrain</terrain_sect>
    <rank>6770</rank>
    <reputation>2158</reputation>
    <visual>actors\newmonolith\stalker_monolith_1_1</visual>
    <snd_config>characters_voice\human\dolg_1\</snd_config>
    <supplies></supplies>
    <start_dialog>hello_dialog</start_dialog>
    </specific_character>
    
    <specific_character id="sar2_dolg_guard_commander" team_default = "1">
    <name>sar2_clone_name</name>
    <icon>ui_inGame2_monolit_2</icon>
    <map_icon x="0" y="0"></map_icon>
    <bio>sar2_bio</bio>
    <class>sar2_dolg_guard_commander</class>
    <community>monolith</community>
    <terrain_sect>stalker_terrain</terrain_sect>
    <rank>531</rank>
    <reputation>2002</reputation>
    <visual>actors\newmonolith\stalker_monolith_3_1</visual>
    <snd_config>characters_voice\human\dolg_1\</snd_config>
    <supplies></supplies>
    <start_dialog>hello_dialog</start_dialog>
    </specific_character>
    
    <specific_character id="sar2_zastava_commander_1" team_default = "1">
    <name>sar2_clone_name</name>
    <icon>ui_inGame2_monolit_3</icon>
    <map_icon x="0" y="0"></map_icon>
    <bio>sar2_bio</bio>
    <class>sar2_zastava_commander_1</class>
    <community>monolith</community>
    <terrain_sect>stalker_terrain</terrain_sect>
    <rank>9741</rank>
    <reputation>-918</reputation>
    <visual>actors\newmonolith\stalker_monolith_4_0</visual>
    <snd_config>characters_voice\human\dolg_1\</snd_config>
    <supplies></supplies>
    <start_dialog>hello_dialog</start_dialog>
    </specific_character>
    
    <specific_character id="sar2_ecolog_professor" team_default = "1">
    <name>sar2_clone_name</name>
    <icon>ui_inGame2_monolit_4</icon>
    <map_icon x="1" y="6"></map_icon>
    <bio>sar2_bio</bio>
    <class>sar2_ecolog_professor</class>
    <community>monolith</community>
    <terrain_sect>stalker_terrain</terrain_sect>
    <rank>12787</rank>
    <reputation>115</reputation>
    <visual>actors\newmonolith\stalker_monolith_4_0</visual>
    <snd_config>characters_voice\human\ecolog_1\</snd_config>
    <supplies></supplies>
    <start_dialog>hello_dialog</start_dialog>
    </specific_character>
    
    <specific_character id="sar2_svoboda_attack_commander" team_default = "1">
    <name>sar2_clone_name</name>
    <icon>ui_inGame2_monolit_1</icon>
    <map_icon x="5" y="0"></map_icon>
    <bio>sar2_bio</bio>
    <class>sar2_svoboda_attack_commander</class>
    <community>monolith</community>
    <terrain_sect>stalker_terrain</terrain_sect>
    <rank>5668</rank>
    <reputation>1419</reputation>
    <visual>actors\newmonolith\stalker_monolith_2_1</visual>
    <snd_config>characters_voice\human\freedom_1\</snd_config>
    <supplies></supplies>
    <start_dialog>hello_dialog</start_dialog>
    </specific_character>
    
    <specific_character id="sar2_killer_ambush_tiran" team_default = "1">
    <name>sar2_clone_name</name>
    <icon>ui_inGame2_monolit_2</icon>
    <map_icon x="5" y="0"></map_icon>
    <bio>sar2_bio</bio>
    <class>sar2_killer_ambush_tiran</class>
    <community>monolith</community>
    <terrain_sect>stalker_terrain</terrain_sect>
    <rank>680</rank>
    <reputation>-2189</reputation>
    <visual>actors\newmonolith\stalker_monolith_3_1</visual>
    <snd_config>characters_voice\human\killer_1\</snd_config>
    <supplies></supplies>
    <start_dialog>hello_dialog</start_dialog>
    </specific_character>
    
    <specific_character id="sar2_crazy_veterans_lucky" team_default = "1">
    <name>sar2_clone_name</name>
    <icon>ui_inGame2_monolit_3</icon>
    <map_icon x="5" y="0"></map_icon>
    <bio>sar2_bio</bio>
    <class>sar2_crazy_veterans_lucky</class>
    <community>monolith</community>
    <terrain_sect>stalker_terrain</terrain_sect>
    <rank>8472</rank>
    <reputation>176</reputation>
    <visual>actors\newmonolith\stalker_monolith_4_0</visual>
    <snd_config>characters_voice\human\bandit_1\</snd_config>
    <supplies></supplies>
    <start_dialog>hello_dialog</start_dialog>
    </specific_character>
    
    <specific_character id="sar2_stalker_freeman" team_default = "1">
    <name>sar2_clone_name</name>
    <icon>ui_inGame2_monolit_4</icon>
    <map_icon x="0" y="0"></map_icon>
    <bio>sar2_bio</bio>
    <class>sar2_stalker_freeman</class>
    <community>monolith</community>
    <terrain_sect>stalker_terrain</terrain_sect>
    <rank>12785</rank>
    <reputation>-254</reputation>
    <visual>actors\newmonolith\stalker_monolith_4_0</visual>
    <snd_config>characters_voice\human\stalker_1\</snd_config>
    <supplies></supplies>
    <start_dialog>hello_dialog</start_dialog>
    </specific_character>
    
    <specific_character id="sar2_svoboda_engineer" team_default = "1">
    <name>sar2_clone_name</name>
    <icon>ui_inGame2_monolit_1</icon>
    <map_icon x="5" y="0"></map_icon>
    <bio>sar2_bio</bio>
    <class>sar2_svoboda_engineer</class>
    <community>monolith</community>
    <terrain_sect>stalker_terrain</terrain_sect>
    <rank>6573</rank>
    <reputation>1988</reputation>
    <visual>actors\newmonolith\stalker_monolith_2_1</visual>
    <snd_config>characters_voice\human\freedom_1\</snd_config>
    <supplies></supplies>
    <start_dialog>hello_dialog</start_dialog>
    </specific_character>
    
    <specific_character id="sar2_svoboda_stukach" team_default = "1">
    <name>sar2_clone_name</name>
    <icon>ui_inGame2_monolit_2</icon>
    <map_icon x="2" y="0"></map_icon>
    <bio>sar2_bio</bio>
    <class>sar2_svoboda_stukach</class>
    <community>monolith</community>
    <terrain_sect>stalker_terrain</terrain_sect>
    <rank>1407</rank>
    <reputation>-2440</reputation>
    <visual>actors\newmonolith\stalker_monolith_3_1</visual>
    <snd_config>characters_voice\human\freedom_3\</snd_config>
    <supplies></supplies>
    <start_dialog>hello_dialog</start_dialog>
    </specific_character>
    
    <specific_character id="sar2_svoboda_bodyguard" team_default = "1">
    <name>sar2_clone_name</name>
    <icon>ui_inGame2_monolit_3</icon>
    <map_icon x="5" y="0"></map_icon>
    <bio>sar2_bio</bio>
    <class>sar2_svoboda_bodyguard</class>
    <community>monolith</community>
    <terrain_sect>stalker_terrain</terrain_sect>
    <rank>9922</rank>
    <reputation>2134</reputation>
    <visual>actors\newmonolith\stalker_monolith_4_0</visual>
    <snd_config>characters_voice\human\freedom_1\</snd_config>
    <supplies></supplies>
    <start_dialog>hello_dialog</start_dialog>
    </specific_character>
    
    <specific_character id="sar2_svoboda_leader" team_default = "1">
    <name>sar2_clone_name</name>
    <icon>ui_inGame2_monolit_4</icon>
    <map_icon x="5" y="0"></map_icon>
    <bio>sar2_bio</bio>
    <class>sar2_svoboda_leader</class>
    <community>monolith</community>
    <terrain_sect>stalker_terrain</terrain_sect>
    <rank>11220</rank>
    <reputation>990</reputation>
    <visual>actors\newmonolith\stalker_monolith_4_0</visual>
    <snd_config>characters_voice\human\freedom_1\</snd_config><!--2-->
    <supplies></supplies>
    <start_dialog>hello_dialog</start_dialog>
    </specific_character>
    
    <specific_character id="sar2_svoboda_trader" team_default = "1">
    <name>sar2_clone_name</name>
    <icon>ui_inGame2_monolit_1</icon>
    <map_icon x="5" y="0"></map_icon>
    <bio>sar2_bio</bio>
    <class>sar2_svoboda_trader</class>
    <community>monolith</community>
    <terrain_sect>stalker_terrain</terrain_sect>
    <rank>5247</rank>
    <reputation>1621</reputation>
    <visual>actors\newmonolith\stalker_monolith_2_1</visual>
    <snd_config>characters_voice\human\freedom_1\</snd_config><!--2-->
    <supplies></supplies>
    <start_dialog>hello_dialog</start_dialog>
    </specific_character>
    
    <specific_character id="sar2_svoboda_master_max" team_default = "1">
    <name>sar2_clone_name</name>
    <icon>ui_inGame2_monolit_2</icon>
    <map_icon x="5" y="0"></map_icon>
    <bio>sar2_bio</bio>
    <class>sar2_svoboda_master_max</class>
    <community>monolith</community>
    <terrain_sect>stalker_terrain</terrain_sect>
    <rank>1223</rank>
    <reputation>716</reputation>
    <visual>actors\newmonolith\stalker_monolith_3_1</visual>
    <snd_config>characters_voice\human\freedom_1\</snd_config><!--2-->
    <supplies></supplies>
    <start_dialog>hello_dialog</start_dialog>
    </specific_character>
    
    <specific_character id="sar2_svoboda_cook" team_default = "1">
    <name>sar2_clone_name</name>
    <icon>ui_inGame2_monolit_3</icon>
    <map_icon x="5" y="0"></map_icon>
    <bio>sar2_bio</bio>
    <class>sar2_svoboda_cook</class>
    <community>monolith</community>
    <terrain_sect>stalker_terrain</terrain_sect>
    <rank>10225</rank>
    <reputation>694</reputation>
    <visual>actors\newmonolith\stalker_monolith_4_0</visual>
    <snd_config>characters_voice\human\freedom_1\</snd_config><!--2-->
    <supplies></supplies>
    <start_dialog>hello_dialog</start_dialog>
    </specific_character>
    
    <specific_character id="sar2_svoboda_blockpost_leader" team_default = "1">
    <name>sar2_clone_name</name>
    <icon>ui_inGame2_monolit_4</icon>
    <map_icon x="2" y="0"></map_icon>
    <bio>sar2_bio</bio>
    <class>sar2_svoboda_blockpost_leader</class>
    <community>monolith</community>
    <terrain_sect>stalker_terrain</terrain_sect>
    <rank>11904</rank>
    <reputation>988</reputation>
    <visual>actors\newmonolith\stalker_monolith_4_0</visual>
    <snd_config>characters_voice\human\freedom_1\</snd_config><!--2-->
    <supplies></supplies>
    <start_dialog>hello_dialog</start_dialog>
    </specific_character>
    
    <specific_character id="sar2_svoboda_master_ugrumiy" team_default = "1">
    <name>sar2_clone_name</name>
    <icon>ui_inGame2_monolit_1</icon>
    <map_icon x="5" y="0"></map_icon>
    <bio>sar2_bio</bio>
    <class>sar2_svoboda_master_ugrumiy</class>
    <community>monolith</community>
    <terrain_sect>stalker_terrain</terrain_sect>
    <rank>7412</rank>
    <reputation>-868</reputation>
    <visual>actors\newmonolith\stalker_monolith_2_1</visual>
    <snd_config>characters_voice\human\freedom_3\</snd_config>
    <supplies></supplies>
    <start_dialog>hello_dialog</start_dialog>
    </specific_character>
    
    <specific_character id="sar2_dolg_specnaz_cherep" team_default = "1">
    <name>sar2_clone_name</name>
    <icon>ui_inGame2_monolit_2</icon>
    <map_icon x="4" y="0"></map_icon>
    <bio>sar2_bio</bio>
    <class>sar2_dolg_specnaz_cherep</class>
    <community>monolith</community>
    <terrain_sect>stalker_terrain</terrain_sect>
    <rank>1168</rank>
    <reputation>-1346</reputation>
    <visual>actors\newmonolith\stalker_monolith_3_0</visual>
    <snd_config>characters_voice\human\dolg_3\</snd_config>
    <supplies></supplies>
    <start_dialog>hello_dialog</start_dialog>
    </specific_character>
    
    <specific_character id="sar2_killer_informator" team_default = "1">
    <name>sar2_clone_name</name>
    <icon>ui_inGame2_monolit_3</icon>
    <map_icon x="2" y="0"></map_icon>
    <bio>sar2_bio</bio>
    <class>sar2_killer_informator</class>
    <community>monolith</community>
    <terrain_sect>stalker_terrain</terrain_sect>
    <rank>10222</rank>
    <reputation>-1363</reputation>
    <visual>actors\newmonolith\stalker_monolith_4_0</visual>
    <snd_config>characters_voice\human\killer_1\</snd_config><!--2-->
    <supplies></supplies>
    <start_dialog>hello_dialog</start_dialog>
    </specific_character>
    
    <specific_character id="sar2_svoboda_zombi_stalker" team_default = "1">
    <name>sar2_clone_name</name>
    <icon>ui_inGame2_monolit_4</icon>
    <map_icon x="5" y="0"></map_icon>
    <bio>sar2_bio</bio>
    <class>sar2_svoboda_zombi_stalker</class>
    <community>monolith</community>
    <terrain_sect>stalker_terrain</terrain_sect>
    <rank>13397</rank>
    <reputation>1976</reputation>
    <visual>actors\newmonolith\stalker_monolith_4_0</visual>
    <snd_config>characters_voice\human\zombied_1\</snd_config><!--2-->
    <supplies></supplies>
    <start_dialog>hello_dialog</start_dialog>
    </specific_character>
    
    <specific_character id="sar2_doctor" team_default = "1">
    <name>sar2_clone_name</name>
    <icon>ui_inGame2_monolit_1</icon>
    <map_icon x="3" y="0"></map_icon>
    <bio>sar2_bio</bio>
    <class>sar2_doctor</class>
    <community>monolith</community>
    <terrain_sect>stalker_terrain</terrain_sect>
    <rank>7382</rank>
    <reputation>-1029</reputation>
    <visual>actors\newmonolith\stalker_monolith_2_1</visual>
    <snd_config>characters_voice\human\stalker_2\</snd_config>
    <supplies></supplies>
    <start_dialog>hello_dialog</start_dialog>
    </specific_character>
    
    <specific_character id="sar2_monolith_leader" team_default = "1">
    <name>sar2_clone_name</name>
    <icon>ui_inGame2_monolit_2</icon>
    <map_icon x="3" y="0"></map_icon>
    <bio>sar2_bio</bio>
    <class>sar2_monolith_leader</class>
    <community>monolith</community>
    <terrain_sect>stalker_terrain</terrain_sect>
    <rank>711</rank>
    <reputation>171</reputation>
    <visual>actors\newmonolith\stalker_monolith_3_0</visual>
    <snd_config>characters_voice\human\monolith_3\</snd_config>
    <supplies></supplies>
    <start_dialog>hello_dialog</start_dialog>
    </specific_character>
    
    <specific_character id="sar2_bandit_novice" team_default = "1">
    <name>sar2_clone_name</name>
    <icon>ui_inGame2_monolit_3</icon>
    <map_icon x="0" y="0"></map_icon>
    <bio>sar2_bio</bio>
    <class>sar2_bandit_novice</class>
    <community>monolith</community>
    <terrain_sect>stalker_terrain</terrain_sect>
    <rank>10321</rank>
    <reputation>-454</reputation>
    <visual>actors\newmonolith\stalker_monolith_4_0</visual>
    <snd_config>characters_voice\human\bandit_1\</snd_config>
    <supplies></supplies>
    <start_dialog>hello_dialog</start_dialog>
    </specific_character>
    
    <specific_character id="sar2_bandit_general" team_default = "1">
    <name>sar2_clone_name</name>
    <icon>ui_inGame2_monolit_4</icon>
    <map_icon x="3" y="2"></map_icon>
    <bio>sar2_bio</bio>
    <class>sar2_bandit_general</class>
    <community>monolith</community>
    <terrain_sect>stalker_terrain</terrain_sect>
    <rank>12388</rank>
    <reputation>-55</reputation>
    <visual>actors\newmonolith\stalker_monolith_4_0</visual>
    <snd_config>characters_voice\human\bandit_2\</snd_config>
    <supplies></supplies>
    <start_dialog>hello_dialog</start_dialog>
    </specific_character>
    
    <specific_character id="sar2_bandit_veteran" team_default = "1">
    <name>sar2_clone_name</name>
    <icon>ui_inGame2_monolit_1</icon>
    <map_icon x="3" y="2"></map_icon>
    <bio>sar2_bio</bio>
    <class>sar2_bandit_veteran</class>
    <community>monolith</community>
    <terrain_sect>stalker_terrain</terrain_sect>
    <rank>6404</rank>
    <reputation>-914</reputation>
    <visual>actors\newmonolith\stalker_monolith_2_1</visual>
    <snd_config>characters_voice\human\bandit_2\</snd_config>
    <supplies></supplies>
    <start_dialog>hello_dialog</start_dialog>
    </specific_character>
    
    <specific_character id="sar2_soldier_regular" team_default = "1">
    <name>sar2_clone_name</name>
    <icon>ui_inGame2_monolit_2</icon>
    <map_icon x="1" y="2"></map_icon>
    <bio>sar2_bio</bio>
    <class>sar2_soldier_regular</class>
    <community>monolith</community>
    <terrain_sect>stalker_terrain</terrain_sect>
    <rank>1310</rank>
    <reputation>2337</reputation>
    <visual>actors\newmonolith\stalker_monolith_3_0</visual>
    <snd_config>characters_voice\human\military_1\</snd_config>
    <supplies></supplies>
    <start_dialog>hello_dialog</start_dialog>
    </specific_character>
    
    <specific_character id="sar2_soldier_specnaz" team_default = "1">
    <name>sar2_clone_name</name>
    <icon>ui_inGame2_monolit_3</icon>
    <map_icon x="2" y="2"></map_icon>
    <bio>sar2_bio</bio>
    <class>sar2_soldier_specnaz</class>
    <community>monolith</community>
    <terrain_sect>stalker_terrain</terrain_sect>
    <rank>10138</rank>
    <reputation>2257</reputation>
    <visual>actors\newmonolith\stalker_monolith_4_0</visual>
    <snd_config>characters_voice\human\military_1\</snd_config><!--2-->
    <supplies></supplies>
    <start_dialog>hello_dialog</start_dialog>
    </specific_character>
    
    <specific_character id="sar2_soldier_stalker" team_default = "1">
    <name>sar2_clone_name</name>
    <icon>ui_inGame2_monolit_4</icon>
    <map_icon x="2" y="2"></map_icon>
    <bio>sar2_bio</bio>
    <class>sar2_soldier_stalker</class>
    <community>monolith</community>
    <terrain_sect>stalker_terrain</terrain_sect>
    <rank>12785</rank>
    <reputation>2299</reputation>
    <visual>actors\newmonolith\stalker_monolith_4_0</visual>
    <snd_config>characters_voice\human\military_3\</snd_config>
    <supplies></supplies>
    <start_dialog>hello_dialog</start_dialog>
    </specific_character>
    
    <specific_character id="sar2_killer_regular" team_default = "1">
    <name>sar2_clone_name</name>
    <icon>ui_inGame2_monolit_1</icon>
    <map_icon x="2" y="0"></map_icon>
    <bio>sar2_bio</bio>
    <class>sar2_killer_regular</class>
    <community>monolith</community>
    <terrain_sect>stalker_terrain</terrain_sect>
    <rank>6202</rank>
    <reputation>-2178</reputation>
    <visual>actors\newmonolith\stalker_monolith_3_1</visual>
    <snd_config>characters_voice\human\killer_1\</snd_config>
    <supplies></supplies>
    <start_dialog>hello_dialog</start_dialog>
    </specific_character>
    
    <specific_character id="sar2_killer_specnaz" team_default = "1">
    <name>sar2_clone_name</name>
    <icon>ui_inGame2_monolit_2</icon>
    <map_icon x="2" y="0"></map_icon>
    <bio>sar2_bio</bio>
    <class>sar2_killer_specnaz</class>
    <community>monolith</community>
    <terrain_sect>stalker_terrain</terrain_sect>
    <rank>1384</rank>
    <reputation>1684</reputation>
    <visual>actors\newmonolith\stalker_monolith_3_1</visual>
    <snd_config>characters_voice\human\killer_1\</snd_config>
    <supplies></supplies>
    <start_dialog>hello_dialog</start_dialog>
    </specific_character>
    
    <specific_character id="sar2_killer_exo" team_default = "1">
    <name>sar2_clone_name</name>
    <icon>ui_inGame2_monolit_3</icon>
    <map_icon x="2" y="0"></map_icon>
    <bio>sar2_bio</bio>
    <class>sar2_killer_exo</class>
    <community>monolith</community>
    <terrain_sect>stalker_terrain</terrain_sect>
    <rank>9703</rank>
    <reputation>129</reputation>
    <visual>actors\newmonolith\stalker_monolith_3_1</visual>
    <snd_config>characters_voice\human\killer_3\</snd_config>
    <supplies></supplies>
    <start_dialog>hello_dialog</start_dialog>
    </specific_character>
    
    <specific_character id="sar2_zombied_novice" team_default = "1">
    <name>sar2_clone_name</name>
    <icon>ui_inGame2_monolit_4</icon>
    <map_icon x="7" y="0"></map_icon>
    <bio>sar2_bio</bio>
    <class>sar2_zombied_novice</class>
    <community>monolith</community>
    <terrain_sect>stalker_terrain</terrain_sect>
    <rank>12249</rank>
    <reputation>1876</reputation>
    <visual>actors\newmonolith\stalker_monolith_3_1</visual>
    <snd_config>characters_voice\human\zombied_1\</snd_config>
    <supplies></supplies>
    <start_dialog>hello_dialog</start_dialog>
    </specific_character>
    
    <specific_character id="sar2_zombied_stalker" team_default = "1">
    <name>sar2_clone_name</name>
    <icon>ui_inGame2_monolit_1</icon>
    <map_icon x="7" y="0"></map_icon>
    <bio>sar2_bio</bio>
    <class>sar2_zombied_stalker</class>
    <community>monolith</community>
    <terrain_sect>stalker_terrain</terrain_sect>
    <rank>6924</rank>
    <reputation>1588</reputation>
    <visual>actors\newmonolith\stalker_monolith_3_1</visual>
    <snd_config>characters_voice\human\zombied_1\</snd_config>
    <supplies></supplies>
    <start_dialog>hello_dialog</start_dialog>
    </specific_character>
    
    <specific_character id="sar2_zombied_exo" team_default = "1">
    <name>sar2_clone_name</name>
    <icon>ui_inGame2_monolit_2</icon>
    <map_icon x="7" y="0"></map_icon>
    <bio>sar2_bio</bio>
    <class>sar2_zombied_exo</class>
    <community>monolith</community>
    <terrain_sect>stalker_terrain</terrain_sect>
    <rank>634</rank>
    <reputation>1872</reputation>
    <visual>actors\newmonolith\stalker_monolith_4_0</visual>
    <snd_config>characters_voice\human\zombied_3\</snd_config>
    <supplies></supplies>
    <start_dialog>hello_dialog</start_dialog>
    </specific_character>
    
    <specific_character id="sar2_monolith_regular" team_default = "1">
    <name>sar2_clone_name</name>
    <icon>ui_inGame2_monolit_3</icon>
    <map_icon x="3" y="0"></map_icon>
    <bio>sar2_bio</bio>
    <class>sar2_monolith_regular</class>
    <community>monolith</community>
    <terrain_sect>stalker_terrain</terrain_sect>
    <rank>7980</rank>
    <reputation>-1181</reputation>
    <visual>actors\newmonolith\stalker_monolith_3_1</visual>
    <snd_config>characters_voice\human\monolith_3\</snd_config>
    <supplies></supplies>
    <start_dialog>hello_dialog</start_dialog>
    </specific_character>
    
    <specific_character id="sar2_monolith_regular2" team_default = "1">
    <name>sar2_clone_name</name>
    <icon>ui_inGame2_monolit_4</icon>
    <map_icon x="3" y="0"></map_icon>
    <bio>sar2_bio</bio>
    <class>sar2_monolith_regular2</class>
    <community>monolith</community>
    <terrain_sect>stalker_terrain</terrain_sect>
    <rank>13072</rank>
    <reputation>2434</reputation>
    <visual>actors\newmonolith\stalker_monolith_3_1</visual>
    <snd_config>characters_voice\human\monolith_3\</snd_config>
    <supplies></supplies>
    <start_dialog>hello_dialog</start_dialog>
    </specific_character>
    
    <specific_character id="sar2_monolith_specnaz" team_default = "1">
    <name>sar2_clone_name</name>
    <icon>ui_inGame2_monolit_1</icon>
    <map_icon x="3" y="0"></map_icon>
    <bio>sar2_bio</bio>
    <class>sar2_monolith_specnaz</class>
    <community>monolith</community>
    <terrain_sect>stalker_terrain</terrain_sect>
    <rank>6320</rank>
    <reputation>-311</reputation>
    <visual>actors\newmonolith\stalker_monolith_3_1</visual>
    <snd_config>characters_voice\human\monolith_3\</snd_config>
    <supplies></supplies>
    <start_dialog>hello_dialog</start_dialog>
    </specific_character>
    
    <specific_character id="sar2_monolith_specnaz2" team_default = "1">
    <name>sar2_clone_name</name>
    <icon>ui_inGame2_monolit_2</icon>
    <map_icon x="3" y="0"></map_icon>
    <bio>sar2_bio</bio>
    <class>sar2_monolith_specnaz2</class>
    <community>monolith</community>
    <terrain_sect>stalker_terrain</terrain_sect>
    <rank>814</rank>
    <reputation>-1248</reputation>
    <visual>actors\newmonolith\stalker_monolith_3_1</visual>
    <snd_config>characters_voice\human\monolith_3\</snd_config>
    <supplies></supplies>
    <start_dialog>hello_dialog</start_dialog>
    </specific_character>
    
    <specific_character id="sar2_monolith_exo" team_default = "1">
    <name>sar2_clone_name</name>
    <icon>ui_inGame2_monolit_3</icon>
    <map_icon x="3" y="0"></map_icon>
    <bio>sar2_bio</bio>
    <class>sar2_monolith_exo</class>
    <community>monolith</community>
    <terrain_sect>stalker_terrain</terrain_sect>
    <rank>7923</rank>
    <reputation>2390</reputation>
    <visual>actors\newmonolith\stalker_monolith_4_0</visual>
    <snd_config>characters_voice\human\monolith_3\</snd_config>
    <supplies></supplies>
    <start_dialog>hello_dialog</start_dialog>
    </specific_character>
    
    <specific_character id="sar2_monolith_exo2" team_default = "1">
    <name>sar2_clone_name</name>
    <icon>ui_inGame2_monolit_4</icon>
    <map_icon x="3" y="0"></map_icon>
    <bio>sar2_bio</bio>
    <class>sar2_monolith_exo2</class>
    <community>monolith</community>
    <terrain_sect>stalker_terrain</terrain_sect>
    <rank>11840</rank>
    <reputation>-1757</reputation>
    <visual>actors\newmonolith\stalker_monolith_4_0</visual>
    <snd_config>characters_voice\human\monolith_3\</snd_config>
    <supplies></supplies>
    <start_dialog>hello_dialog</start_dialog>
    </specific_character>
    
</xml>
