<w>
	<wheel x="345" y="164" width="352" height="420" stretch="1">
		<background x="0" y="0" width="352" height="420" stretch="1">
			<texture>ui_hud2_wheel_ammo</texture>
		</background>
		<extended x="37" y="425" width="272" height="112" stretch="1">
			<texture>ui_hud2_wheel_extent</texture>
		</extended>
		
		<all>
			<box_1 x="32" y="201" width="80" height="70" stretch="1"/>
			<box_2 x="43" y="-2132" width="80" height="70" stretch="1"/>
			<box_3 x="90" y="68" width="80" height="70" stretch="1"/>
			
			<box_4 x="181" y="68" width="80" height="70" stretch="1"/>
			<box_5 x="228" y="-2132" width="80" height="70" stretch="1"/>
			<box_6 x="240" y="201" width="80" height="70" stretch="1"/>
			
			<box_7 x="188" y="297" width="80" height="70" stretch="1"/>
			<box_8 x="136" y="-2331" width="80" height="70" stretch="1"/>
			<box_9 x="82" y="297" width="80" height="70" stretch="1"/>
			
			<box_10 x="55" y="453" width="80" height="70" stretch="1"/>
			<box_11 x="136" y="453" width="80" height="70" stretch="1"/>
			<box_12 x="216" y="453" width="80" height="70" stretch="1"/>
		</all>
		
		<alt>
			<box_1 x="32" y="176" width="80" height="70" stretch="1"/>
			<box_2 x="80" y="-2089" width="80" height="70" stretch="1"/>
			<box_3 x="80" y="89" width="80" height="70" stretch="1"/>
			
			<box_4 x="193" y="89" width="80" height="70" stretch="1"/>
			<box_5 x="240" y="-2176" width="80" height="70" stretch="1"/>
			<box_6 x="240" y="176" width="80" height="70" stretch="1"/>
			
			<box_7 x="182" y="310" width="80" height="70" stretch="1"/>
			<box_8 x="89" y="-2310" width="80" height="70" stretch="1"/>
			<box_9 x="89" y="310" width="80" height="70" stretch="1"/>
			
			<box_10 x="80" y="453" width="80" height="70" stretch="1"/>
			<box_11 x="193" y="453" width="80" height="70" stretch="1"/>
			<box_12 x="193" y="453" width="80" height="70" stretch="1"/>
		</alt>
		
		<result x="136" y="195" width="80" height="70" stretch="1"/>
	</wheel>
	
	<ammo>
		<btn x="0" y="0" width="80" height="50" check_mode="0" stretch="1">
			<texture>ui_button_wheel_light</texture>
		</btn>
		<icon x="0" y="0" width="80" height="50" stretch="1"/>
		<num x="0" y="0" width="80" height="50"  stretch="1">
			<text complex_mode="1" r="200" g="200" b="200" align="c" vert_align="c" font="letterica18"/>
		</num>
		<text x="0" y="40" width="80" height="10"  stretch="1">
			<text complex_mode="1" r="100" g="100" b="100" align="c" vert_align="c" font="letterica16"/>
		</text>
		<text_r x="0" y="50" width="80" height="20"  stretch="1">
			<text complex_mode="1" color="ui_2" align="c" vert_align="c" font="letterica16"/>
		</text_r>
		<highlight x="0" y="0" width="80" height="50" stretch="1">
			<texture>ui_button_wheel_light_h</texture>
		</highlight>
	</ammo>
</w>
