

<specific_character id="sim_default_isg_1_default_0" team_default = "1">
#include "gameplay\profiles\character_desc_isg_1.xml"
    <icon>ui_inGame2_neutral_2_mask</icon>
    <snd_config>characters_voice\human\unisg_1\</snd_config>
    <visual>actors\newunisg\stalker_soldier_scorpion_nosnow1</visual>
</specific_character>

<specific_character id="sim_default_isg_1_default_1" team_default = "1">
#include "gameplay\profiles\character_desc_isg_1.xml"
    <icon>ui_inGame2_neutral_2_merc</icon>
    <snd_config>characters_voice\human\unisg_1\</snd_config>
    <visual>actors\newunisg\stalker_soldier_scorpion_nosnow2</visual>
</specific_character>

<specific_character id="sim_default_isg_1_default_2" team_default = "1">
#include "gameplay\profiles\character_desc_isg_1.xml"
    <icon>ui_inGame2_bandit_2_mask</icon>
    <snd_config>characters_voice\human\unisg_1\</snd_config>
    <visual>actors\newunisg\stalker_soldier_scorpion_nosnow_gasmask</visual>
</specific_character>

<specific_character id="sim_default_isg_1_default_3" team_default = "1">
#include "gameplay\profiles\character_desc_isg_1.xml"
    <icon>ui_inGame2_Dolg_0</icon>
    <snd_config>characters_voice\human\killer_1\</snd_config>
    <visual>actors\stalker_isg\stalker_isg_exoskeleton_2</visual>
</specific_character>

<specific_character id="sim_default_isg_1_default_4" team_default = "1">
#include "gameplay\profiles\character_desc_isg_1.xml"
    <icon>ui_inGame2_bandit_2_bala</icon>
    <snd_config>characters_voice\human\killer_1\</snd_config>
    <visual>actors\stalker_isg\stalker_isg_exoskeleton</visual>
</specific_character>

<specific_character id="sim_default_isg_1_default_5" team_default = "1">
#include "gameplay\profiles\character_desc_isg_1.xml"
    <icon>ui_inGame2_neutral_2_merc</icon>
    <snd_config>characters_voice\human\killer_3\</snd_config>
    <visual>actors\stalker_isg\stalker_isg_scientific</visual>
</specific_character>

<specific_character id="sim_default_isg_1_default_6" team_default = "1">
#include "gameplay\profiles\character_desc_isg_1.xml"
    <icon>ui_inGame2_monolit_1</icon>
    <snd_config>characters_voice\human\killer_3\</snd_config>
    <visual>actors\stalker_isg\stalker_isg_radiationsuit</visual>
</specific_character>

<specific_character id="sim_default_isg_1_default_7" team_default = "1">
#include "gameplay\profiles\character_desc_isg_1.xml"
    <icon>ui_inGame2_bandit_2_mask</icon>
    <snd_config>characters_voice\human\killer_1\</snd_config>
    <visual>actors\stalker_isg\stalker_isg_radiationsuit_2</visual>
</specific_character>

<specific_character id="sim_default_isg_1_default_8" team_default = "1">
#include "gameplay\profiles\character_desc_isg_1.xml"
    <icon>ui_inGame2_Dolg_0</icon>
    <snd_config>characters_voice\human\killer_1\</snd_config>
    <visual>actors\stalker_isg\stalker_isg_exoskeleton</visual>
</specific_character>

<specific_character id="sim_default_isg_1_default_9" team_default = "1">
#include "gameplay\profiles\character_desc_isg_1.xml"
    <icon>ui_inGame2_bandit_2_bala</icon>
    <snd_config>characters_voice\human\killer_1\</snd_config>
	<visual>actors\stalker_isg\stalker_isg_exoskeleton</visual>
</specific_character>

<specific_character id="sim_default_isg_1_default_10" team_default = "1">
#include "gameplay\profiles\character_desc_isg_1.xml"
    <icon>ui_inGame2_neutral_2_merc</icon>
    <snd_config>characters_voice\human\killer_3\</snd_config>
    <visual>actors\stalker_isg\stalker_isg_exoskeleton</visual>
</specific_character>

<specific_character id="sim_default_isg_1_default_11" team_default = "1">
#include "gameplay\profiles\character_desc_isg_1.xml"
    <icon>ui_inGame2_monolit_1</icon>
    <snd_config>characters_voice\human\killer_3\</snd_config>
    <visual>actors\stalker_isg\stalker_isg_exoskeleton</visual>
</specific_character>

<specific_character id="sim_default_isg_1_default_12" team_default = "1">
#include "gameplay\profiles\character_desc_isg_1.xml"
    <icon>ui_inGame2_bandit_2_mask</icon>
    <snd_config>characters_voice\human\killer_1\</snd_config>
    <visual>actors\stalker_isg\stalker_isg_exoskeleton_2</visual>
</specific_character>

<specific_character id="sim_default_isg_1_default_13" team_default = "1">
#include "gameplay\profiles\character_desc_isg_1.xml"
    <icon>ui_inGame2_Dolg_0</icon>
    <snd_config>characters_voice\human\killer_1\</snd_config>
    <visual>actors\stalker_isg\stalker_isg_exoskeleton_2</visual>
</specific_character>

<specific_character id="sim_default_isg_1_default_14" team_default = "1">
#include "gameplay\profiles\character_desc_isg_1.xml"
    <icon>ui_inGame2_bandit_2_bala</icon>
    <snd_config>characters_voice\human\killer_1\</snd_config>
    <visual>actors\stalker_isg\stalker_isg_nosorog</visual>
</specific_character>

<specific_character id="sim_default_isg_1_default_15" team_default = "1">
#include "gameplay\profiles\character_desc_isg_1.xml"
    <icon>ui_inGame2_neutral_2_merc</icon>
    <snd_config>characters_voice\human\killer_3\</snd_config>
    <visual>actors\stalker_isg\stalker_isg_nosorog</visual>
</specific_character>

<specific_character id="sim_default_isg_1_default_16" team_default = "1">
#include "gameplay\profiles\character_desc_isg_1.xml"
    <icon>ui_inGame2_monolit_1</icon>
    <snd_config>characters_voice\human\killer_3\</snd_config>
    <visual>actors\stalker_isg\stalker_isg_nosorog</visual>
</specific_character>




<specific_character id="sim_default_isg_2_default_0" team_default = "1">
#include "gameplay\profiles\character_desc_isg_2.xml"
    <icon>ui_inGame2_neutral_2_mask</icon>
    <snd_config>characters_voice\human\unisg_1\</snd_config>
    <visual>actors\newunisg\stalker_soldier_scorpion_nosnow1</visual>
</specific_character>

<specific_character id="sim_default_isg_2_default_1" team_default = "1">
#include "gameplay\profiles\character_desc_isg_2.xml"
    <icon>ui_inGame2_neutral_2_merc</icon>
    <snd_config>characters_voice\human\unisg_1\</snd_config>
    <visual>actors\newunisg\stalker_soldier_scorpion_nosnow2</visual>
</specific_character>

<specific_character id="sim_default_isg_2_default_2" team_default = "1">
#include "gameplay\profiles\character_desc_isg_2.xml"
    <icon>ui_inGame2_bandit_2_mask</icon>
    <snd_config>characters_voice\human\unisg_1\</snd_config>
    <visual>actors\newunisg\stalker_soldier_scorpion_nosnow_gasmask</visual>
</specific_character>

<specific_character id="sim_default_isg_2_default_3" team_default = "1">
#include "gameplay\profiles\character_desc_isg_2.xml"
    <icon>ui_inGame2_Dolg_0</icon>
    <snd_config>characters_voice\human\killer_1\</snd_config>
    <visual>actors\stalker_isg\stalker_isg_exoskeleton</visual>
</specific_character>

<specific_character id="sim_default_isg_2_default_4" team_default = "1">
#include "gameplay\profiles\character_desc_isg_2.xml"
    <icon>ui_inGame2_bandit_2_bala</icon>
    <snd_config>characters_voice\human\killer_1\</snd_config>
    <visual>actors\stalker_isg\stalker_isg_exoskeleton</visual>
</specific_character>

<specific_character id="sim_default_isg_2_default_5" team_default = "1">
#include "gameplay\profiles\character_desc_isg_2.xml"
    <icon>ui_inGame2_neutral_2_merc</icon>
    <snd_config>characters_voice\human\killer_3\</snd_config>
    <visual>actors\stalker_isg\stalker_isg_exoskeleton</visual>
</specific_character>

<specific_character id="sim_default_isg_2_default_6" team_default = "1">
#include "gameplay\profiles\character_desc_isg_2.xml"
    <icon>ui_inGame2_monolit_1</icon>
    <snd_config>characters_voice\human\killer_3\</snd_config>
    <visual>actors\stalker_isg\stalker_isg_exoskeleton</visual>
</specific_character>

<specific_character id="sim_default_isg_2_default_7" team_default = "1">
#include "gameplay\profiles\character_desc_isg_2.xml"
    <icon>ui_inGame2_bandit_2_mask</icon>
    <snd_config>characters_voice\human\killer_1\</snd_config>
    <visual>actors\stalker_isg\stalker_isg_nosorog</visual>
</specific_character>

<specific_character id="sim_default_isg_2_default_8" team_default = "1">
#include "gameplay\profiles\character_desc_isg_2.xml"
    <icon>ui_inGame2_Dolg_0</icon>
    <snd_config>characters_voice\human\killer_1\</snd_config>
    <visual>actors\stalker_isg\stalker_isg_scientific</visual>
</specific_character>

<specific_character id="sim_default_isg_2_default_9" team_default = "1">
#include "gameplay\profiles\character_desc_isg_2.xml"
    <icon>ui_inGame2_bandit_2_bala</icon>
    <snd_config>characters_voice\human\killer_1\</snd_config>
    <visual>actors\stalker_isg\stalker_isg_radiationsuit</visual>
</specific_character>

<specific_character id="sim_default_isg_2_default_10" team_default = "1">
#include "gameplay\profiles\character_desc_isg_2.xml"
    <icon>ui_inGame2_neutral_2_merc</icon>
    <snd_config>characters_voice\human\killer_3\</snd_config>
    <visual>actors\stalker_isg\stalker_isg_nosorog</visual>
</specific_character>

<specific_character id="sim_default_isg_2_default_11" team_default = "1">
#include "gameplay\profiles\character_desc_isg_2.xml"
    <icon>ui_inGame2_monolit_1</icon>
    <snd_config>characters_voice\human\killer_3\</snd_config>
    <visual>actors\stalker_isg\stalker_isg_nosorog</visual>
</specific_character>

<specific_character id="sim_default_isg_2_default_12" team_default = "1">
#include "gameplay\profiles\character_desc_isg_2.xml"
    <icon>ui_inGame2_bandit_2_mask</icon>
    <snd_config>characters_voice\human\killer_1\</snd_config>
    <visual>actors\stalker_isg\stalker_isg_nosorog</visual>
</specific_character>

<specific_character id="sim_default_isg_2_default_13" team_default = "1">
#include "gameplay\profiles\character_desc_isg_2.xml"
    <icon>ui_inGame2_Dolg_0</icon>
    <snd_config>characters_voice\human\killer_1\</snd_config>
    <visual>actors\stalker_isg\stalker_isg_nosorog</visual>
</specific_character>

<specific_character id="sim_default_isg_2_default_14" team_default = "1">
#include "gameplay\profiles\character_desc_isg_2.xml"
    <icon>ui_inGame2_bandit_2_bala</icon>
    <snd_config>characters_voice\human\killer_1\</snd_config>
    <visual>actors\stalker_isg\stalker_isg_exoskeleton</visual>
</specific_character>

<specific_character id="sim_default_isg_2_default_15" team_default = "1">
#include "gameplay\profiles\character_desc_isg_2.xml"
    <icon>ui_inGame2_neutral_2_merc</icon>
    <snd_config>characters_voice\human\killer_3\</snd_config>
    <visual>actors\stalker_isg\stalker_isg_exoskeleton</visual>
</specific_character>

<specific_character id="sim_default_isg_2_default_16" team_default = "1">
#include "gameplay\profiles\character_desc_isg_2.xml"
    <icon>ui_inGame2_monolit_1</icon>
    <snd_config>characters_voice\human\killer_3\</snd_config>
    <visual>actors\stalker_isg\stalker_isg_exoskeleton_2</visual>
</specific_character>

<specific_character id="sim_default_isg_2_default_17" team_default = "1">
#include "gameplay\profiles\character_desc_isg_2.xml"
    <icon>ui_inGame2_Soldier_3</icon>
    <snd_config>characters_voice\human\killer_3\</snd_config>
    <visual>actors\stalker_isg\stalker_isg_exoskeleton_2</visual>
</specific_character>

<specific_character id="sim_default_isg_2_default_18" team_default = "1">
#include "gameplay\profiles\character_desc_isg_2.xml"
    <icon>ui_inGame2_Soldier_2</icon>
    <snd_config>characters_voice\human\killer_1\</snd_config>
    <visual>actors\stalker_isg\stalker_isg_exoskeleton_2</visual>
</specific_character>

<specific_character id="sim_default_isg_2_default_19" team_default = "1">
#include "gameplay\profiles\character_desc_isg_2.xml"
    <icon>ui_inGame2_Soldier_4</icon>
    <snd_config>characters_voice\human\killer_3\</snd_config>
    <visual>actors\stalker_isg\stalker_isg_nosorog</visual>
</specific_character>

<specific_character id="sim_default_isg_2_default_20" team_default = "1">
#include "gameplay\profiles\character_desc_isg_2.xml"
    <icon>ui_inGame2_Soldier_2</icon>
    <snd_config>characters_voice\human\killer_1\</snd_config>
    <visual>actors\stalker_isg\stalker_isg_nosorog</visual>
</specific_character>

<specific_character id="sim_default_isg_2_default_21" team_default = "1">
#include "gameplay\profiles\character_desc_isg_2.xml"
    <icon>ui_inGame2_Soldier_2</icon>
    <snd_config>characters_voice\human\killer_3\</snd_config>
    <visual>actors\stalker_isg\stalker_isg_exoskeleton</visual>
</specific_character>



<specific_character id="sim_default_isg_3_default_0" team_default = "1">
#include "gameplay\profiles\character_desc_isg_3.xml"
    <icon>ui_inGame2_neutral_2_merc</icon>
    <snd_config>characters_voice\human\unisg_1\</snd_config>
    <visual>actors\newunisg\stalker_soldier_scorpion_nosnow1</visual>
</specific_character>

<specific_character id="sim_default_isg_3_default_1" team_default = "1">
#include "gameplay\profiles\character_desc_isg_3.xml"
    <icon>ui_inGame2_monolit_1</icon>
    <snd_config>characters_voice\human\unisg_1\</snd_config>
    <visual>actors\newunisg\stalker_soldier_scorpion_nosnow2</visual>
</specific_character>

<specific_character id="sim_default_isg_3_default_2" team_default = "1">
#include "gameplay\profiles\character_desc_isg_3.xml"
    <icon>ui_inGame2_neutral_2_merc</icon>
    <snd_config>characters_voice\human\unisg_1\</snd_config>
    <visual>actors\newunisg\stalker_soldier_scorpion_nosnow_gasmask</visual>
</specific_character>

<specific_character id="sim_default_isg_3_default_3" team_default = "1">
#include "gameplay\profiles\character_desc_isg_3.xml"
    <icon>ui_inGame2_monolit_1</icon>
    <snd_config>characters_voice\human\killer_3\</snd_config>
    <visual>actors\stalker_isg\stalker_isg_nosorog</visual>
</specific_character>

<specific_character id="sim_default_isg_3_default_4" team_default = "1">
#include "gameplay\profiles\character_desc_isg_3.xml"
    <icon>ui_inGame2_neutral_2_merc</icon>
    <snd_config>characters_voice\human\killer_3\</snd_config>
    <visual>actors\stalker_isg\stalker_isg_nosorog</visual>
</specific_character>

<specific_character id="sim_default_isg_3_default_5" team_default = "1">
#include "gameplay\profiles\character_desc_isg_3.xml"
    <icon>ui_inGame2_monolit_1</icon>
    <snd_config>characters_voice\human\killer_3\</snd_config>
    <visual>actors\stalker_isg\stalker_isg_nosorog</visual>
</specific_character>

<specific_character id="sim_default_isg_3_default_6" team_default = "1">
#include "gameplay\profiles\character_desc_isg_3.xml"
    <icon>ui_inGame2_Soldier_3</icon>
    <snd_config>characters_voice\human\killer_3\</snd_config>
    <visual>actors\stalker_isg\stalker_isg_exoskeleton_2</visual>
</specific_character>

<specific_character id="sim_default_isg_3_default_7" team_default = "1">
#include "gameplay\profiles\character_desc_isg_3.xml"
    <icon>ui_inGame2_Soldier_2</icon>
    <snd_config>characters_voice\human\killer_1\</snd_config>
    <visual>actors\stalker_isg\stalker_isg_exoskeleton_2</visual>
</specific_character>

<specific_character id="sim_default_isg_3_default_8" team_default = "1">
#include "gameplay\profiles\character_desc_isg_3.xml"
    <icon>ui_inGame2_Soldier_4</icon>
    <snd_config>characters_voice\human\killer_3\</snd_config>
    <visual>actors\stalker_isg\stalker_isg_exoskeleton_2</visual>
</specific_character>

<specific_character id="sim_default_isg_3_default_9" team_default = "1">
#include "gameplay\profiles\character_desc_isg_3.xml"
    <icon>ui_inGame2_Soldier_2</icon>
    <snd_config>characters_voice\human\killer_1\</snd_config>
    <visual>actors\stalker_isg\stalker_isg_nosorog</visual>
</specific_character>

<specific_character id="sim_default_isg_3_default_10" team_default = "1">
#include "gameplay\profiles\character_desc_isg_3.xml"
    <icon>ui_inGame2_monolit_1</icon>
    <snd_config>characters_voice\human\killer_3\</snd_config>
    <visual>actors\stalker_isg\stalker_isg_nosorog</visual>
</specific_character>

<specific_character id="sim_default_isg_3_default_11" team_default = "1">
#include "gameplay\profiles\character_desc_isg_3.xml"
    <icon>ui_inGame2_monolit_1</icon>
    <snd_config>characters_voice\human\killer_3\</snd_config>
    <visual>actors\stalker_isg\stalker_isg_nosorog</visual>
</specific_character>

<specific_character id="sim_default_isg_3_default_12" team_default = "1">
#include "gameplay\profiles\character_desc_isg_3.xml"
    <icon>ui_inGame2_neutral_3</icon>
    <snd_config>characters_voice\human\killer_3\</snd_config>
    <visual>actors\stalker_isg\stalker_isg_nosorog</visual>
</specific_character>

<specific_character id="sim_default_isg_3_default_13" team_default = "1">
#include "gameplay\profiles\character_desc_isg_3.xml"
    <icon>ui_inGame2_neutral_3</icon>
    <snd_config>characters_voice\human\killer_3\</snd_config>
    <visual>actors\stalker_isg\stalker_isg_nosorog</visual>
</specific_character>

<specific_character id="sim_default_isg_3_default_14" team_default = "1">
#include "gameplay\profiles\character_desc_isg_3.xml"
    <icon>ui_inGame2_Soldier_4</icon>
    <snd_config>characters_voice\human\killer_3\</snd_config>
    <visual>actors\stalker_isg\stalker_isg_nosorog</visual>
</specific_character>

<specific_character id="sim_default_isg_3_default_15" team_default = "1">
#include "gameplay\profiles\character_desc_isg_3.xml"
    <icon>ui_inGame2_neutral_2</icon>
    <snd_config>characters_voice\human\killer_3\</snd_config>
    <visual>actors\stalker_isg\stalker_isg_nosorog</visual>
</specific_character>

<specific_character id="sim_default_isg_3_default_16" team_default = "1">
#include "gameplay\profiles\character_desc_isg_3.xml"
    <icon>ui_inGame2_Soldier_2</icon>
    <snd_config>characters_voice\human\killer_3\</snd_config>
    <visual>actors\stalker_isg\stalker_isg_nosorog</visual>
</specific_character>




<specific_character id="sim_default_isg_4_default_0" team_default = "1">
#include "gameplay\profiles\character_desc_isg_4.xml"
    <icon>ui_inGame2_monolit_1</icon>
    <snd_config>characters_voice\human\unisg_1\</snd_config>
    <visual>actors\newunisg\stalker_soldier_scorpion_nosnow1</visual>
</specific_character>

<specific_character id="sim_default_isg_4_default_1" team_default = "1">
#include "gameplay\profiles\character_desc_isg_4.xml"
    <icon>ui_inGame2_neutral_3</icon>
    <snd_config>characters_voice\human\unisg_1\</snd_config>
    <visual>actors\newunisg\stalker_soldier_scorpion_nosnow2</visual>
</specific_character>

<specific_character id="sim_default_isg_4_default_2" team_default = "1">
#include "gameplay\profiles\character_desc_isg_4.xml"
    <icon>ui_inGame2_neutral_3</icon>
    <snd_config>characters_voice\human\unisg_1\</snd_config>
    <visual>actors\newunisg\stalker_soldier_scorpion_nosnow_gasmask</visual>
</specific_character>

<specific_character id="sim_default_isg_4_default_3" team_default = "1">
#include "gameplay\profiles\character_desc_isg_4.xml"
    <icon>ui_inGame2_Soldier_4</icon>
    <snd_config>characters_voice\human\killer_3\</snd_config>
    <visual>actors\stalker_isg\stalker_isg_nosorog</visual>
</specific_character>

<specific_character id="sim_default_isg_4_default_4" team_default = "1">
#include "gameplay\profiles\character_desc_isg_4.xml"
    <icon>ui_inGame2_neutral_2</icon>
    <snd_config>characters_voice\human\killer_3\</snd_config>
    <visual>actors\stalker_isg\stalker_isg_nosorog</visual>
</specific_character>

<specific_character id="sim_default_isg_4_default_5" team_default = "1">
#include "gameplay\profiles\character_desc_isg_4.xml"
    <icon>ui_inGame2_neutral_4</icon>
    <snd_config>characters_voice\human\killer_3\</snd_config>
    <visual>actors\stalker_isg\stalker_isg_nosorog</visual>
</specific_character>

<specific_character id="sim_default_isg_4_default_6" team_default = "1">
#include "gameplay\profiles\character_desc_isg_4.xml"
    <icon>ui_inGame2_neutral_4</icon>
    <snd_config>characters_voice\human\killer_3\</snd_config>
    <visual>actors\stalker_isg\stalker_isg_nosorog</visual>
</specific_character>

<specific_character id="sim_default_isg_4_default_7" team_default = "1">
#include "gameplay\profiles\character_desc_isg_4.xml"
    <icon>ui_inGame2_neutral_4</icon>
    <snd_config>characters_voice\human\killer_3\</snd_config>
    <visual>actors\stalker_isg\stalker_isg_nosorog</visual>
</specific_character>

<specific_character id="sim_default_isg_0_default_6" team_default = "1">
#include "gameplay\profiles\character_desc_isg_4.xml"
    <icon>ui_inGame2_neutral_4</icon>
    <snd_config>characters_voice\human\killer_3\</snd_config>
    <visual>actors\stalker_isg\stalker_isg_nosorog</visual>
</specific_character>


	<!-- Special -->
<specific_character id="sim_default_isg_trader" team_default = "1">
#include "gameplay\profiles\character_desc_isg_special.xml"
    <name>GENERATE_NAME_stalker</name>
    <icon>ui_inGame2_neutral_2_merc</icon>
    <class>sim_default_isg_trader</class>
    <snd_config>characters_voice\human\killer_3\</snd_config>
    <visual>actors\stalker_isg\stalker_isg_merc</visual>

	<actor_dialog>dm_init_trader</actor_dialog>
	<actor_dialog>dm_broker_dialog</actor_dialog>
	<actor_dialog>dm_ordered_task_dialog</actor_dialog>
	<actor_dialog>dm_ordered_task_completed_dialog</actor_dialog>
	<actor_dialog>dm_important_documents</actor_dialog>
	<actor_dialog>buy_route</actor_dialog>
	<!--actor_dialog>buy_extra_items</actor_dialog-->
	<actor_dialog>actor_break_dialog</actor_dialog>
</specific_character>
	
<specific_character id="sim_default_isg_mechanic" team_default = "1">
#include "gameplay\profiles\character_desc_isg_special.xml"
    <name>GENERATE_NAME_stalker</name>
    <icon>ui_inGame2_neutral_2_mask</icon>
    <class>sim_default_isg_mechanic</class>
	<mechanic_mode>1</mechanic_mode>
    <snd_config>characters_voice\human\killer_1\</snd_config><!--2-->
    <visual>actors\stalker_isg\stalker_isg_outfit</visual>

	<actor_dialog>dm_init_trader</actor_dialog>
	<actor_dialog>dm_init_mechanic</actor_dialog>
	<actor_dialog>dm_ordered_task_dialog</actor_dialog>
	<actor_dialog>dm_ordered_task_completed_dialog</actor_dialog>
	<actor_dialog>dm_tech_repair</actor_dialog>
	<actor_dialog>dm_encrypted_pda</actor_dialog>
	<actor_dialog>actor_break_dialog</actor_dialog>
</specific_character>	
	
<specific_character id="sim_default_isg_medic" team_default = "1">
#include "gameplay\profiles\character_desc_isg_special.xml"
    <name>GENERATE_NAME_stalker</name>
    <icon>ui_inGame2_monolit_1</icon>
    <class>sim_default_isg_medic</class>
    <snd_config>characters_voice\human\killer_3\</snd_config>
    <visual>actors\stalker_isg\stalker_isg_scientific</visual>

		<actor_dialog>dm_init_medic</actor_dialog>
		<actor_dialog>dm_medic_general</actor_dialog>
		<actor_dialog>dm_ordered_task_dialog</actor_dialog>
		<actor_dialog>dm_ordered_task_completed_dialog</actor_dialog>
		<actor_dialog>actor_break_dialog</actor_dialog>
</specific_character>
	
<specific_character id="sim_default_isg_barman" team_default = "1">
#include "gameplay\profiles\character_desc_isg_special.xml"
    <name>GENERATE_NAME_stalker</name>
    <icon>ui_inGame2_bandit_2_mask</icon>
    <class>sim_default_isg_barman</class>
    <snd_config>characters_voice\human\killer_1\</snd_config>
    <visual>actors\stalker_isg\stalker_isg_1a_face_1</visual>

	<actor_dialog>dm_init_batender</actor_dialog>
	<actor_dialog>dm_ordered_task_dialog</actor_dialog>
	<actor_dialog>dm_ordered_task_completed_dialog</actor_dialog>
	<actor_dialog>actor_break_dialog</actor_dialog>
</specific_character>
	
	
<specific_character id="sim_default_isg_dead_default_0" team_default = "1">
    <name>GENERATE_NAME_stalker</name>
     <icon>ui_inGame2_neutral_2_mask</icon>
    <map_icon x="1" y="0"></map_icon>
    <bio>ќпытный сталкер. ƒетальна¤ информаци¤ отсутствует.</bio>
    <class>sim_default_isg_dead</class>
    <community>isg</community> <terrain_sect>stalker_terrain</terrain_sect>
    <snd_config>characters_voice\human\killer_1\</snd_config><!--2-->
    <rank>5588</rank>
    <money min="500" max="1750" infinitive="0"/>
    <reputation>-970</reputation>
    <visual>actors\stalker_isg\stalker_isg_outfit</visual>
    <supplies>
        [spawn] \n
		broken_pda = 1 \n
	</supplies>
#include "gameplay\character_criticals.xml"
#include "gameplay\character_dialogs.xml"
</specific_character>

<specific_character id="sim_default_isg_dead_default_1" team_default = "1">
    <name>GENERATE_NAME_stalker</name>
    <icon>ui_inGame2_neutral_2_merc</icon>
    <map_icon x="1" y="0"></map_icon>
    <bio>ќпытный сталкер. ƒетальна¤ информаци¤ отсутствует.</bio>
    <class>sim_default_isg_dead</class>
    <community>isg</community> <terrain_sect>stalker_terrain</terrain_sect>
    <snd_config>characters_voice\human\killer_3\</snd_config>
    <rank>6885</rank>
    <money min="1500" max="2500" infinitive="0"/>
    <reputation>-1704</reputation>
    <visual>actors\stalker_isg\stalker_isg_merc</visual>
    <supplies>
        [spawn] \n
		broken_pda = 1 \n
	</supplies>
#include "gameplay\character_criticals.xml"
#include "gameplay\character_dialogs.xml"
</specific_character>
    
<specific_character id="sim_default_isg_dead_default_2" team_default = "1">
    <name>GENERATE_NAME_stalker</name>
    <icon>ui_inGame2_monolit_1</icon>
    <map_icon x="1" y="0"></map_icon>
    <bio>ќпытный сталкер. ƒетальна¤ информаци¤ отсутствует.</bio>
    <class>sim_default_isg_dead</class>
    <community>isg</community> <terrain_sect>stalker_terrain</terrain_sect>
    <snd_config>characters_voice\human\killer_3\</snd_config>
    <rank>6247</rank>
    <money min="1500" max="2500" infinitive="0"/>
    <reputation>21</reputation>
    <visual>actors\stalker_isg\stalker_isg_scientific</visual>
    <supplies>
        [spawn] \n
		broken_pda = 1 \n
	</supplies>
#include "gameplay\character_criticals.xml"
#include "gameplay\character_dialogs.xml"
</specific_character>

<specific_character id="sim_default_isg_dead_default_3" team_default = "1">
    <name>GENERATE_NAME_stalker</name>
    <icon>ui_inGame2_neutral_3</icon>
    <map_icon x="1" y="0"></map_icon>
    <bio>ќпытный сталкер. ƒетальна¤ информаци¤ отсутствует.</bio>
    <class>sim_default_isg_dead</class>
    <community>isg</community> <terrain_sect>stalker_terrain</terrain_sect>
    <snd_config>characters_voice\human\killer_3\</snd_config>
    <rank>20556</rank>
    <money min="2500" max="5000" infinitive="0"/>
    <reputation>-1438</reputation>
    <visual>actors\stalker_isg\stalker_isg_radiationsuit</visual>
    <supplies>
        [spawn] \n
		broken_pda = 1 \n
	</supplies>
#include "gameplay\character_criticals.xml"
#include "gameplay\character_dialogs.xml"
</specific_character>