<w>
    <form x="0" y="0" width="116" height="22">
        <bar x="0" y="2" width="116" height="18" horz="1" min="0" max="1" pos="1" stretch="1">
            <progress stretch="1">
                <texture r="133" g="169" b="213">ui_inGame2_Patroni_HUD_gold_bar</texture>
            </progress>
        </bar>
        <bg x="0" y="0" width="116" height="22" stretch="1">
            <texture stretch="1" a="200" r="10" g="10" b="10">
                ui_inGame2_Patroni_HUD_gold_bar
            </texture>
        </bg>
    </form>
</w>