<?xml version="1.0" encoding="windows-1251"?>

<!-- MCM Menu -->
<string_table>
    <string id="ui_mcm_npc_visual_replacer_title">
        <text>NPC Visual Replacer</text>
    </string>
     <string id="ui_mcm_menu_npc_visual_replacer">
        <text>NPC Visual Replacer</text>
    </string>
    <string id="ui_mcm_npc_visual_replacer_enable">
        <text>Enable Replacer (reload the game if when disabling)</text>
    </string>
    <string id="ui_mcm_npc_visual_replacer_debug">
        <text>Show debug logs</text>
    </string>    
</string_table>