{
    "profileName": "EXT Profiles",
    "profiles":[
        {
            "name": "EXT Profiles",
            "version": "",
            "link": "",
            "url": "https://drive.usercontent.google.com/download?id=12uMi6b7kAmaTqTkPYLy2lVwb-UDSXtvh&export=download&authuser=0&confirm=t",
            "filename": "EXT_Profiles.zip"
        },
        {
            "name": "GAMMA Enhanced GUI",
            "version": "",
            "url": "https://drive.usercontent.google.com/download?id=1mXjwC3TSrGf2no0RUtoJEUmiNuewH-FN&export=download&authuser=0&confirm=t",
            "filename": "GAMMA Enhanced GUI.zip"
        },
        {
            "name": "GAMMA EXP Edition Complete",
            "version": "",
            "url": "https://drive.usercontent.google.com/download?id=149YSC-9_k_MWLV64LIcz_oxSyiCEaZZK&export=download&authuser=0&confirm=t&uuid=3b4cb374-de36-4a5f-95c0-4ee894529146&at=APZUnTWxoZr2oHchD_xYRUh-mkeu%3A1706638919757",
            "filename": "GAMMA_EXP_Edition_Complete.zip"
        },
        {
            "name": "GAMMA EXP Edition Redux",
            "version": "",
            "url": "https://drive.usercontent.google.com/download?id=1Bs5ZKd9t_V7qFWCOiV0U1hE-9Mlitw52&export=download&authuser=0&confirm=t",
            "filename": "GAMMA_EXP_Edition_Redux.zip"
        },
        {
            "name": "GAMMA Expedition Reshade & Weather",
            "version": "",
            "url": "https://drive.usercontent.google.com/download?id=1h3QpamRYy3PmThjn6eydpcUC8t_1x2dh&export=download&authuser=0&confirm=t",
            "filename": "GAMMA_Expedition_Reshade_&_Weather.zip"
        },
        {
            "name": "GAMMA R.A.W",
            "version": "",
            "url": "https://drive.usercontent.google.com/download?id=1cD2XlDH_mVHsKZPM4DK7EVcuqTF1orh4&export=download&authuser=0&confirm=t",
            "filename": "GAMMA_R.A.W.zip"
        },
        {
            "name": "Expedition HD Models",
            "version": "",
            "url": "https://drive.usercontent.google.com/download?id=1dCjzs0UsmbHG3f-OknbLK88kQXnSL-5J&export=download&authuser=0&confirm=t",
            "filename": "Expedition_HD_Models.zip"
        }        
                               
    ]
}