
<!-- ENHANCED GUI © 2007 INCBOX INC TEAM -->

<w>
  	<background x="0" y="0" width="1024" height="768">
		<auto_static x="0" y="0" width="1024" height="768" stretch="1">
			<texture x="0" y="0" width="1280" height="720">ui\enhancedGUI_17</texture>
		</auto_static>
		<auto_static x="0" y="0" width="1024" height="768" stretch="1">
			<texture>ui\enhancedGUI\gui_overlay</texture>
		</auto_static>
		<auto_static x="18" y="105" width="245" height="2" stretch="1"> 
			<texture>ui\enhancedGUI\ui_inc_line</texture>
		</auto_static>
		<auto_static x="283" y="55" width="722" height="2" stretch="1"> 
			<texture>ui\enhancedGUI\ui_inc_line</texture>
		</auto_static>
		<auto_static x="283" y="217" width="722" height="2" stretch="1"> 
			<texture>ui\enhancedGUI\ui_inc_line</texture>
		</auto_static>
		<auto_static x="283" y="430" width="722" height="2" stretch="1"> 
			<texture>ui\enhancedGUI\ui_inc_line</texture>
		</auto_static>
		<auto_static x="-718" y="467" width="245" height="110" stretch="1">
			<texture>ui\enhancedGUI\azazel_mode</texture>
		</auto_static>
		<auto_static x="850" y="60" width="160" height="150" stretch="1">
			<texture>ui\enhancedGUI\portrait_border</texture>
		</auto_static>
		<auto_static x="-710" y="567" width="77" height="110" stretch="1">
			<texture>ui\enhancedGUI\ico_campfire</texture>
		</auto_static>
		<auto_static x="-590" y="218" width="77" height="110" stretch="1">
			<texture>ui\enhancedGUI\ico_loadout</texture>
		</auto_static>
		<auto_static x="4" y="713" width="116" height="53" stretch="1">
			<texture>logoSTALKER</texture>
		</auto_static>
		<auto_static x="978" y="732" width="35" height="28" stretch="1">
			<texture>logoINC</texture>
		</auto_static>
    </background>

	<main_dialog>
		<frame_back x="0" y="0" width="1024" height="768">
			<auto_static x="0" y="0" width="1024" height="768" stretch="1">
			</auto_static>
		</frame_back>

		<frame_front x="0" y="0" width="1024" height="768">
			<auto_static x="0" y="0" width="1024" height="768" stretch="1">
			</auto_static>
		</frame_front>

		<cap_character x="-322" y="68" width="105" height="22">
			<text r="177" g="145" b="83" font="graffiti32"  align="c">st_mm_new_game_character</text>
		</cap_character>
		<cap_options x="8" y="68" width="105" height="22">
			<text r="177" g="145" b="83" font="graffiti32"  align="c">st_mm_new_game_options</text>
		</cap_options>
		<cap_inventory x="281" y="230" width="105" height="22">
			<text r="177" g="145" b="83" font="letterica18"  align="l">st_mm_new_game_inventory</text>
		</cap_inventory>
		<cap_loadout x="281" y="443" width="105" height="22">
			<text r="177" g="145" b="83" font="letterica18"  align="l">st_mm_new_game_loadout</text>
		</cap_loadout>

		<box_faction x="281" y="55" width="150" height="144"/>
		<btn_faction x="280" y="10" width="100" height="30" stretch="1">
			<text r="150" g="150" b="150" font="letterica18" align="c">st_mm_btn_new_game_faction</text>
			<texture>ui_inGame2_inventory_button</texture>
			<text_color>
				<e r="177" g="145" b="83"/>
				<t color ="ui_white"/>
				<d color ="ui_black"/>
				<h color ="ui_white"/>
			</text_color>
		</btn_faction>

		<list_map x="27" y="304" width="220" height="150">
            <list_font r="200" g="200" b="200" font="letterica16"/>
            <text_color>
	            <e r="200" g="200" b="200"/>
	            <d r="70" g="70" b="70"/>
            </text_color>
        </list_map>

		<box_icon x="860" y="71" width="140" height="130"/>
		<btn_icon x="390" y="10" width="100" height="30" stretch="1">
			<text r="150" g="150" b="150" font="letterica18" align="c">st_mm_btn_new_game_icon</text>
			<texture>ui_inGame2_inventory_button</texture>
			<text_color>
				<e r="177" g="145" b="83"/>
				<t color ="ui_white"/>
				<d color ="ui_black"/>
				<h color ="ui_white"/>
			</text_color>
		</btn_icon>

		<cap_name x="620" y="172" width="48" height="17">
			<text r="177" g="145" b="83" font="letterica18" align="l">st_mm_new_game_name</text>
		</cap_name>
		<input_name x="657" y="172" width="200" height="17">
			<text complex_mode="1" r="200" g="200" b="200" align="l" vert_align="l" font="letterica18" />
		</input_name>
		
		<cap_money x="520" y="172" width="48" height="17">
			<text r="177" g="145" b="83" font="letterica18" align="l">st_mm_new_game_money</text>
		</cap_money>
		<text_money x="560" y="172" width="81" height="17">
			<text complex_mode="1" r="200" g="200" b="200" align="l"  vert_align="l" font="letterica18" />
		</text_money>

		<cap_points_left x="377" y="443" width="68" height="18">
			<text r="150" g="150" b="150" align="r" vert_align="r" font="letterica18">st_mm_new_game_points_left</text>
		</cap_points_left>
		<text_points_left x="455" y="443" width="44" height="18">
			<text complex_mode="1" r="177" g="145" b="83" align="l" vert_align="l" font="letterica18" />
		</text_points_left>
		
		<check_reset x="487" y="226" width="28" height="23" stretch="1">
			<texture>ui_new_game_btn_checkbox</texture>
		</check_reset>

		<cap_points_used x="377" y="230" width="68" height="18">
			<text r="150" g="150" b="150" align="r" vert_align="r" font="letterica18">st_mm_new_game_points_used</text>
		</cap_points_used>
		<text_points_used x="455" y="230" width="44" height="18">
			<text complex_mode="1" r="177" g="145" b="83" align="l" vert_align="l" font="letterica18" />
		</text_points_used>


		<scroll_desc x="305" y="70" width="530" height="300" right_ident="0" left_ident="0" top_indent="0" bottom_indent="0" vert_interval="0" always_show_scroll="0"/>
		<text_relations x="910" y="230" width="110" height="150">
			<text complex_mode="1" r="150" g="150" b="150" align="l"  vert_align="c" font="letterica18" />
		</text_relations>
		<text_descr x="305" y="70" width="530" height="220">
			<text complex_mode="1" r="150" g="150" b="150" align="l"  vert_align="l" font="letterica18" />
		</text_descr>


		<cont_inv x="279" y="254" width="606" height="178" stretch="1"/>
		<cont_loadout x="279" y="468" width="720" height="248" stretch="1"/>
		

		<btn_start x="767" y="10" width="80" height="30" stretch="1">
			<text r="150" g="150" b="150" font="letterica18" align="c">st_mm_btn_new_game_submit</text>
			<texture>ui_button_ordinary</texture>
			<text_color>
				<e r="200" g="200" b="200"/>
				<t color ="ui_white"/>
				<d color ="ui_black"/>
				<h r="255" g="255" b="255"/>
			</text_color>
		</btn_start>
		<btn_random x="847" y="10" width="80" height="30" stretch="1">
			<text r="150" g="150" b="150" font="letterica18" align="c">st_mm_btn_new_game_rand</text>
			<texture>ui_button_ordinary</texture>
			<text_color>
				<e r="200" g="200" b="200"/>
				<t color ="ui_white"/>
				<d color ="ui_black"/>
				<h r="255" g="255" b="255"/>
			</text_color>
		</btn_random>
		<btn_back x="927" y="10" width="80" height="30" stretch="1">
			<text r="150" g="150" b="150" font="letterica18" align="c">st_mm_btn_new_game_back</text>
			<texture>ui_button_ordinary</texture>
			<text_color>
				<e r="200" g="200" b="200"/>
				<t color ="ui_white"/>
				<d color ="ui_black"/>
				<h r="255" g="255" b="255"/>
			</text_color>
		</btn_back>
		

		<box_map x="354" y="313" width="0" height="0"/>
		
		<box_item x="371" y="289" width="100" height="87"/>

		<templ_options x="0" y="0" width="704" height="704"/>
		

		<scroll_options x="18" y="244" width="254" height="714" right_ident="0" left_ident="0" top_indent="0" bottom_indent="0" vert_interval="0" always_show_scroll="0"/>


		<list_difficulty_cap x="27" y="119" width="121" height="27">
			<text r="200" g="200" b="200" font="letterica18" align="l" vert_align="c">st_cap_list_difficulty</text>
		</list_difficulty_cap>
		<list_difficulty x="27" y="147" width="220" height="27">
			<list_font r="200" g="200" b="200" font="letterica16"/>
			<text_color>
				<e r="200" g="200" b="200"/>
				<d r="70" g="70" b="70"/>
			</text_color>
		</list_difficulty>
		<list_economy_cap x="27" y="179" width="121" height="27">
			<text r="200" g="200" b="200" font="letterica18" align="l" vert_align="c">st_cap_list_economy</text>
		</list_economy_cap>
		<list_economy x="27" y="208" width="220" height="27">
			<list_font r="200" g="200" b="200" font="letterica16"/>
			<text_color>
				<e r="200" g="200" b="200"/>
				<d r="70" g="70" b="70"/>
			</text_color>
		</list_economy>


		<options>
			<cap_check_story x="30" y="93" width="32" height="20" stretch="1">
				<text r="177" g="145" b="83" font="letterica18" align="l" vert_align="c">st_cap_check_story</text>
			</cap_check_story>
			<check_story x="0" y="87" width="35" height="30" stretch="1">
				<texture>ui_inGame2_checkbox</texture>
			</check_story>

			<cap_check_azazel_mode x="174" y="123" width="32" height="20" stretch="1">
				<text r="177" g="145" b="83" font="letterica18" align="r" vert_align="c">st_cap_check_azazel_mode</text>
			</cap_check_azazel_mode>		
			<check_azazel_mode x="205" y="117" width="35" height="30" stretch="1">
				<texture>ui_inGame2_checkbox</texture>
			</check_azazel_mode>
			
			<cap_check_survival x="174" y="153" width="32" height="20" stretch="1">
				<text r="170" g="170" b="170" font="letterica18" align="r" vert_align="c">st_cap_check_survival</text>
			</cap_check_survival>		
			<check_survival x="205" y="147" width="35" height="30" stretch="1">
				<texture>ui_inGame2_checkbox</texture>
			</check_survival>
			
			<cap_check_routes x="30" y="33" width="32" height="20" stretch="1">
				<text r="170" g="170" b="170" font="letterica18" align="l" vert_align="c">st_cap_check_routes</text>
			</cap_check_routes>		
			<check_routes x="0" y="27" width="35" height="30" stretch="1">
				<texture>ui_inGame2_checkbox</texture>
			</check_routes>

			<cap_check_warfare x="174" y="183" width="32" height="20" stretch="1">
				<text r="170" g="170" b="170" font="letterica18" align="r" vert_align="c">st_cap_check_warfare</text>
			</cap_check_warfare>		
			<check_warfare x="205" y="177" width="35" height="30" stretch="1">
				<texture>ui_inGame2_checkbox</texture>
			</check_warfare>
			<cap_check_hardcore x="30" y="243" width="32" height="20" stretch="1">
				<text r="170" g="170" b="170" font="letterica18" align="l" vert_align="c">st_cap_check_hardcore</text>
			</cap_check_hardcore>		
			<check_hardcore x="0" y="237" width="35" height="30" stretch="1">
				<texture>ui_inGame2_checkbox</texture>
			</check_hardcore>
			<cap_list_hardcore_lives x="30" y="270" width="32" height="20" stretch="1">
				<text r="170" g="170" b="170" font="letterica18" align="l" vert_align="c">st_cap_list_hardcore_lives</text>
			</cap_list_hardcore_lives>
			<list_hardcore_lives x="30" y="295" width="90" height="29">
				<list_font r="190" g="190" b="190" font="letterica16"/>
				<text_color>
					<e r="170" g="170" b="170"/>
					<d r="70" g="70" b="70"/>
				</text_color>
			</list_hardcore_lives>

			<cap_list_hardcore_regen x="140" y="270" width="32" height="20" stretch="1">
				<text r="170" g="170" b="170" font="letterica18" align="l" vert_align="c">st_cap_list_hardcore_regen</text>
			</cap_list_hardcore_regen>
			<list_hardcore_regen x="140" y="295" width="90" height="29">
				<list_font r="190" g="190" b="190" font="letterica16"/>
				<text_color>
					<e r="170" g="170" b="170"/>
					<d r="70" g="70" b="70"/>
				</text_color>
			</list_hardcore_regen>

			<cap_check_drx x="30" y="353" width="32" height="20" stretch="1">
				<text r="170" g="170" b="170" font="letterica16" align="l" vert_align="c">st_cap_check_drx</text>
			</cap_check_drx>		
			<check_drx x="0" y="347" width="35" height="30" stretch="1">
				<texture>ui_inGame2_checkbox</texture>
			</check_drx>

			<cap_check_campfire x="30" y="353" width="32" height="20" stretch="1">
				<text r="170" g="170" b="170" font="letterica18" align="l" vert_align="c">st_cap_check_campfire</text>
			</cap_check_campfire>		
			<check_campfire x="0" y="347" width="35" height="30" stretch="1">
				<texture>ui_inGame2_checkbox</texture>
			</check_campfire>

			<cap_check_conditions x="174" y="353" width="32" height="20" stretch="1">
				<text r="170" g="170" b="170" font="letterica18" align="r" vert_align="c">st_cap_check_conditions</text>
			</cap_check_conditions>		
			<check_conditions x="205" y="347" width="35" height="30" stretch="1">
				<texture>ui_inGame2_checkbox</texture>
			</check_conditions>

			<cap_list_timer x="30" y="380" width="32" height="20" stretch="1">
				<text r="170" g="170" b="170" font="letterica16" align="l" vert_align="c">st_cap_list_timer</text>
			</cap_list_timer>		
			<list_timer x="30" y="405" width="198" height="29">
				<list_font r="190" g="190" b="190" font="letterica16"/>
				<text_color>
					<e r="170" g="170" b="170"/>
					<d r="70" g="70" b="70"/>
				</text_color>
			</list_timer>
		</options>

		<popup_faction>
			<frame x="270" y="54" width="1024" height="768">
				<auto_static x="0" y="0" width="742" height="658" stretch="1">
					<texture>ui_new_game_black_back</texture>
				</auto_static>
			</frame>
			<frame_black x="270" y="54" width="1024" height="768">
				<auto_static x="0" y="0" width="742" height="658" stretch="1">
					<texture>ui_new_game_black_back</texture>
				</auto_static>
			</frame_black>

			<cap_faction x="50" y="10" width="105" height="22">
				<text r="218" g="180" b="106" font="graffiti32" align="c">st_mm_new_game_faction</text>
			</cap_faction>

			<scroll_faction x="0" y="0" width="742" height="658" right_ident="0" left_ident="0" top_indent="0" bottom_indent="0" vert_interval="0" always_show_scroll="0"/>
			<templ_faction x="0" y="0" width="742" height="658"/>

			<btn_stalker x="0" y="0" width="80" height="101" stretch="1">
				<texture>ui_new_game_btn_stalker</texture>
			</btn_stalker>
			<btn_bandit x="0" y="0" width="90" height="113" stretch="1">
				<texture>ui_new_game_btn_bandit</texture>
			</btn_bandit>
			<btn_csky x="0" y="0" width="90" height="113" stretch="1">
				<texture>ui_new_game_btn_csky</texture>
			</btn_csky>
			<btn_dolg x="0" y="0" width="90" height="113" stretch="1">
				<texture>ui_new_game_btn_dolg</texture>
			</btn_dolg>
			<btn_freedom x="0" y="0" width="90" height="113" stretch="1">
				<texture>ui_new_game_btn_freedom</texture>
			</btn_freedom>
			<btn_killer x="0" y="0" width="90" height="113" stretch="1">
				<texture>ui_new_game_btn_killer</texture>
			</btn_killer>
			<btn_army x="0" y="0" width="90" height="113" stretch="1">
				<texture>ui_new_game_btn_army</texture>
			</btn_army>
			<btn_ecolog x="0" y="0" width="90" height="113" stretch="1">
				<texture>ui_new_game_btn_ecolog</texture>
			</btn_ecolog>
			<btn_monolith x="0" y="0" width="90" height="113" stretch="1">
				<texture>ui_new_game_btn_monolith</texture>
			</btn_monolith>
			<btn_renegade x="0" y="0" width="90" height="113" stretch="1">
				<texture>ui_new_game_btn_renegade</texture>
			</btn_renegade>
			<btn_greh x="0" y="0" width="90" height="113" stretch="1">
				<texture>ui_new_game_btn_greh</texture>
			</btn_greh>
			<btn_isg x="0" y="0" width="90" height="113" stretch="1">
				<texture>ui_new_game_btn_isg</texture>
			</btn_isg>
		</popup_faction>
		
		<popup_icon>
			<frame x="270" y="54" width="1024" height="768">
				<auto_static x="0" y="0" width="742" height="658" stretch="1">
					<texture>ui_new_game_black_back</texture>
				</auto_static>
			</frame>
			<frame_black x="270" y="54" width="1024" height="768">
				<auto_static x="0" y="0" width="742" height="658" stretch="1">
					<texture>ui_new_game_black_back</texture>
				</auto_static>
			</frame_black>
			
			<cap_icon x="50" y="10" width="105" height="22">
				<text r="218" g="180" b="106" font="graffiti32" align="c">st_mm_new_game_icon</text>
			</cap_icon>

			<scroll_icon x="294" y="42" width="448" height="600" right_ident="0" left_ident="0" top_indent="0" bottom_indent="0" vert_interval="10" always_show_scroll="0"/>
			<templ_icon x="294" y="0" width="448" height="600"/>
			
			<temp_icon x="0" y="0" width="114" height="106" stretch="1"/>
			<btn_icon x="0" y="0" width="114" height="106" stretch="1">
				<texture>ui_new_game_btn_icon</texture>
			</btn_icon>
		</popup_icon>

	</main_dialog>
</w>