<?xml version='1.0' encoding="windows-1251"?>
<xml>
    <!-------------------------- OSOZNANIE REPRESENTATIVE ------------------------>
    <specific_character id="osoznanie" team_default = "1">
    <name>warlab_osoznanie_name</name>
    <icon>ui_inGame2_sakharov_pepe</icon>
    <map_icon x="1" y="0"></map_icon>
    <bio>The representative of the project "Awareness".</bio>
    <class>trader</class>
    <community>trader</community> <terrain_sect>stalker_terrain</terrain_sect>
    <rank>261</rank>
    <reputation>127</reputation>
    <visual>actors\newmonolith\stalker_monolith_4_0_seva</visual>
    <snd_config>characters_voice\human\stalker_1\</snd_config>
    <supplies></supplies>
    <start_dialog>oso_osoznanie_start</start_dialog>
    <actor_dialog>oso_who_are_you</actor_dialog>
    <actor_dialog>oso_what_is_the_zone</actor_dialog>
    <actor_dialog>oso_what_about_me</actor_dialog>
    <actor_dialog>oso_why_chernobyl</actor_dialog>
    <actor_dialog>oso_chernobyl_crush</actor_dialog>
    <actor_dialog>oso_stalker</actor_dialog>
    <actor_dialog>oso_death_truck</actor_dialog>
    <actor_dialog>oso_what_next</actor_dialog>
    <actor_dialog>oso_yes</actor_dialog>
    <actor_dialog>oso_no</actor_dialog>
    </specific_character>
    
    <!-------------------------- 7 OSOZNANIE VOLUNTEERS ------------------------>
    <specific_character id="warlab_pod_1_stalker" team_default = "1">
    <name>warlab_volunteer_name</name>
    <icon>ui_inGame2_monolit_1</icon>
    <map_icon x="1" y="0"></map_icon>
    <bio>A volunteer of the project "Awareness".</bio>
    <class>trader</class>
    <community>trader</community> <terrain_sect>stalker_terrain</terrain_sect>
    <rank>7244</rank>
    <reputation>2157</reputation>
    <visual>actors\newmonolith\stalker_monolith_4_0_seva</visual>
    <snd_config>characters_voice\human\stalker_1\</snd_config>
    <supplies></supplies>
    </specific_character>
    
    <specific_character id="warlab_pod_2_stalker" team_default = "1">
    <name>warlab_volunteer_name</name>
    <icon>ui_inGame2_monolit_2</icon>
    <map_icon x="1" y="0"></map_icon>
    <bio>A volunteer of the project "Awareness".</bio>
    <class>trader</class>
    <community>trader</community> <terrain_sect>stalker_terrain</terrain_sect>
    <rank>1375</rank>
    <reputation>-740</reputation>
    <visual>actors\newmonolith\stalker_monolith_4_0</visual>
    <snd_config>characters_voice\human\stalker_1\</snd_config>
    <supplies></supplies>
    </specific_character>
    
    <specific_character id="warlab_pod_3_stalker" team_default = "1">
    <name>warlab_volunteer_name</name>
    <icon>ui_inGame2_monolit_3</icon>
    <map_icon x="1" y="0"></map_icon>
    <bio>A volunteer of the project "Awareness".</bio>
    <class>trader</class>
    <community>trader</community> <terrain_sect>stalker_terrain</terrain_sect>
    <rank>10333</rank>
    <reputation>-864</reputation>
    <visual>actors\newmonolith\stalker_monolith_3_0</visual>
    <snd_config>characters_voice\human\stalker_1\</snd_config>
    <supplies></supplies>
    </specific_character>
    
    <specific_character id="warlab_pod_4_stalker" team_default = "1">
    <name>warlab_volunteer_name</name>
    <icon>ui_inGame2_monolit_4</icon>
    <map_icon x="1" y="0"></map_icon>
    <bio>A volunteer of the project "Awareness".</bio>
    <class>trader</class>
    <community>trader</community> <terrain_sect>stalker_terrain</terrain_sect>
    <rank>12549</rank>
    <reputation>275</reputation>
    <visual>actors\newmonolith\stalker_monolith_2_1</visual>
    <snd_config>characters_voice\human\stalker_1\</snd_config>
    <supplies></supplies>
    </specific_character>
    
    <specific_character id="warlab_pod_5_stalker" team_default = "1">
    <name>warlab_volunteer_name</name>
    <icon>ui_inGame2_monolit_1</icon>
    <map_icon x="1" y="0"></map_icon>
    <bio>A volunteer of the project "Awareness".</bio>
    <class>trader</class>
    <community>trader</community> <terrain_sect>stalker_terrain</terrain_sect>
    <rank>6306</rank>
    <reputation>-694</reputation>
    <visual>actors\newmonolith\stalker_monolith_4_0</visual>
    <snd_config>characters_voice\human\stalker_1\</snd_config>
    <supplies></supplies>
    </specific_character>
    
    <specific_character id="warlab_pod_6_stalker" team_default = "1">
    <name>warlab_volunteer_name</name>
    <icon>ui_inGame2_monolit_2</icon>
    <map_icon x="1" y="0"></map_icon>
    <bio>A volunteer of the project "Awareness".</bio>
    <class>trader</class>
    <community>trader</community> <terrain_sect>stalker_terrain</terrain_sect>
    <rank>634</rank>
    <reputation>-1820</reputation>
    <visual>actors\newmonolith\stalker_monolith_4_0</visual>
    <snd_config>characters_voice\human\stalker_1\</snd_config>
    <supplies></supplies>
    </specific_character>
    
    <specific_character id="warlab_pod_7_stalker" team_default = "1">
    <name>warlab_volunteer_name</name>
    <icon>ui_inGame2_monolit_3</icon>
    <map_icon x="1" y="0"></map_icon>
    <bio>A volunteer of the project "Awareness".</bio>
    <class>trader</class>
    <community>trader</community> <terrain_sect>stalker_terrain</terrain_sect>
    <rank>8992</rank>
    <reputation>-2388</reputation>
    <visual>actors\newmonolith\stalker_monolith_3_0</visual>
    <snd_config>characters_voice\human\stalker_1\</snd_config>
    <supplies></supplies>
    </specific_character>
    
    <specific_character id="warlab_invisible_stalker" team_default = "1">
    <name>warlab_entity_name</name>
    <icon>ui_inGame2_Hero</icon>
    <map_icon x="1" y="0"></map_icon>
    <bio>Unexpected side effect of the project "Awareness".</bio>
    <class>trader</class>
    <community>trader</community> <terrain_sect>stalker_terrain</terrain_sect>
    <rank>173</rank>
    <reputation>234</reputation>
    <visual>actors\stalker_invisible\stalker_invisible</visual>
    <snd_config>characters_voice\human\stalker_1\</snd_config>
    <supplies></supplies>
    <start_dialog>warlab_entity_start</start_dialog>
    </specific_character>
    
</xml>
