{
    "profileName": "GAMMA EXP Edition Complete",
    "profileType": "standalone",
    "profileCreator": "Strangerism",
    "url": "https://discord.com/channels/912320241713958912/1037753021322506240/1037753021322506240",
    "version": 79,
    "extVersion": 0.59,
    "addonsVersion": 1,
    "customModsVersion": 1,
    "settingsVersion": 1,
    "info": [
        {
            "line": "Install a merge of Anomaly Expedition 2.3 and G.A.M.M.A."
        },
        {
            "line": "Include Expedition 2.3 update with better and weather. Improvements include DoF, Fog effects, Wind effects, Particles "
        },
        {
            "line": "Include custom integration of SS Rain Puddles and Beefs NVG custom patch, both exclusives of this profile. The Expedition modpack officially does not support Beefs NVG and SS rain puddles"
        },
        {
            "line": "All Expeditions merge compoments are deployed as different mods and selectable"
        },
        {
            "line": "You can pick and choose how you want to change G.A.M.M.A. with the Expedition experience, by enabling/disabling each mod"
        }
    ],
    "installationDiskspaceRequirementMB": 96079,
    "finalDiskspaceRequirementMB": 19786,
    "installCompletionMessage": [
        {
            "line": " 1. MEET THE REQUIREMENTS "
        },
        {
            "line": "       This profile is enhanced for DX 11 "
        },
        {
            "line": "       It's recommended to play at 2K resolution and if you can, use DSR. This will greatly increase image quality with these shaders "
        },
        {
            "line": "  "
        },
        {
            "line": " This EXT profile has installed in Mod Organizer 2 profiles that can be selected to play GAMMA EXP Edition Complete in a certain way "
        },
        {
            "line": "  "
        },
        {
            "line": " 2. LAUNCHING THE GAME FOR THE FIRST TIME "
        },
        {
            "line": "       FOLLOW these steps when running any of these profile for the first time after install "
        },
        {
            "line": "           1. When you select any profile, run Apply Settings desktop shortcut to install in Anomaly the Reshade for that profile "
        },
        {
            "line": "           2. Launch the game with Anomaly (DX11 or DX11 AVX) executables in MO and change your preferences in game settings menu "
        },
        {
            "line": "           3. After when you exit the game, run Save Settings desktop shortcut to keep the settings at step 2 "
        },
        {
            "line": "           4. Whenever you come back to play this profile, run again Apply Settings to reapply in Anomaly the Reshade and all settings saved at step 3 "
        },
        {
            "line": "  "
        },
        {
            "line": " 3. RESHADE AND GAME SETTINGS "
        },
        {
            "line": "       This profile comes with its own reshade "
        },
        {
            "line": "  "
        },
        {
            "line": " 4. PROFILE CUSTOMIZATION "
        },
        {
            "line": "       Remember. All Expeditions compoments are deployed as separate mods. Search them in MO with GAMMA EXP Edition Complete keyword "
        },
        {
            "line": "       You can pick and choose how you want to change G.A.M.M.A. with the Expedition experience, by enabling/disabling each mod "
        },
        {
            "line": "       However, you cannot disable these mods when using the base profile (not [ ATMOSPHERICS ])"
        },
        {
            "line": "           - GAMMA EXP Edition Complete - Shaders: adds the Expedition shaders "
        },
        {
            "line": "           - GAMMA EXP Edition Complete - Weather [ EXP ]:  adds the Expedition weathers "
        },
        {
            "line": "           - GAMMA EXP Edition Complete - VFX [ EXP ]:  adds the Expedition custom Cinematic VFX "
        },
        {
            "line": "           - GAMMA EXP Edition Complete - GAMMA Patch: Patch to the Expedition files for GAMMA compatibility "
        },
        {
            "line": "  "
        },
        {
            "line": "       The Expedition's experience customization "
        },
        {
            "line": "  "
        },
        {
            "line": "       Some of these mods come already enabled in the base profile but are still optional. The advice is to start like this and change at your will if things are not to your liking "
        },
        {
            "line": "           - `GAMMA EXP Edition Complete - Textures [ EXP ]`        Change the textures materials, terrain, vegetation and vehicles to be like they are in Expedition "
        },
        {
            "line": "           - `GAMMA EXP Edition Complete - UI`                 Change the UI and interface sounds to be like the one in Expedition. The HUD however will be the same as in G.A.M.M.A. "
        },
        {
            "line": "           - `GAMMA EXP Edition Complete - HUD`                Adds the Expedition HUD FOV"
        },
        {
            "line": "                                                               Several HUD options are included to customize further the HUD "
        },
        {
            "line": "           - `GAMMA EXP Edition Complete - Sounds`             Adds all Expedition sounds in one mod "
        },
        {
            "line": "                                                               Since all optional EXP mods comes with their EXP sounds, use this if you want the Exp sounds across the board even when those mods are disabled "
        },
        {
            "line": "                                                               This also adds the Weapons sounds even though no weapon from Expedition can be merged as yet. Enable this if you want to hear the weapons sound from EXP "
        },
        {
            "line": "                                                               Beware, G.A.M.M.A. combat ai improvements using sound comments might be nullified by enabling this mod. Not confirmed though "
        },
        {
            "line": "                                                               G.A.M.M.A. now includes DARK SIGNAL audio packs which are BETTER that the Expedition sounds, disable Sounds if you want the better experience "
        },
        {
            "line": "           - `GAMMA EXP Edition Complete - Music`              Adds the Expedition soundtrack "
        },
        {
            "line": "           - `GAMMA EXP Edition Complete - Adds GAMMA's music` Just as it says, if you enable this you'll get both soundtracks playing in the game "
        },
        {
            "line": "           - `GAMMA EXP Edition Complete - Beef's NVG Patch    Allow to use GAMMA Beef's NVGs mod, you must enable both mod and patch "
        },
        {
            "line": "                                                               If you enable/disable this you must delete the shader cache or run apply_settings to see the changes applied in game "
        },
        {
            "line": "           - `GAMMA EXP Edition Complete - HD Models [ EXP ]`                Contains the assets for the HD Models for the NPC from the Gunslinger NPC modpack. This on his own does nothing, requires the Config mod to fully enable "
        },
        {
            "line": "           - `GAMMA EXP Edition Complete - HD Models [ Toggle, enables HD models in the game ]s`        Enable the HD Models in the game. Requires new game to have the HD models spawn in the world "
        },
        {
            "line": "  "
        },
        {
            "line": " 5. PROFILE KITS "
        },
        {
            "line": "       This EXT profile has installed in Mod Organizer the base profile called `GAMMA EXP Edition Complete` plus 1 more profile kit "
        },
        {
            "line": "       A kit is a prefab variation of the base profile modlist for easy swap between different configuration of optional mods as explained in PROFILE CUSTOMIZATION "
        },
        {
            "line": "       All kits use the their own settings, use Apply Settings whenever you switch to them and Save Settings if you change your preferences in the game settings menu "
        },
        {
            "line": "           - `GAMMA EXP Edition Complete`                                      The base profile include everything from the Expedition merge "
        },
        {
            "line": "           - `GAMMA EXP Edition Complete - HD Models`                          Like the base profile but with Gunslinger HD Models "
        },
        {
            "line": "           - `GAMMA EXP Edition Complete - HD Models [ ATMOSPHERICS ]`         Like the HD Models profile but with Atmospherics weather and Shaders insteaad of the Expedition ones "
        },
        {
            "line": " 6. CREDITS "
        },
        {
            "line": "       Check the Expedition ModDb page's Credits section for details about all thirty party mods included "
        },
        {
            "line": "  "
        },
        {
            "line": "           https://www.moddb.com/mods/stalker-anomaly/addons/expedition-graphical-overhaul-addon-for-anomaly-151 "
        },
        {
            "line": "  "
        },
        {
            "line": "       Screenspace Shaders "
        },
        {
            "line": "           https://www.moddb.com/mods/stalker-anomaly/addons/screen-space-shaders "
        },
        {
            "line": "  "
        }
    ],
    "addons": [
        {
            "addonName": "Expedition 2.3 (Part 1)",
            "info": "",
            "addonType": "mod",
            "addonSizeMB": 90,
            "forceManualDl": "true",
            "addonUrl": "https://www.moddb.com/mods/stalker-anomaly/addons/expedition-graphical-overhaul-addon-for-anomaly-151",
            "fileUrl": "https://drive.google.com/file/d/1_u7Y80E8cXY8VjXy_P-UuZJ2YOfpNv_O/view",
            "resourceFilename": "Stalker_Anomaly_Expedition_2.3 - Part 1.7z",
            "resourceWorkspace": "Expedition 2.3 (Part 1)",
            "workspacedSizeMB": 301,
            "keepWorkspace": "true",
            "hash": "1E3006213BDB282A8A7BE76EF195FD1C3AB83C2E1B9CAD39F2D8449654EF0CE9"
        },
        {
            "addonName": "Expedition 2.3 (Part 2)",
            "info": "",
            "addonType": "mod",
            "addonSizeMB": 5955,
            "forceManualDl": "true",
            "addonUrl": "https://www.moddb.com/mods/stalker-anomaly/addons/expedition-graphical-overhaul-addon-for-anomaly-151",
            "fileUrl": "https://drive.google.com/file/d/1rGRM_yk-cvUt0G_Dr0L851e3TaTdjP-Q/view",
            "resourceFilename": "Stalker_Anomaly_Expedition_2.3 - Part 2.7z",
            "resourceWorkspace": "Expedition 2.3 (Part 2)",
            "workspacedSizeMB": 10793,
            "keepWorkspace": "true",
            "hash": "9B65397063027162B86A8918EFC5D88B532BF0E438F9CA46F3470A2F59FFBF55"
        },
        {
            "addonName": "Expedition 2.3 (Part 3)",
            "info": "",
            "addonType": "mod",
            "addonSizeMB": 8852,
            "forceManualDl": "true",
            "addonUrl": "https://www.moddb.com/mods/stalker-anomaly/addons/expedition-graphical-overhaul-addon-for-anomaly-151",
            "fileUrl": "https://drive.google.com/file/d/1TgE72dsuYIXT_W5Z5XN2yQ2iw510r5PO/view",
            "resourceFilename": "Stalker_Anomaly_Expedition_2.3 - Part 3.7z",
            "resourceWorkspace": "Expedition 2.3 (Part 3)",
            "workspacedSizeMB": 10230,
            "keepWorkspace": "true",
            "hash": "49880156D1731331CF4C9EDBD46DE64A54C904C7303AF1BC986B516081ED6A2D"
        },
        {
            "addonName": "Expedition 2.3 - Mandatory Pach",
            "info": "",
            "addonType": "mod",
            "forceManualDl": "true",
            "addonUrl": "https://www.moddb.com/mods/stalker-anomaly/addons/expedition-graphical-overhaul-addon-for-anomaly-151",
            "fileUrl": "https://drive.google.com/file/d/1Lj9132KN3SGcMw8hCmOuYS19sWojgDFI/view",
            "resourceFilename": "Expedition 2.3 - Mandatory Pach.7z",
            "resourceWorkspace": "Expedition 2.3 - Mandatory Pach",
            "workspacedSizeMB": 163,
            "addonSizeMB": 47,
            "hash": "BBAB01550538CB01A01C2D86B42E55576A7DAF1CE5865B63A5F55BB68C2B1B28"
        },
        {
            "addonName": "Screenspace Shaders",
            "addonType": "mod",
            "addonUrl": "https://www.moddb.com/mods/stalker-anomaly/addons/screen-space-shaders",
            "fileUrl": "https://www.moddb.com/addons/start/228793",
            "resourceFilename": "ScreenSpaceShaders_Update_22_1.zip",
            "resourceWorkspace": "Screenspace Shaders",
            "workspacedSizeMB": 204,
            "addonSizeMB": 141,
            "hash": "DC947E135F027D16B93FE2852D8738E9E8311165F2F03329E878F6347EA8CC98"
        },
        {
            "addonName": "Enhanced Shaders",
            "addonType": "mod",
            "addonUrl": "https://www.moddb.com/mods/stalker-anomaly/addons/enhanced-shaders-and-color-grading-for-151",
            "fileUrl": "https://www.moddb.com/addons/start/208873",
            "resourceFilename": "Enhanced_Shaders_Color_Grading_1.10.zip",
            "resourceWorkspace": "Enhanced Shaders",
            "workspacedSizeMB": 58,
            "addonSizeMB": 27,
            "hash": "429C92B8ED641BB8A82273A7223B48C5A397C66F4DD204AEA6E909E70A355E69"
        },
        {
            "addonName": "Barts_Good_Ammo_Counters",
            "addonType": "mod",
            "addonUrl": "https://www.moddb.com/mods/stalker-anomaly/addons/barts-good-ammo-counters-20-for-151",
            "fileUrl": "https://www.moddb.com/addons/start/216494",
            "resourceFilename": "Barts_Good_Ammo_Counters_V2.1_1.5.1.zip",
            "resourceWorkspace": "Barts_Good_Ammo_Counters",
            "workspacedSizeMB": 2,
            "addonSizeMB": 1,
            "hash": "0278A49B14ED90D2EBA16B77718E51C3E244CE41003AE77427D634ACB0921D93"
        },
        {
            "addonName": "FireModeCheck",
            "addonType": "mod",
            "addonUrl": "https://www.moddb.com/mods/stalker-anomaly/addons/firemodecheck",
            "fileUrl": "https://www.moddb.com/addons/start/218313",
            "resourceFilename": "FireModeCheck.2024.10.18.zip",
            "resourceWorkspace": "FireModeCheck",
            "workspacedSizeMB": 8,
            "addonSizeMB": 1,
            "hash": "28955B4433F0693D91B35FB0B04C87A5D4F05CB41C45C28BF5BD87C9E46B3218"
        },
        {
            "addonName": "Ready_Or_Not_Check",
            "addonType": "mod",
            "addonUrl": "https://www.moddb.com/mods/stalker-anomaly/addons/ready-or-not-fire-mode-check-hud-skin-for-firemodecheck-by-ishmaeel",
            "fileUrl": "https://www.moddb.com/addons/start/237579",
            "resourceFilename": "Ready_Or_Not_Check_HUD_1.0.zip",
            "resourceWorkspace": "Ready_Or_Not_Check",
            "workspacedSizeMB": 16,
            "addonSizeMB": 1,
            "hash": "52FAA23569428681F71AEC55F876C1B62B6BD5D39202D5F519A4F6F2DAA396F5"
        },
        {
            "addonName": "Dynahud Hud Manager",
            "addonType": "mod",
            "addonUrl": "https://www.moddb.com/mods/stalker-anomaly/addons/dynahud-hud-manager",
            "fileUrl": "https://www.moddb.com/addons/start/250382",
            "resourceFilename": "Dynahud.36.zip",
            "resourceWorkspace": "Dynahud",
            "workspacedSizeMB": 63,
            "addonSizeMB": 27,
            "hash": "45D0757FBF1FB8C2D3E1C01DE607799C15CFB085A91D40739BFD3702769A9F90"
        },
        {
            "addonName": "ENHANCED GUI INC",
            "info": "brand new user interface project, aims to capture modern vibes from Metro and Stalker series.",
            "addonType": "mod",
            "addonUrl": "https://www.moddb.com/mods/stalker-anomaly/addons/enhanced-gui",
            "fileUrl": "https://drive.google.com/file/d/1vDE_HcuGKMjmcOX7LyZKdHLkMCyS8tmc/view?usp=sharing",
            "resourceFilename": "Enhanced_Graphical_User_Interface_v.0.6.2.7z",
            "resourceWorkspace": "ENHANCED GUI INC",
            "workspacedSizeMB": 443,
            "addonSizeMB": 144,
            "hash": "9C9E6F8F26CA28557B558D21C0CBBB0C31BBF0AD96FD9AF1BDD9475D652EA8E1"
        },
        {
            "addonName": "Dynavision",
            "info": "Modify onscreen image",
            "addonType": "reshade",
            "addonUrl": "https://www.moddb.com/mods/stalker-anomaly/addons/dynavision-photomode",
            "fileUrl": "https://www.moddb.com/addons/start/268607",
            "resourceFilename": "Dynavision.6.zip",
            "resourceWorkspace": "Dynavision",
            "workspacedSizeMB": 108,
            "addonSizeMB": 92,
            "hash": "282F36978C46E4447DFE613FBDFDE3508DB9BEAF562506918D665CB9F628332B"
        },
        {
            "addonName": "ATMOSPHERICS",
            "addonType": "mod",
            "addonUrl": "https://www.moddb.com/mods/stalker-anomaly/addons/hippos-shaders-and-atmospherics",
            "fileUrl": "https://www.moddb.com/addons/start/244217",
            "resourceFilename": "Atmospherics_GAMMA_2.67.7z",
            "resourceWorkspace": "ATMOSPHERICS",
            "workspacedSizeMB": 2222.41,
            "addonSizeMB": 928.71,
            "hash": "BF40010A2350C7C97FE33D021A5C6BF45F04398706C2504C1D14F901FA8D6B8C"
        },
        {
            "addonName": "SIMPLE FLASHLIGHT REPLACER",
            "addonType": "mod",
            "addonUrl": "https://www.moddb.com/mods/stalker-anomaly/addons/simpleflashlightreplacer",
            "fileUrl": "https://www.moddb.com/addons/start/266707",
            "resourceFilename": "SimpleFlashlightReplacer.1.7z",
            "resourceWorkspace": "SIMPLE FLASHLIGHT REPLACER",
            "workspacedSizeMB": 3,
            "addonSizeMB": 1,
            "hash": "2E361EF26503D094BE9488FC64EA51B0FFB948854914BD64A992A91132ADD637"
        },
        {
            "addonName": "BEEF'S NVG, IMPROVED",
            "addonType": "mod",
            "addonUrl": "https://www.moddb.com/mods/stalker-anomaly/addons/beefs-nvg-improved",
            "fileUrl": "https://www.moddb.com/addons/start/264381",
            "resourceFilename": "beefs-nvg-improved.3.zip",
            "resourceWorkspace": "BEEF'S NVG, IMPROVED",
            "workspacedSizeMB": 1,
            "addonSizeMB": 1,
            "hash": "C7301E5F508B91057E097D6C9F444A9669CDCCB9AF9ECB073BBBEDE8F89BB01D"
        },
        {
            "addonName": "AYDINS GRASS TWEAKS",
            "addonType": "mod",
            "addonUrl": "https://www.moddb.com/mods/stalker-anomaly/addons/aydins-grass-tweaks-40",
            "fileUrl": "https://www.moddb.com/addons/start/244132",
            "resourceFilename": "Aydins_Grass_Tweaks_4.0.7z",
            "resourceWorkspace": "AYDINS GRASS TWEAKS",
            "workspacedSizeMB": 4016,
            "addonSizeMB": 839,
            "hash": "32233F6CFAB9BD96F5AA4200DF5813FFE7D2DAEAB840844E9E624411E8649471"
        },
        {
            "addonName": "AYDINS GRASS TWEAKS SSS TERRAIN LOD",
            "addonType": "mod",
            "addonUrl": "https://www.moddb.com/mods/stalker-anomaly/addons/aydins-grass-tweaks-sss-terrain-lod-compatiblity",
            "fileUrl": "https://www.moddb.com/addons/start/267004",
            "resourceFilename": "Aydins_Grass_Tweaks_SSS_Terrain_LOD_compatiblity.rar",
            "resourceWorkspace": "AYDINS GRASS TWEAKS SSS TERRAIN LOD",
            "workspacedSizeMB": 432,
            "addonSizeMB": 134,
            "hash": "DA8294FEA5810EFB8C8B9120011C5B0F0B9E3E110214BEFFD69B8D2799E7DE3E"
        },
        {
            "addonName": "BHSRO",
            "addonType": "mod",
            "addonUrl": "https://www.moddb.com/mods/stalker-anomaly/addons/bhs-realistic-overhaul",
            "fileUrl": "https://www.moddb.com/addons/start/255213",
            "resourceFilename": "BHS_Realistic_Overhaul_0.87_BETA.7z",
            "resourceWorkspace": "BHSRO",
            "workspacedSizeMB": 73,
            "addonSizeMB": 20,
            "hash": "708DD48AE205E21ECF0584B9184393BC3D1C0B761ED4F4E09C34E79DD6DF037E"
        },
        {
            "addonName": "BHS Reworked",
            "addonType": "mod",
            "addonUrl": "https://www.moddb.com/mods/stalker-anomaly/addons/body-health-system-reworked-01",
            "fileUrl": "https://www.moddb.com/addons/start/269884?referer=https%3A%2F%2Fwww.google.com%2F",
            "resourceFilename": "BHS_reworked_0.4.zip",
            "resourceWorkspace": "BHS Reworked",
            "workspacedSizeMB": 5,
            "addonSizeMB": 1,
            "hash": "79F75A94C936A671B11E34839AFEE50749952AAE8041F1E8E3702DCFDF8C2883"
        },
        {
            "addonName": "NPC Models Replacer",
            "addonType": "mod",
            "addonUrl": "https://drive.google.com/file/d/1deicK8zSv_Z9xMrt-vaI3SM8RNqMjI7U/view?usp=sharing",
            "fileUrl": "https://drive.google.com/file/d/1deicK8zSv_Z9xMrt-vaI3SM8RNqMjI7U/view?usp=sharing",
            "resourceFilename": "NPC Models Replacer.zip",
            "resourceWorkspace": "NPC Models Replacer",
            "workspacedSizeMB": 1,
            "addonSizeMB": 1,
            "hash": "4D960514C72CB7604DE00837E5AC1A9D1314DC11A542588BAD20E70D2CDE7F1B"
        }
    ],
    "parkedCustomMods": [
        {
            "addonName": "QuestMark",
            "addonType": "mod",
            "addonUrl": "https://www.moddb.com/mods/stalker-anomaly/addons/questmark",
            "fileUrl": "https://www.moddb.com/addons/start/275582",
            "resourceFilename": "QuestMark.zip",
            "resourceWorkspace": "QuestMark",
            "workspacedSizeMB": 1,
            "addonSizeMB": 1,
            "hash": "5DB7640C04A291E3C484CB1EF01154293BA51F49D9604B91A353D2AAD27ADF95"
        },
        {
            "modName": "GAMMA EXP Edition Complete - Weapon Pack",
            "info": "Adds Expedition Weapon Pack",
            "modType": "xrdbmod",
            "addonName": "Expedition 2.3 (Part 3)",
            "pathToGamedata": [
                {
                    "priority": 0,
                    "path": "Stalker_Anomaly_Expedition_2.3 - Part 3/gamedata/db/mods/textures_dinamic_hud.db:gamedata"
                },
                {
                    "priority": 1,
                    "path": "Stalker_Anomaly_Expedition_2.3 - Part 3/gamedata/db/mods/textures_eft_wp.db:gamedata"
                },
                {
                    "priority": 2,
                    "path": "Stalker_Anomaly_Expedition_2.3 - Part 3/gamedata/db/mods/textures_mp5lng_mod.db:gamedata"
                },
                {
                    "priority": 3,
                    "path": "Stalker_Anomaly_Expedition_2.3 - Part 3/gamedata/db/mods/textures_new_axe.db:gamedata"
                },
                {
                    "priority": 4,
                    "path": "Stalker_Anomaly_Expedition_2.3 - Part 3/gamedata/db/mods/textures_new_sledge.db:gamedata"
                },
                {
                    "priority": 5,
                    "path": "Stalker_Anomaly_Expedition_2.3 - Part 3/gamedata/db/mods/textures_gwr.db:gamedata"
                },
                {
                    "priority": 6,
                    "path": "Stalker_Anomaly_Expedition_2.3 - Part 3/gamedata/db/mods/textures_r_pop.db:gamedata"
                },
                {
                    "priority": 7,
                    "path": "Stalker_Anomaly_Expedition_2.3 - Part 3/gamedata/db/mods/textures_shoker_mod.db:gamedata"
                },
                {
                    "priority": 8,
                    "path": "Stalker_Anomaly_Expedition_2.3 - Part 3/gamedata/db/mods/textures_wpn.db*:gamedata"
                },
                {
                    "priority": 9,
                    "path": "Stalker_Anomaly_Expedition_2.3 - Part 3/gamedata/db/mods/textures_ghost_particles.db:gamedata"
                },
                {
                    "priority": 10,
                    "path": "Stalker_Anomaly_Expedition_2.3 - Part 3/gamedata/db/mods/textures_maid_ports.db:gamedata"
                },
                {
                    "priority": 11,
                    "path": "Stalker_Anomaly_Expedition_2.3 - Part 3/gamedata/db/mods/thms.db*:gamedata/textures/eft_wp"
                },
                {
                    "priority": 12,
                    "path": "Stalker_Anomaly_Expedition_2.3 - Part 3/gamedata/db/mods/thms.db*:gamedata/textures/ghost_particles"
                },
                {
                    "priority": 13,
                    "path": "Stalker_Anomaly_Expedition_2.3 - Part 3/gamedata/db/mods/thms.db*:gamedata/textures/wpn"
                },
                {
                    "priority": 14,
                    "path": "Stalker_Anomaly_Expedition_2.3 - Part 2/gamedata/db/mods/anims.db:gamedata/anims/camera_effects/weapon",
                    "addonName": "Expedition 2.3 (Part 2)"
                },
                {
                    "priority": 15,
                    "path": "Stalker_Anomaly_Expedition_2.3 - Part 2/gamedata/db/mods/meshes.db*:gamedata/meshes/anomaly_weapons",
                    "addonName": "Expedition 2.3 (Part 2)"
                },
                {
                    "priority": 16,
                    "path": "Stalker_Anomaly_Expedition_2.3 - Part 2/gamedata/db/mods/meshes.db*:gamedata/meshes/dynamics/weapons",
                    "addonName": "Expedition 2.3 (Part 2)"
                },
                {
                    "priority": 17,
                    "path": "Stalker_Anomaly_Expedition_2.3 - Part 2/gamedata/db/mods/meshes.db*:gamedata/meshes/dynamics/wpn",
                    "addonName": "Expedition 2.3 (Part 2)"
                },
                {
                    "priority": 18,
                    "path": "Stalker_Anomaly_Expedition_2.3 - Part 2/gamedata/db/mods/configs.db:gamedata/configs/items/weapons",
                    "addonName": "Expedition 2.3 (Part 2)"
                },
                {
                    "priority": 19,
                    "path": "Expedition 2.3 - Mandatory Pach/gamedata/configs/items/weapons",
                    "addonName": "Expedition 2.3 - Mandatory Pach"
                },
                {
                    "priority": 20,
                    "path": "Weapons Patch/gamedata",
                    "type": "patch"
                }
            ],
            "excludePaths": "exclude-weapons.json"
        },
        {
            "modName": "GAMMA EXP Edition Complete - Shaders [ EXP 2.3 ]",
            "info": "",
            "modType": "xrdbmod",
            "addonName": "Expedition 2.3 (Part 2)",
            "pathToGamedata": [
                {
                    "priority": 0,
                    "path": "Stalker_Anomaly_Expedition_2.3 - Part 2/gamedata/db/mods/shaders.db:gamedata"
                },
                {
                    "priority": 1,
                    "path": "Stalker_Anomaly_Expedition_2.3 - Part 2/gamedata/db/mods/scripts.db:gamedata/scripts/ssfx*"
                },
                {
                    "priority": 2,
                    "path": "Stalker_Anomaly_Expedition_2.3 - Part 2/gamedata/db/mods/configs.db:gamedata/configs/text/eng/ssfx*"
                },
                {
                    "priority": 3,
                    "path": "Stalker_Anomaly_Expedition_2.3 - Part 2/gamedata/db/mods/configs.db:gamedata/configs/text/rus/ssfx*"
                },
                {
                    "priority": 4,
                    "path": "Stalker_Anomaly_Expedition_2.3 - Part 2/gamedata/db/mods/anims.db:gamedata/anims/bas_nightvision*"
                },
                {
                    "priority": 5,
                    "path": "Stalker_Anomaly_Expedition_2.3 - Part 3/gamedata/db/mods/textures_fx.db:gamedata",
                    "addonName": "Expedition 2.3 (Part 3)"
                },
                {
                    "priority": 6,
                    "path": "Stalker_Anomaly_Expedition_2.3 - Part 3/gamedata/db/mods/textures_wpn.db*:gamedata/textures/wpn/hud_nvg_gen*",
                    "addonName": "Expedition 2.3 (Part 3)"
                }
            ],
            "excludePaths": "exclude-duplicates.json",
            "installedSizeMB": 8
        },
        {
            "modName": "GAMMA EXP Edition Complete - Shaders [ EXP LEGACY ]",
            "info": "Shaders pack mod: the original shaders from Expedition 2.3 which were based on Enhanced Shaders 1.9 with my own SSS updates up to version 17.2",
            "modType": "xrdbmod",
            "addonName": "Expedition 2.3 (Part 2)",
            "pathToGamedata": [
                {
                    "path": "Stalker_Anomaly_Expedition_2.3 - Part 2/gamedata/db/mods/shaders.db:gamedata",
                    "addonName": "Expedition 2.3 (Part 2)"
                },
                {
                    "path": "Stalker_Anomaly_Expedition_2.3 - Part 2/gamedata/db/mods/scripts.db:gamedata/scripts/ssfx_w*",
                    "addonName": "Expedition 2.3 (Part 2)"
                },
                {
                    "path": "Stalker_Anomaly_Expedition_2.3 - Part 2/gamedata/db/mods/configs.db:gamedata/configs/text/eng/ssfx*",
                    "addonName": "Expedition 2.3 (Part 2)"
                },
                {
                    "path": "Stalker_Anomaly_Expedition_2.3 - Part 2/gamedata/db/mods/configs.db:gamedata/configs/text/rus/ssfx*",
                    "addonName": "Expedition 2.3 (Part 2)"
                },
                {
                    "path": "Stalker_Anomaly_Expedition_2.3 - Part 2/gamedata/db/mods/anims.db:gamedata/anims/bas_nightvision*",
                    "addonName": "Expedition 2.3 (Part 2)"
                },
                {
                    "path": "Stalker_Anomaly_Expedition_2.3 - Part 2/gamedata/db/mods/scripts.db:gamedata/scripts/demonized_geometry_ray.script",
                    "addonName": "Expedition 2.3 (Part 2)"
                },
                {
                    "path": "Stalker_Anomaly_Expedition_2.3 - Part 2/gamedata/db/mods/scripts.db:gamedata/scripts/ssfx_0*",
                    "addonName": "Expedition 2.3 (Part 2)"
                },
                {
                    "path": "Stalker_Anomaly_Expedition_2.3 - Part 3/gamedata/db/mods/textures_fx.db:gamedata",
                    "addonName": "Expedition 2.3 (Part 3)"
                },
                {
                    "path": "Stalker_Anomaly_Expedition_2.3 - Part 3/gamedata/db/mods/textures_wpn.db*:gamedata/textures/wpn/hud_nvg_gen*",
                    "addonName": "Expedition 2.3 (Part 3)"
                },
                {
                    "path": "LEGACY/SSFX/DoF/gamedata/scripts/ssfx_weapons_dof_mcm.script",
                    "type": "patch"
                },
                {
                    "path": "GAMMA Patch/gamedata/shaders",
                    "type": "patch"
                },
                {
                    "path": "LEGACY/SSFX/Main/gamedata",
                    "type": "patch"
                },
                {
                    "path": "00 - MAIN FILE/gamedata/configs",
                    "addonName": "Screenspace Shaders Legacy"
                },
                {
                    "path": "00 - MAIN FILE/gamedata/scripts",
                    "addonName": "Screenspace Shaders Legacy"
                },
                {
                    "path": "LEGACY/SSFX/Rain Puddles/gamedata",
                    "type": "patch"
                },
                {
                    "path": "05 - Rain/gamedata",
                    "addonName": "Screenspace Shaders Legacy"
                },
                {
                    "path": "05 - Rain - Puddles/gamedata",
                    "addonName": "Screenspace Shaders Legacy"
                },
                {
                    "path": "05 - Rain - Footsteps/gamedata",
                    "addonName": "Screenspace Shaders Legacy"
                },
                {
                    "path": "05 - Rain - Footsteps/db/mods/ssfx_rain_footsteps.db0",
                    "addonName": "Screenspace Shaders Legacy",
                    "target": "db/mods/ssfx_rain_footsteps.db0"
                },
                {
                    "path": "05 - Rain - HUD Raindrops/gamedata",
                    "addonName": "Screenspace Shaders Legacy"
                },
                {
                    "path": "06 - Weapons DOF/gamedata",
                    "addonName": "Screenspace Shaders Legacy"
                },
                {
                    "path": "08 - New Shadow Features/gamedata",
                    "addonName": "Screenspace Shaders Legacy"
                },
                {
                    "path": "09 - Interactive Grass/gamedata",
                    "addonName": "Screenspace Shaders Legacy"
                },
                {
                    "path": "90 - SHADOWS FIXES/gamedata",
                    "addonName": "Screenspace Shaders Legacy"
                },
                {
                    "path": "92 - FLORA FIXES & IMPROVEMENTS/gamedata",
                    "addonName": "Screenspace Shaders Legacy"
                },
                {
                    "path": "95 - BLOOD DECALS/gamedata",
                    "addonName": "Screenspace Shaders Legacy"
                }
            ],
            "excludePaths": "exclude-shaders.json",
            "installedSizeMB": 21
        }
    ],
    "customMods": [
        {
            "modName": "GAMMA EXP Edition Complete - HDetoxyfier [ Replaces NPC HD models to Vanilla ]", 
            "info": "replaces NPC HD models to Vanilla",
            "modType": "patch",
            "addonName": "",
            "pathToGamedata": "HDetoxyfier/gamedata",
            "installedSizeMB": 1
        },        
        {
            "modName": "GAMMA EXP Edition Complete - NPC Models Replacer",
            "info": "NPC Models Replacer",
            "modType": "mod",
            "addonName": "NPC Models Replacer",
            "pathToGamedata": "gamedata",
            "installedSizeMB": 1
        },        
        {
            "modName": "GAMMA EXP Edition Complete - BHS Reworked",
            "info": "BHS Reworked",
            "modType": "mod",
            "addonName": "BHS Reworked",
            "pathToGamedata": "gamedata",
            "installedSizeMB": 5
        },
        {
            "modName": "GAMMA EXP Edition Complete - Body Health System Realistic Overhaul (BHSRO)",
            "info": "",
            "modType": "fomod",
            "addonName": "BHSRO",
            "pathToGamedata": [
                {
                    "priority": 0,
                    "path": "Installer/Main Files/gamedata"
                },
                {
                    "priority": 1,
                    "path": "Installer/Optionals/New Actor Damage Balancer(GAMMA)/gamedata"
                },
                {
                    "priority": 2,
                    "path": "Installer/Optionals/Radiation Effects Overhaul(GAMMA)/gamedata"
                },
                {
                    "priority": 3,
                    "path": "Installer/Optionals/BHSRO No old ammo + Enhanced GUI compat/gamedata"
                },                
                {
                    "priority": 4,
                    "path": "BHSRO/gamedata",
                    "type": "patch"
                }
            ],
            "excludePaths": "exclude-bhsro.json",
            "installedSizeMB": 47
        },
        {
            "modName": "GAMMA EXP Edition Complete - AYDINS GRASS TWEAKS [ Summer ]",
            "info": "",
            "modType": "fomod",
            "addonName": "AYDINS GRASS TWEAKS",
            "pathToGamedata": [
                {
                    "priority": 0,
                    "path": "Aydin's Grass Tweaks - SUMMER 3.0/gamedata"
                },
                {
                    "priority": 1,
                    "path": "Aydin's Grass Tweaks - SUMMER TREES 3.0/gamedata"
                },
                {
                    "priority": 2,
                    "path": "Summer/gamedata",
                    "addonName": "AYDINS GRASS TWEAKS SSS TERRAIN LOD"
                }
            ],
            "installedSizeMB": 798
        },
        {
            "modName": "GAMMA EXP Edition Complete - Textures [ EXP ]",
            "info": "",
            "modType": "xrdbmod",
            "addonName": "Expedition 2.3 (Part 2)",
            "pathToGamedata": [
                {
                    "path": "Stalker_Anomaly_Expedition_2.3 - Part 3/gamedata/db/mods/textures_mtl.db:gamedata",
                    "addonName": "Expedition 2.3 (Part 3)"
                },
                {
                    "path": "Stalker_Anomaly_Expedition_2.3 - Part 3/gamedata/db/mods/textures_ston.db:gamedata",
                    "addonName": "Expedition 2.3 (Part 3)"
                },
                {
                    "path": "Stalker_Anomaly_Expedition_2.3 - Part 3/gamedata/db/mods/textures_veh.db:gamedata",
                    "addonName": "Expedition 2.3 (Part 3)"
                },
                {
                    "path": "Stalker_Anomaly_Expedition_2.3 - Part 3/gamedata/db/mods/thms.db*:gamedata/textures/door",
                    "addonName": "Expedition 2.3 (Part 3)"
                }
            ],
            "excludePaths": "exclude-duplicates.json",
            "installedSizeMB": 961
        },
        {
            "modName": "GAMMA EXP Edition Complete - BEEF'S NVG, IMPROVED",
            "info": "",
            "modType": "fomod",
            "addonName": "BEEF'S NVG, IMPROVED",
            "pathToGamedata": [
                {
                    "priority": 0,
                    "path": "Beef's NVGs/gamedata"
                },
                {
                    "priority": 1,
                    "path": "Beef's NVGs - Patch (ES AND SSR)/gamedata"
                }
            ],
            "excludePaths": "exclude-beef-improved.json",
            "installedSizeMB": 1
        },
        {
            "modName": "GAMMA EXP Edition Complete - Shaders [ EXP ]",
            "info": "Shaders pack mod: the original shaders from Expedition 2.3 updated to use Enhanced Shaders 1.10 and latest SSS version integration by me",
            "modType": "xrdbmod",
            "addonName": "Expedition 2.3 (Part 2)",
            "pathToGamedata": [
                {
                    "path": "01 Enhanced Shaders - PBR/gamedata",
                    "addonName": "Enhanced Shaders"
                },
                {
                    "path": "02 Enhanced Color Grading/gamedata",
                    "addonName": "Enhanced Shaders"
                },
                {
                    "path": "Optional - Corrected Cubemaps/gamedata",
                    "addonName": "Enhanced Shaders"
                },
                {
                    "path": "Optional - Fixed Bloom/gamedata",
                    "addonName": "Enhanced Shaders"
                },
                {
                    "path": "Optional - shader_param controls/gamedata",
                    "addonName": "Enhanced Shaders"
                },
                {
                    "path": "Stalker_Anomaly_Expedition_2.3 - Part 2/gamedata/db/mods/shaders.db:gamedata/shaders/r1",
                    "addonName": "Expedition 2.3 (Part 2)"
                },
                {
                    "path": "Stalker_Anomaly_Expedition_2.3 - Part 2/gamedata/db/mods/shaders.db:gamedata/shaders/r2",
                    "addonName": "Expedition 2.3 (Part 2)"
                },
                {
                    "path": "Stalker_Anomaly_Expedition_2.3 - Part 2/gamedata/db/mods/shaders.db:gamedata/shaders/r3/aces_lmts/lmt_blue_fix.h",
                    "addonName": "Expedition 2.3 (Part 2)"
                },
                {
                    "path": "Stalker_Anomaly_Expedition_2.3 - Part 2/gamedata/db/mods/shaders.db:gamedata/shaders/r3/aces_lmts/lmt_contrast_reduction.h",
                    "addonName": "Expedition 2.3 (Part 2)"
                },
                {
                    "path": "Stalker_Anomaly_Expedition_2.3 - Part 2/gamedata/db/mods/shaders.db:gamedata/shaders/r3/accum_emissive_glowo.ps",
                    "addonName": "Expedition 2.3 (Part 2)"
                },
                {
                    "path": "Stalker_Anomaly_Expedition_2.3 - Part 2/gamedata/db/mods/shaders.db:gamedata/shaders/r3/img_corrections.h",
                    "addonName": "Expedition 2.3 (Part 2)"
                },
                {
                    "path": "Stalker_Anomaly_Expedition_2.3 - Part 2/gamedata/db/mods/shaders.db:gamedata/shaders/r3/mip_fog.h",
                    "addonName": "Expedition 2.3 (Part 2)"
                },
                {
                    "path": "Stalker_Anomaly_Expedition_2.3 - Part 2/gamedata/db/mods/shaders.db:gamedata/shaders/r3/models_laserbeam.ps",
                    "addonName": "Expedition 2.3 (Part 2)"
                },
                {
                    "path": "Stalker_Anomaly_Expedition_2.3 - Part 2/gamedata/db/mods/shaders.db:gamedata/shaders/r3/models_scope_thermo_3.ps",
                    "addonName": "Expedition 2.3 (Part 2)"
                },
                {
                    "path": "Stalker_Anomaly_Expedition_2.3 - Part 2/gamedata/db/mods/shaders.db:gamedata/shaders/r3/models_scope_thermo_3.s",
                    "addonName": "Expedition 2.3 (Part 2)"
                },
                {
                    "path": "Stalker_Anomaly_Expedition_2.3 - Part 2/gamedata/db/mods/shaders.db:gamedata/shaders/r3/models_selflight.s",
                    "addonName": "Expedition 2.3 (Part 2)"
                },
                {
                    "path": "Stalker_Anomaly_Expedition_2.3 - Part 2/gamedata/db/mods/shaders.db:gamedata/shaders/r3/models_selflight_det.s",
                    "addonName": "Expedition 2.3 (Part 2)"
                },
                {
                    "path": "Stalker_Anomaly_Expedition_2.3 - Part 2/gamedata/db/mods/shaders.db:gamedata/shaders/r3/models_selflightl.s",
                    "addonName": "Expedition 2.3 (Part 2)"
                },
                {
                    "path": "Stalker_Anomaly_Expedition_2.3 - Part 2/gamedata/db/mods/shaders.db:gamedata/shaders/r3/pbr_brdf.h",
                    "addonName": "Expedition 2.3 (Part 2)"
                },
                {
                    "path": "Stalker_Anomaly_Expedition_2.3 - Part 2/gamedata/db/mods/shaders.db:gamedata/shaders/r3/pbr_settings.h",
                    "addonName": "Expedition 2.3 (Part 2)"
                },
                {
                    "path": "Stalker_Anomaly_Expedition_2.3 - Part 2/gamedata/db/mods/shaders.db:gamedata/shaders/r3/sky2.vs",
                    "addonName": "Expedition 2.3 (Part 2)"
                },
                {
                    "path": "Stalker_Anomaly_Expedition_2.3 - Part 2/gamedata/db/mods/shaders.db:gamedata/shaders/r3/check_screenspace_flora.h",
                    "addonName": "Expedition 2.3 (Part 2)"
                },
                {
                    "path": "Stalker_Anomaly_Expedition_2.3 - Part 2/gamedata/db/mods/shaders.db:gamedata/shaders/r3/check_screenspace_il.h",
                    "addonName": "Expedition 2.3 (Part 2)"
                },
                {
                    "path": "Stalker_Anomaly_Expedition_2.3 - Part 2/gamedata/db/mods/shaders.db:gamedata/shaders/r3/combine_1.ps",
                    "addonName": "Expedition 2.3 (Part 2)"
                },
                {
                    "path": "Stalker_Anomaly_Expedition_2.3 - Part 2/gamedata/db/mods/shaders.db:gamedata/shaders/r3/deffer_impl_flat.ps",
                    "addonName": "Expedition 2.3 (Part 2)"
                },
                {
                    "path": "Stalker_Anomaly_Expedition_2.3 - Part 2/gamedata/db/mods/shaders.db:gamedata/shaders/r3/settings_screenspace_ao.h",
                    "addonName": "Expedition 2.3 (Part 2)"
                },
                {
                    "path": "Stalker_Anomaly_Expedition_2.3 - Part 2/gamedata/db/mods/shaders.db:gamedata/shaders/r3/settings_screenspace_fog.h",
                    "addonName": "Expedition 2.3 (Part 2)"
                },
                {
                    "path": "Stalker_Anomaly_Expedition_2.3 - Part 2/gamedata/db/mods/shaders.db:gamedata/shaders/r3/settings_screenspace_puddles.h",
                    "addonName": "Expedition 2.3 (Part 2)"
                },
                {
                    "path": "Stalker_Anomaly_Expedition_2.3 - Part 2/gamedata/db/mods/shaders.db:gamedata/shaders/r3/settings_screenspace_ssr.h",
                    "addonName": "Expedition 2.3 (Part 2)"
                },
                {
                    "path": "Stalker_Anomaly_Expedition_2.3 - Part 2/gamedata/db/mods/shaders.db:gamedata/shaders/r3/settings_screenspace_water.h",
                    "addonName": "Expedition 2.3 (Part 2)"
                },
                {
                    "path": "Stalker_Anomaly_Expedition_2.3 - Part 2/gamedata/db/mods/shaders.db:gamedata/shaders/r3/ssao_hbao.ps",
                    "addonName": "Expedition 2.3 (Part 2)"
                },
                {
                    "path": "Stalker_Anomaly_Expedition_2.3 - Part 2/gamedata/db/mods/shaders.db:gamedata/shaders/r3/ssao_hdao_new.ps",
                    "addonName": "Expedition 2.3 (Part 2)"
                },
                {
                    "path": "Stalker_Anomaly_Expedition_2.3 - Part 2/gamedata/db/mods/shaders.db:gamedata/shaders/r3/ssdo.ps",
                    "addonName": "Expedition 2.3 (Part 2)"
                },
                {
                    "path": "Stalker_Anomaly_Expedition_2.3 - Part 3/gamedata/db/mods/textures_fx.db:gamedata",
                    "addonName": "Expedition 2.3 (Part 3)"
                },
                {
                    "path": "Stalker_Anomaly_Expedition_2.3 - Part 3/gamedata/db/mods/textures_wpn.db*:gamedata/textures/wpn/hud_nvg_gen*",
                    "addonName": "Expedition 2.3 (Part 3)"
                },
                {
                    "path": "GAMMA Patch/gamedata/shaders",
                    "type": "patch"
                },
                {
                    "path": "EXP_ES_PATCH/gamedata/shaders",
                    "type": "patch"
                },
                {
                    "path": "00 - MAIN FILE/gamedata",
                    "addonName": "Screenspace Shaders"
                },
                {
                    "path": "00 - PATCH - [ Enhanced Shaders 1.10 ]/gamedata",
                    "addonName": "Screenspace Shaders"
                },
                {
                    "path": "01 - Ambient Occlusion/gamedata",
                    "addonName": "Screenspace Shaders"
                },
                {
                    "path": "02 - SSS/gamedata",
                    "addonName": "Screenspace Shaders"
                },
                {
                    "path": "03 - SSR/gamedata",
                    "addonName": "Screenspace Shaders"
                },
                {
                    "path": "04 - SSR Water/gamedata",
                    "addonName": "Screenspace Shaders"
                },
                {
                    "path": "05 - Rain/gamedata",
                    "addonName": "Screenspace Shaders"
                },
                {
                    "path": "05 - Rain - Footsteps/gamedata",
                    "addonName": "Screenspace Shaders"
                },
                {
                    "path": "05 - Rain - Footsteps/db/mods/ssfx_rain_footsteps.db0",
                    "target": "db/mods/ssfx_rain_footsteps.db0",
                    "addonName": "Screenspace Shaders"
                },
                {
                    "path": "05 - Rain - HUD Raindrops/gamedata",
                    "addonName": "Screenspace Shaders"
                },
                {
                    "path": "05 - Rain - Puddles/gamedata",
                    "addonName": "Screenspace Shaders"
                },
                {
                    "path": "06 - Weapons DOF/gamedata",
                    "addonName": "Screenspace Shaders"
                },
                {
                    "path": "07 - Indirect Light/gamedata",
                    "addonName": "Screenspace Shaders"
                },
                {
                    "path": "08 - New Shadow & Light Features/gamedata",
                    "addonName": "Screenspace Shaders"
                },
                {
                    "path": "09 - Interactive Grass/gamedata",
                    "addonName": "Screenspace Shaders"
                },
                {
                    "path": "10 - Wind/gamedata",
                    "addonName": "Screenspace Shaders"
                },
                {
                    "path": "11 - Terrain Upgrade/gamedata",
                    "addonName": "Screenspace Shaders"
                },
                {
                    "path": "50 - PostProcess - LUT/gamedata",
                    "addonName": "Screenspace Shaders"
                },
                {
                    "path": "91 - SKY DEBANDING/gamedata",
                    "addonName": "Screenspace Shaders"
                },
                {
                    "path": "92 - FLORA FIXES & IMPROVEMENTS/gamedata",
                    "addonName": "Screenspace Shaders"
                },
                {
                    "path": "93 - FOG/gamedata",
                    "addonName": "Screenspace Shaders"
                },
                {
                    "path": "95 - BLOOD DECALS/gamedata",
                    "addonName": "Screenspace Shaders"
                },
                {
                    "path": "96 - IMPROVED GLOSS & WET SURFACES - [ ES Required ]/gamedata",
                    "addonName": "Screenspace Shaders"
                },
                {
                    "path": "EXP_SSS_PATCH/gamedata",
                    "type": "patch"
                },
                {
                    "path": "EXP_BeefNVGs improved/gamedata",
                    "type": "patch"
                },
                {
                    "path": "EXP Patch/gamedata",
                    "type": "patch"
                }
            ],
            "excludePaths": "exclude-shaders.json",
            "installedSizeMB": 225
        },
        {
            "modName": "GAMMA EXP Edition Complete - VFX [ EXP ]",
            "info": "Adds Expedition visual effects",
            "modType": "xrdbmod",
            "addonName": "Expedition 2.3 (Part 3)",
            "pathToGamedata": [
                {
                    "priority": 0,
                    "path": "Stalker_Anomaly_Expedition_2.3 - Part 3/gamedata/db/mods/textures_cinemavfx.db:gamedata"
                },
                {
                    "priority": 1,
                    "path": "Stalker_Anomaly_Expedition_2.3 - Part 3/gamedata/db/mods/textures_crysis_3.db:gamedata"
                },
                {
                    "priority": 2,
                    "path": "Stalker_Anomaly_Expedition_2.3 - Part 3/gamedata/db/mods/textures_fallout4.db:gamedata"
                },
                {
                    "priority": 3,
                    "path": "Stalker_Anomaly_Expedition_2.3 - Part 3/gamedata/db/mods/textures_farcry4.db:gamedata"
                },
                {
                    "priority": 4,
                    "path": "Stalker_Anomaly_Expedition_2.3 - Part 3/gamedata/db/mods/textures_glow.db:gamedata"
                },
                {
                    "priority": 5,
                    "path": "Stalker_Anomaly_Expedition_2.3 - Part 3/gamedata/db/mods/textures_jdude.db:gamedata"
                },
                {
                    "priority": 6,
                    "path": "Stalker_Anomaly_Expedition_2.3 - Part 3/gamedata/db/mods/textures_pfx.db:gamedata"
                },
                {
                    "priority": 7,
                    "path": "Stalker_Anomaly_Expedition_2.3 - Part 3/gamedata/db/mods/textures_unrealengine.db:gamedata"
                },
                {
                    "priority": 8,
                    "path": "Stalker_Anomaly_Expedition_2.3 - Part 3/gamedata/db/mods/xr.db:gamedata"
                },
                {
                    "priority": 9,
                    "path": "Stalker_Anomaly_Expedition_2.3 - Part 3/gamedata/db/mods/textures_limbsmodels.db:gamedata"
                },
                {
                    "priority": 10,
                    "path": "Stalker_Anomaly_Expedition_2.3 - Part 2/gamedata/db/mods/anims.db:gamedata/anims/postprocess_rad.ppe",
                    "addonName": "Expedition 2.3 (Part 2)"
                },
                {
                    "priority": 11,
                    "path": "Stalker_Anomaly_Expedition_2.3 - Part 2/gamedata/db/mods/anims.db:gamedata/anims/radiation.ppe",
                    "addonName": "Expedition 2.3 (Part 2)"
                },
                {
                    "priority": 12,
                    "path": "Stalker_Anomaly_Expedition_2.3 - Part 2/gamedata/db/mods/configs.db:gamedata/configs/items/items/items_limb*",
                    "addonName": "Expedition 2.3 (Part 2)"
                },
                {
                    "priority": 13,
                    "path": "Stalker_Anomaly_Expedition_2.3 - Part 2/gamedata/db/mods/configs.db:gamedata/configs/text/eng/ui_st_dismemb.xml",
                    "addonName": "Expedition 2.3 (Part 2)"
                },
                {
                    "priority": 14,
                    "path": "Stalker_Anomaly_Expedition_2.3 - Part 2/gamedata/db/mods/configs.db:gamedata/configs/text/rus/ui_st_dismemb.xml",
                    "addonName": "Expedition 2.3 (Part 2)"
                },
                {
                    "priority": 15,
                    "path": "Stalker_Anomaly_Expedition_2.3 - Part 2/gamedata/db/mods/scripts.db:gamedata/scripts/dismemb*",
                    "addonName": "Expedition 2.3 (Part 2)"
                },
                {
                    "priority": 16,
                    "path": "Stalker_Anomaly_Expedition_2.3 - Part 2/gamedata/db/mods/meshes.db*:gamedata/meshes/limbsmodels",
                    "addonName": "Expedition 2.3 (Part 2)"
                },
                {
                    "priority": 17,
                    "path": "Expedition 2.3 - Mandatory Pach/gamedata/particles.xr",
                    "addonName": "Expedition 2.3 - Mandatory Pach"
                },
                {
                    "priority": 18,
                    "path": "Expedition 2.3 - Mandatory Pach/gamedata/textures/unrealengine",
                    "addonName": "Expedition 2.3 - Mandatory Pach"
                },
                {
                    "priority": 19,
                    "path": "Expedition 2.3 - Mandatory Pach/gamedata/scripts/yawm_snowfall.script",
                    "addonName": "Expedition 2.3 - Mandatory Pach"
                },
                {
                    "priority": 20,
                    "path": "Expedition 2.3 - Mandatory Pach/gamedata/configs/creatures",
                    "addonName": "Expedition 2.3 - Mandatory Pach"
                },
                {
                    "priority": 21,
                    "path": "VFX Patch/gamedata",
                    "type": "patch"
                }
            ],
            "excludePaths": "exclude-vfx.json",
            "installedSizeMB": 1117
        },
        {
            "modName": "GAMMA EXP Edition Complete - Weather [ EXP ]",
            "info": "",
            "modType": "xrdbmod",
            "addonName": "Expedition 2.3 (Part 3)",
            "pathToGamedata": [
                {
                    "priority": 0,
                    "path": "Stalker_Anomaly_Expedition_2.3 - Part 3/gamedata/db/mods/textures_anamflares.db:gamedata"
                },
                {
                    "priority": 1,
                    "path": "Stalker_Anomaly_Expedition_2.3 - Part 3/gamedata/db/mods/textures_sky.db:gamedata/textures/sky/af3_a_clear"
                },
                {
                    "priority": 2,
                    "path": "Stalker_Anomaly_Expedition_2.3 - Part 3/gamedata/db/mods/textures_sky.db:gamedata/textures/sky/af3_a_partly"
                },
                {
                    "priority": 3,
                    "path": "Stalker_Anomaly_Expedition_2.3 - Part 3/gamedata/db/mods/textures_sky.db:gamedata/textures/sky/af3_rainy"
                },
                {
                    "priority": 4,
                    "path": "Stalker_Anomaly_Expedition_2.3 - Part 3/gamedata/db/mods/textures_sky.db:gamedata/textures/sky/expedition_rain"
                },
                {
                    "priority": 5,
                    "path": "Stalker_Anomaly_Expedition_2.3 - Part 2/gamedata/db/mods/configs.db:gamedata/configs/environment",
                    "addonName": "Expedition 2.3 (Part 2)"
                },
                {
                    "priority": 6,
                    "path": "Stalker_Anomaly_Expedition_2.3 - Part 2/gamedata/db/mods/scripts.db:gamedata/scripts/level_environment.script",
                    "addonName": "Expedition 2.3 (Part 2)"
                },
                {
                    "priority": 7,
                    "path": "Stalker_Anomaly_Expedition_2.3 - Part 2/gamedata/db/mods/scripts.db:gamedata/scripts/weather_dynamic_params.script",
                    "addonName": "Expedition 2.3 (Part 2)"
                },
                {
                    "priority": 8,
                    "path": "Expedition 2.3 - Mandatory Pach/gamedata/textures/sky",
                    "addonName": "Expedition 2.3 - Mandatory Pach"
                },
                {
                    "priority": 9,
                    "path": "Expedition 2.3 - Mandatory Pach/gamedata/configs/environment",
                    "addonName": "Expedition 2.3 - Mandatory Pach"
                },
                {
                    "priority": 10,
                    "path": "EXP_Weather/gamedata",
                    "type": "patch"
                }
            ],
            "installedSizeMB": 352
        },
        {
            "modName": "GAMMA EXP Edition Complete - Sounds",
            "info": "",
            "modType": "xrdbmod",
            "addonName": "Expedition 2.3 (Part 2)",
            "pathToGamedata": [
                {
                    "priority": 0,
                    "path": "Stalker_Anomaly_Expedition_2.3 - Part 2/gamedata/db/mods/sounds.db:gamedata"
                }
            ],
            "excludePaths": "exclude-duplicates.json",
            "installedSizeMB": 1074
        },
        {
            "modName": "GAMMA EXP Edition Complete - Music",
            "info": "Adds all Expedition music in one mod",
            "modType": "xrdbmod",
            "addonName": "Expedition 2.3 (Part 2)",
            "pathToGamedata": [
                {
                    "path": "Stalker_Anomaly_Expedition_2.3 - Part 2/gamedata/db/mods/sounds.db:gamedata/sounds/music"
                },
                {
                    "path": "GAMMA Music Patch/gamedata",
                    "type": "patch"
                }
            ],
            "excludePaths": "exclude-duplicates.json",
            "installedSizeMB": 600
        },
        {
            "modName": "GAMMA EXP Edition Complete - UI Loading screens",
            "info": "Enables Expedition 2.3 loading screens",
            "modType": "xrdbmod",
            "addonName": "Expedition 2.3 (Part 3)",
            "pathToGamedata": [
                {
                    "priority": 0,
                    "path": "Stalker_Anomaly_Expedition_2.3 - Part 3/gamedata/db/mods/textures_intro.db:gamedata"
                }
            ],
            "installedSizeMB": 89
        },
        {
            "modName": "GAMMA EXP Edition Complete - HD Models [ EXP ]",
            "info": "",
            "modType": "xrdbmod",
            "addonName": "Expedition 2.3 (Part 3)",
            "pathToGamedata": [
                {
                    "priority": 0,
                    "path": "Stalker_Anomaly_Expedition_2.3 - Part 3/gamedata/db/mods/textures_act.db*:gamedata"
                },
                {
                    "priority": 1,
                    "path": "Stalker_Anomaly_Expedition_2.3 - Part 3/gamedata/db/mods/thms.db*:gamedata/textures/act"
                },
                {
                    "priority": 2,
                    "path": "Stalker_Anomaly_Expedition_2.3 - Part 3/gamedata/db/mods/thms.db*:gamedata/textures/freedom"
                },
                {
                    "priority": 3,
                    "path": "Stalker_Anomaly_Expedition_2.3 - Part 3/gamedata/db/mods/textures_bandits.db:gamedata"
                },
                {
                    "priority": 4,
                    "path": "Stalker_Anomaly_Expedition_2.3 - Part 3/gamedata/db/mods/textures_bf4_merc.db:gamedata"
                },
                {
                    "priority": 5,
                    "path": "Stalker_Anomaly_Expedition_2.3 - Part 3/gamedata/db/mods/textures_chevron.db:gamedata"
                },
                {
                    "priority": 6,
                    "path": "Stalker_Anomaly_Expedition_2.3 - Part 3/gamedata/db/mods/textures_dead_corp.db:gamedata"
                },
                {
                    "priority": 7,
                    "path": "Stalker_Anomaly_Expedition_2.3 - Part 3/gamedata/db/mods/textures_duty.db:gamedata"
                },
                {
                    "priority": 8,
                    "path": "Stalker_Anomaly_Expedition_2.3 - Part 3/gamedata/db/mods/textures_freedom.db:gamedata"
                },
                {
                    "priority": 9,
                    "path": "Stalker_Anomaly_Expedition_2.3 - Part 3/gamedata/db/mods/textures_hip.db:gamedata"
                },
                {
                    "priority": 10,
                    "path": "Stalker_Anomaly_Expedition_2.3 - Part 3/gamedata/db/mods/textures_loner.db:gamedata"
                },
                {
                    "priority": 11,
                    "path": "Stalker_Anomaly_Expedition_2.3 - Part 3/gamedata/db/mods/textures_merc.db:gamedata"
                },
                {
                    "priority": 12,
                    "path": "Stalker_Anomaly_Expedition_2.3 - Part 3/gamedata/db/mods/textures_monolith.db:gamedata"
                },
                {
                    "priority": 13,
                    "path": "Stalker_Anomaly_Expedition_2.3 - Part 3/gamedata/db/mods/textures_zombie_head.db:gamedata"
                },
                {
                    "priority": 14,
                    "path": "Stalker_Anomaly_Expedition_2.3 - Part 3/gamedata/db/mods/textures_soldier.db:gamedata"
                },
                {
                    "priority": 15,
                    "path": "Stalker_Anomaly_Expedition_2.3 - Part 3/gamedata/db/mods/thms.db*:gamedata/textures/zombie_head"
                },
                {
                    "priority": 16,
                    "path": "Stalker_Anomaly_Expedition_2.3 - Part 3/gamedata/db/mods/thms.db*:gamedata/textures/bandits"
                },
                {
                    "priority": 17,
                    "path": "Stalker_Anomaly_Expedition_2.3 - Part 3/gamedata/db/mods/thms.db*:gamedata/textures/bf4_merc"
                },
                {
                    "priority": 18,
                    "path": "Stalker_Anomaly_Expedition_2.3 - Part 3/gamedata/db/mods/thms.db*:gamedata/textures/chevron"
                },
                {
                    "priority": 19,
                    "path": "Stalker_Anomaly_Expedition_2.3 - Part 3/gamedata/db/mods/thms.db*:gamedata/textures/dead_corp"
                },
                {
                    "priority": 20,
                    "path": "Stalker_Anomaly_Expedition_2.3 - Part 3/gamedata/db/mods/thms.db*:gamedata/textures/duty"
                },
                {
                    "priority": 21,
                    "path": "Stalker_Anomaly_Expedition_2.3 - Part 3/gamedata/db/mods/textures_exo_body.db:gamedata"
                },
                {
                    "priority": 22,
                    "path": "Stalker_Anomaly_Expedition_2.3 - Part 3/gamedata/db/mods/textures_seva_body.db:gamedata"
                },
                {
                    "priority": 23,
                    "path": "Stalker_Anomaly_Expedition_2.3 - Part 3/gamedata/db/mods/textures_gasmask.db:gamedata"
                },
                {
                    "priority": 24,
                    "path": "Stalker_Anomaly_Expedition_2.3 - Part 3/gamedata/db/mods/thms.db*:gamedata/textures/exo_body"
                },
                {
                    "priority": 25,
                    "path": "Stalker_Anomaly_Expedition_2.3 - Part 3/gamedata/db/mods/thms.db*:gamedata/textures/gasmask"
                },
                {
                    "priority": 26,
                    "path": "Stalker_Anomaly_Expedition_2.3 - Part 2/gamedata/db/mods/textures.db*:gamedata",
                    "addonName": "Expedition 2.3 (Part 2)"
                },
                {
                    "priority": 27,
                    "path": "Stalker_Anomaly_Expedition_2.3 - Part 2/gamedata/db/mods/meshes.db*:gamedata/meshes/actors",
                    "addonName": "Expedition 2.3 (Part 2)"
                },
                {
                    "priority": 28,
                    "path": "Stalker_Anomaly_Expedition_2.3 - Part 2/gamedata/db/mods/meshes.db*:gamedata/meshes/anomaly_weapons/hands",
                    "addonName": "Expedition 2.3 (Part 2)"
                },
                {
                    "priority": 29,
                    "path": "Stalker_Anomaly_Expedition_2.3 - Part 2/gamedata/db/mods/textures_act.db*:gamedata",
                    "addonName": "Expedition 2.3 (Part 2)"
                },
                {
                    "priority": 30,
                    "path": "Expedition 2.3 - Mandatory Pach/gamedata/textures/act",
                    "addonName": "Expedition 2.3 - Mandatory Pach"
                },
                {
                    "priority": 31,
                    "path": "Expedition 2.3 - Mandatory Pach/gamedata/meshes/actors",
                    "addonName": "Expedition 2.3 - Mandatory Pach"
                }
            ],
            "excludePaths": "exclude-npc.json",
            "installedSizeMB": 14160
        },
        {
            "modName": "GAMMA EXP Edition Complete - HD Models [ Toggle, enables HD models in the game ]",
            "info": "",
            "modType": "xrdbmod",
            "addonName": "Expedition 2.3 (Part 2)",
            "pathToGamedata": [
                {
                    "priority": 0,
                    "path": "Stalker_Anomaly_Expedition_2.3 - Part 2/gamedata/db/mods/configs.db:gamedata/configs/gameplay"
                },
                {
                    "priority": 1,
                    "path": "Stalker_Anomaly_Expedition_2.3 - Part 2/gamedata/db/mods/configs.db:gamedata/configs/misc/squad_descr"
                },
                {
                    "priority": 2,
                    "path": "Stalker_Anomaly_Expedition_2.3 - Part 2/gamedata/db/mods/configs.db:gamedata/configs/plugins/wepl_hit_effect_outfits.ltx"
                },
                {
                    "priority": 3,
                    "path": "Stalker_Anomaly_Expedition_2.3 - Part 2/gamedata/db/mods/configs.db:gamedata/configs/scripts"
                },
                {
                    "priority": 4,
                    "path": "Expedition 2.3 - Mandatory Pach/gamedata/configs/gameplay",
                    "addonName": "Expedition 2.3 - Mandatory Pach"
                },
                {
                    "priority": 5,
                    "path": "Expedition 2.3 - Mandatory Pach/gamedata/configs/items/outfits",
                    "addonName": "Expedition 2.3 - Mandatory Pach"
                },
                {
                    "priority": 6,
                    "path": "NPC Patch/gamedata",
                    "type": "patch"
                }
            ],
            "excludePaths": "exclude-npc_configs.json",
            "installedSizeMB": 1
        },
        {
            "modName": "GAMMA EXP Edition Complete - Dynahud Hud Manager [ Mod Requirements ]",
            "info": "Change the HUD with the Dynamic HUD",
            "modType": "fomod",
            "addonName": "Barts_Good_Ammo_Counters",
            "pathToGamedata": [
                {
                    "priority": 0,
                    "path": "Bart's_Good_Ammo_Counters_V2.1_1.5.1/gamedata"
                },
                {
                    "priority": 1,
                    "path": "gamedata",
                    "addonName": "FireModeCheck"
                },
                {
                    "priority": 2,
                    "path": "MAIN FILE - Install first/gamedata",
                    "addonName": "Ready_Or_Not_Check"
                },
                {
                    "priority": 3,
                    "path": "VERSION WITHOUT TEXT - Optional/gamedata",
                    "addonName": "Ready_Or_Not_Check"
                }
            ],
            "installedSizeMB": 8
        },
        {
            "modName": "GAMMA EXP Edition Complete - SIMPLE FLASHLIGHT REPLACER",
            "info": "",
            "modType": "fomod",
            "addonName": "SIMPLE FLASHLIGHT REPLACER",
            "pathToGamedata": [
                {
                    "priority": 0,
                    "path": "00 Main/gamedata"
                },
                {
                    "priority": 1,
                    "path": "Flashlight/custom/gamedata",
                    "type": "patch"
                }
            ],
            "installedSizeMB": 11
        },
        {
            "modName": "GAMMA EXP Edition Complete - Dynahud Hud Manager [ Reinstall to configure ]",
            "info": "Change the HUD with the Dynamic HUD",
            "modType": "fomod",
            "addonName": "Dynahud Hud Manager",
            "pathToGamedata": [
                {
                    "priority": 0,
                    "path": "Dynahud/Main/gamedata"
                },
                {
                    "priority": 1,
                    "path": "Dynahud/Skins/Common/gamedata"
                },
                {
                    "priority": 2,
                    "path": "Dynahud/Skins/Common BHS/gamedata"
                },
                {
                    "priority": 3,
                    "path": "Dynahud/Skins/Minimalistic Ammo Count/gamedata"
                },
                {
                    "priority": 4,
                    "path": "Dynahud/Patches/Hybrid BHS GAMMA/gamedata"
                },
                {
                    "priority": 5,
                    "path": "Dynahud/Options/EGUI Compass Waypoints Bottom/gamedata"
                },
                {
                    "priority": 6,
                    "path": "Dynahud/Patches/Companion UI/minimalistic/gamedata"
                },
                {
                    "priority": 7,
                    "path": "Dynahud/Patches/EGUI/dynahud/minimalistic ammo count/gamedata"
                },
                {
                    "priority": 8,
                    "path": "Dynahud/Patches/Icon Timers/gamedata"
                }
            ],
            "installedSizeMB": 13
        },
        {
            "modName": "GAMMA EXP Edition Complete - Dynahud Hud Manager [ BHSRO patch - must enable BHSRO mod as well ]",
            "info": "Patches Dynahud to use BHSRO instead of BHS",
            "modType": "fomod",
            "addonName": "Dynahud Hud Manager",
            "pathToGamedata": [
                {
                    "priority": 0,
                    "path": "Dynahud/Skins/Common BHSRO/gamedata"
                },
                {
                    "priority": 1,
                    "path": "Dynahud/Patches/BHSRO GAMMA/gamedata"
                },
                {
                    "priority": 2,
                    "path": "Dynahud/Patches/EGUI/dynahud/minimalistic ammo count/gamedata"
                }
            ],
            "installedSizeMB": 1
        },
        {
            "modName": "GAMMA EXP Edition Complete - Dynahud Hud Manager [ BHS Reworked patch - must enable BHS Reworked mod as well ]",
            "info": "Patches Dynahud to use BHS Reworked instead of BHS",
            "modType": "fomod",
            "addonName": "Dynahud Hud Manager",
            "pathToGamedata": [
                {
                    "priority": 0,
                    "path": "Dynahud/Skins/BHS Reworked/gamedata"
                },
                {
                    "priority": 1,
                    "path": "Dynahud/Patches/BHS Reworked/gamedata"
                },
                {
                    "priority": 2,
                    "path": "BHS Reworked/gamedata",
                    "type": "patch"
                }
            ],
            "installedSizeMB": 4
        },
        {
            "modName": "GAMMA EXP Edition Complete - GAMMA Patch",
            "info": "patches for GAMMA compatibility",
            "modType": "patch",
            "addonName": "",
            "pathToGamedata": "GAMMA Patch/gamedata",
            "installedSizeMB": 1
        },
        {
            "modName": "GAMMA Enhanced GUI Menu",
            "info": "ENHANCED GUI INC",
            "modType": "fomod",
            "addonName": "ENHANCED GUI INC",
            "pathToGamedata": [
                {
                    "path": "01- Essentials/INC - 01 Enhanced GUI - [CORE]/gamedata/textures/logo_AMCM.dds"
                },
                {
                    "path": "01- Essentials/INC - 01 Enhanced GUI - [CORE]/gamedata/textures/logo_GSCWorld.dds"
                },
                {
                    "path": "01- Essentials/INC - 01 Enhanced GUI - [CORE]/gamedata/textures/logoGSC.dds"
                },
                {
                    "path": "01- Essentials/INC - 01 Enhanced GUI - [CORE]/gamedata/textures/logoINC.dds"
                },
                {
                    "path": "01- Essentials/INC - 01 Enhanced GUI - [CORE]/gamedata/textures/logoMODDB.dds"
                },
                {
                    "path": "01- Essentials/INC - 01 Enhanced GUI - [CORE]/gamedata/textures/logoSTALKER.dds"
                },
                {
                    "path": "01- Essentials/INC - 01 Enhanced GUI - [CORE]/gamedata/textures/ui"
                },
                {
                    "path": "02- Main Menu/INC - 11 Enhanced GUI - Call of Pripyat Elements/gamedata"
                },
                {
                    "path": "02- Main Menu/INC - 11 Enhanced GUI - Dynamic Backgrounds DLTX/gamedata"
                },
                {
                    "path": "02- Main Menu/INC - 12 Enhanced GUI - Main Menu/gamedata"
                },
                {
                    "path": "02- Main Menu/INC - 13 Enhanced GUI - Credits/gamedata"
                },
                {
                    "path": "06- Patches/INC - 71 PATCH - Main Menu - MCM/gamedata"
                },
                {
                    "path": "06- Patches/INC - 72 PATCH - Main Menu - Credits + MCM/gamedata"
                },
                {
                    "path": "EGUI/Menu/gamedata",
                    "type": "patch"
                }
            ],
            "excludePaths": "exclude-egui-menu.json",
            "installedSizeMB": 166
        },
        {
            "modName": "GAMMA Enhanced GUI Inventory",
            "info": "ENHANCED GUI INC",
            "modType": "fomod",
            "addonName": "ENHANCED GUI INC",
            "pathToGamedata": [
                {
                    "path": "01- Essentials/INC - 01 Enhanced GUI - [CORE]/gamedata/textures/ui/enhancedGUI",
                    "target": "gamedata/textures/ui/enhancedGUI"
                },
                {
                    "path": "01- Essentials/INC - 01 Enhanced GUI - [CORE]/gamedata/textures/ui/ui_actor_menu.dds"
                },
                {
                    "path": "01- Essentials/INC - 01 Enhanced GUI - [CORE]/gamedata/textures/ui/ui_actor_menu_factions.dds"
                },
                {
                    "path": "01- Essentials/INC - 01 Enhanced GUI - [CORE]/gamedata/textures/ui/ui_actor_menu_new_tabs.dds"
                },
                {
                    "path": "01- Essentials/INC - 01 Enhanced GUI - [CORE]/gamedata/textures/ui/ui_actor_monsters_pda.dds"
                },
                {
                    "path": "01- Essentials/INC - 01 Enhanced GUI - [CORE]/gamedata/textures/ui/ui_actor_monsters_pda_1.dds"
                },
                {
                    "path": "01- Essentials/INC - 01 Enhanced GUI - [CORE]/gamedata/textures/ui/ui_actor_monsters_pda_2.dds"
                },
                {
                    "path": "01- Essentials/INC - 01 Enhanced GUI - [CORE]/gamedata/textures/ui/ui_actor_monsters_pda_3.dds"
                },
                {
                    "path": "01- Essentials/INC - 01 Enhanced GUI - [CORE]/gamedata/textures/ui/ui_highlight.dds"
                },
                {
                    "path": "01- Essentials/INC - 01 Enhanced GUI - [CORE]/gamedata/textures/ui/ui_grid.dds"
                },
                {
                    "path": "01- Essentials/INC - 01 Enhanced GUI - [CORE]/gamedata/textures/ui/enhancedGUI",
                    "target": "gamedata/textures/ui/enhancedGUI"
                },
                {
                    "path": "03- Inventory/INC - 22 Enhanced GUI - Condition Bars/gamedata"
                },
                {
                    "path": "03- Inventory/INC - 22 Enhanced GUI - Details Screen/gamedata"
                },
                {
                    "path": "03- Inventory/INC - 23 Enhanced GUI - Inventory/gamedata"
                },
                {
                    "path": "03- Inventory/INC - 24 Enhanced GUI - Inventory Rank Faction Overlays/gamedata/configs/ui",
                    "target": "gamedata/configs/ui"
                },
                {
                    "path": "05- Faction HUD/INC - 61 Enhanced GUI - EGUI/gamedata/textures/ui/ui_actor_hint_wnd.dds"
                },
                {
                    "path": "EGUI/Inventory/gamedata",
                    "type": "patch"
                }
            ],
            "excludePaths": "exclude-egui-inventory.json",
            "installedSizeMB": 55
        },
        {
            "modName": "GAMMA Enhanced GUI HUD",
            "info": "ENHANCED GUI INC",
            "modType": "fomod",
            "addonName": "ENHANCED GUI INC",
            "pathToGamedata": [
                {
                    "path": "01- Essentials/INC - 01 Enhanced GUI - [CORE]/gamedata/textures/ui/enhancedGUI",
                    "target": "gamedata/textures/ui/enhancedGUI"
                },
                {
                    "path": "01- Essentials/INC - 01 Enhanced GUI - [CORE]/gamedata/textures/ui/ui_bars.dds"
                },
                {
                    "path": "01- Essentials/INC - 01 Enhanced GUI - [CORE]/gamedata/textures/ui/ui_hud.dds"
                },
                {
                    "path": "01- Essentials/INC - 01 Enhanced GUI - [CORE]/gamedata/textures/ui/ui_hud.thm"
                },
                {
                    "path": "01- Essentials/INC - 01 Enhanced GUI - [CORE]/gamedata/textures/ui/ui_hud_grenade_mark.dds"
                },
                {
                    "path": "01- Essentials/INC - 01 Enhanced GUI - [CORE]/gamedata/textures/ui/ui_hud_grenade_mark.thm"
                },
                {
                    "path": "01- Essentials/INC - 01 Enhanced GUI - [CORE]/gamedata/textures/ui/ui_hud_hit_mark.dds"
                },
                {
                    "path": "01- Essentials/INC - 01 Enhanced GUI - [CORE]/gamedata/textures/ui/ui_ingame2_common.dds"
                },
                {
                    "path": "01- Essentials/INC - 01 Enhanced GUI - [CORE]/gamedata/textures/ui/ui_ingame2_common.thm"
                },
                {
                    "path": "01- Essentials/INC - 01 Enhanced GUI - [CORE]/gamedata/textures/ui/ui_noise.seq"
                },
                {
                    "path": "01- Essentials/INC - 01 Enhanced GUI - [CORE]/gamedata/textures/ui/ui_noise_00.dds"
                },
                {
                    "path": "01- Essentials/INC - 01 Enhanced GUI - [CORE]/gamedata/textures/ui/ui_noise_00.thm"
                },
                {
                    "path": "01- Essentials/INC - 01 Enhanced GUI - [CORE]/gamedata/textures/ui/ui_noise_01.dds"
                },
                {
                    "path": "01- Essentials/INC - 01 Enhanced GUI - [CORE]/gamedata/textures/ui/ui_noise_01.thm"
                },
                {
                    "path": "01- Essentials/INC - 01 Enhanced GUI - [CORE]/gamedata/textures/ui/ui_noise_02.dds"
                },
                {
                    "path": "01- Essentials/INC - 01 Enhanced GUI - [CORE]/gamedata/textures/ui/ui_noise_02.thm"
                },
                {
                    "path": "01- Essentials/INC - 01 Enhanced GUI - [CORE]/gamedata/textures/ui/ui_noise_03.dds"
                },
                {
                    "path": "01- Essentials/INC - 01 Enhanced GUI - [CORE]/gamedata/textures/ui/ui_noise_03.thm"
                },
                {
                    "path": "01- Essentials/INC - 01 Enhanced GUI - [CORE]/gamedata/textures/ui/ui_noise_04.dds"
                },
                {
                    "path": "01- Essentials/INC - 01 Enhanced GUI - [CORE]/gamedata/textures/ui/ui_noise_04.thm"
                },
                {
                    "path": "01- Essentials/INC - 01 Enhanced GUI - [CORE]/gamedata/textures/ui/ui_pda_anims_01.dds"
                },
                {
                    "path": "01- Essentials/INC - 01 Enhanced GUI - [CORE]/gamedata/textures/ui/ui_pda_anims_01.thm"
                },
                {
                    "path": "01- Essentials/INC - 01 Enhanced GUI - [CORE]/gamedata/textures/ui/ui_pda_anims_03.dds"
                },
                {
                    "path": "01- Essentials/INC - 01 Enhanced GUI - [CORE]/gamedata/textures/ui/ui_pda_anims_03.thm"
                },
                {
                    "path": "01- Essentials/INC - 01 Enhanced GUI - [CORE]/gamedata/textures/ui/ui_pda_anims_04.dds"
                },
                {
                    "path": "01- Essentials/INC - 01 Enhanced GUI - [CORE]/gamedata/textures/ui/ui_pda_anims_04.thm"
                },
                {
                    "path": "04- HUD/INC - 52 Enhanced GUI - PDA/gamedata/configs",
                    "target": "gamedata/configs"
                },
                {
                    "path": "04- HUD/INC - 52 Enhanced GUI - PDA/gamedata/textures",
                    "target": "gamedata/textures"
                },
                {
                    "path": "04- HUD/INC - 52 Enhanced GUI - Compass/gamedata/configs/ui",
                    "target": "gamedata/configs/ui"
                },
                {
                    "path": "04- HUD/INC - 52 Enhanced GUI - Reworked Ammo Wheel/gamedata/configs/ui/resc/ui_wheel_companion.xml",
                    "target": "gamedata/configs/ui/ui_wheel_companion.xml"
                },
                {
                    "path": "04- HUD/INC - 52 Enhanced GUI - Reworked Ammo Wheel/gamedata/configs/ui/resc/ui_wheel_companion_16.xml",
                    "target": "gamedata/configs/ui/ui_wheel_companion_16.xml"
                },
                {
                    "path": "04- HUD/INC - 52 Enhanced GUI - Reworked Ammo Wheel/gamedata/textures",
                    "target": "gamedata/textures"
                },
                {
                    "path": "04- HUD/INC - 52 Enhanced GUI - Dialog Dynamic UI/gamedata"
                },
                {
                    "path": "04- HUD/INC - 53 Enhanced GUI - HUD/gamedata/configs/ui",
                    "target": "gamedata/configs/ui"
                },
                {
                    "path": "06- Patches/INC - 90 PATCH - HUD - Body Health System/gamedata"
                },
                {
                    "path": "05- Faction HUD/INC - 61 Enhanced GUI - EGUI/gamedata/textures/ui/ui_actor_hint_wnd.dds"
                },
                {
                    "path": "EGUI/Hud/gamedata",
                    "type": "patch"
                }
            ],
            "excludePaths": "exclude-egui-hud.json",
            "installedSizeMB": 65
        },
        {
            "modName": "GAMMA EXP Edition Complete - Dynavision [ reinstall to create user's presets mod ]",
            "info": "",
            "modType": "fomod",
            "addonName": "Dynavision",
            "pathToGamedata": [
                {
                    "priority": 0,
                    "path": "Dynavision/Main/gamedata"
                },
                {
                    "priority": 1,
                    "path": "01 - [REQUIRED] Atmospherics/gamedata/shaders/r3/settings_screenspace_LUT.h",
                    "target": "gamedata/shaders/r3/settings_screenspace_LUT.h",
                    "addonName": "ATMOSPHERICS"
                },
                {
                    "priority": 2,
                    "path": "01 - [REQUIRED] Atmospherics/gamedata/textures/shaders/lut_atlas.dds",
                    "target": "gamedata/textures/shaders/lut_atlas.dds",
                    "addonName": "ATMOSPHERICS"
                }
            ],
            "installedSizeMB": 35
        },
        {
            "modName": "GAMMA EXP Edition Complete - Profile Dynavision Presets",
            "info": "",
            "modType": "patch",
            "addonName": "",
            "pathToGamedata": "Dynavision/gamedata",
            "installedSizeMB": 1
        }
    ],
    "customLoadOrderRules": [
        {
            "modName": "GAMMA EXP Edition Complete - GAMMA Patch",
            "action": "add"
        },
        {
            "modName": "GAMMA EXP Edition Complete - NPC Models Replacer",
            "action": "add",
            "before": "GAMMA EXP Edition Complete - GAMMA Patch"
        },
        {
            "modName": "GAMMA EXP Edition Complete - HDetoxyfier [ Replaces NPC HD models to Vanilla ]",
            "action": "add-disabled",
            "before": "GAMMA EXP Edition Complete - NPC Models Replacer"
        },
        {
            "modName": "GAMMA EXP Edition Complete - SIMPLE FLASHLIGHT REPLACER",
            "action": "add",
            "before": "GAMMA EXP Edition Complete - HDetoxyfier [ Replaces NPC HD models to Vanilla ]"
        },
        {
            "modName": "GAMMA EXP Edition Complete - Dynahud Hud Manager [ BHS Reworked patch - must enable BHS Reworked mod as well ]",
            "action": "add-disabled",
            "before": "GAMMA EXP Edition Complete - SIMPLE FLASHLIGHT REPLACER"
        },
        {
            "modName": "GAMMA EXP Edition Complete - Dynahud Hud Manager [ BHSRO patch - must enable BHSRO mod as well ]",
            "action": "add-disabled",
            "before": "GAMMA EXP Edition Complete - Dynahud Hud Manager [ BHS Reworked patch - must enable BHS Reworked mod as well ]"
        },
        {
            "modName": "GAMMA EXP Edition Complete - Dynahud Hud Manager [ Reinstall to configure ]",
            "action": "add",
            "before": "GAMMA EXP Edition Complete - Dynahud Hud Manager [ BHSRO patch - must enable BHSRO mod as well ]"
        },
        {
            "modName": "GAMMA EXP Edition Complete - Dynahud Hud Manager [ Mod Requirements ]",
            "action": "add",
            "before": "GAMMA EXP Edition Complete - Dynahud Hud Manager [ Reinstall to configure ]"
        },
        {
            "modName": "GAMMA EXP Edition Complete - BHS Reworked",
            "action": "add-disabled",
            "before": "GAMMA EXP Edition Complete - Dynahud Hud Manager [ Mod Requirements ]"
        },
        {
            "modName": "GAMMA EXP Edition Complete - Body Health System Realistic Overhaul (BHSRO)",
            "action": "add-disabled",
            "before": "GAMMA EXP Edition Complete - BHS Reworked"
        },
        {
            "modName": "GAMMA EXP Edition Complete - HUD",
            "action": "add-disabled",
            "before": "GAMMA EXP Edition Complete - Body Health System Realistic Overhaul (BHSRO)"
        },
        {
            "modName": "GAMMA Enhanced GUI HUD",
            "action": "add",
            "before": "GAMMA EXP Edition Complete - HUD"
        },
        {
            "modName": "GAMMA Enhanced GUI Inventory",
            "action": "add",
            "before": "GAMMA Enhanced GUI HUD"
        },
        {
            "modName": "GAMMA Enhanced GUI Menu",
            "action": "add",
            "before": "GAMMA Enhanced GUI Inventory"
        },
        {
            "modName": "GAMMA EXP Edition Complete - UI Loading screens",
            "action": "add",
            "before": "GAMMA Enhanced GUI Menu"
        },
        {
            "modName": "GAMMA EXP Edition Complete - Profile Dynavision Presets",
            "action": "add",
            "before": "GAMMA EXP Edition Complete - UI Loading screens"
        },
        {
            "modName": "GAMMA EXP Edition Complete - Dynavision [ reinstall to create user's presets mod ]",
            "action": "add",
            "before": "GAMMA EXP Edition Complete - Profile Dynavision Presets"
        },
        {
            "modName": "GAMMA EXP Edition Complete - VFX [ EXP ]",
            "action": "add",
            "before": "GAMMA EXP Edition Complete - Dynavision [ reinstall to create user's presets mod ]"
        },
        {
            "modName": "GAMMA EXP Edition Complete - Shaders [ EXP ]",
            "action": "add",
            "before": "GAMMA EXP Edition Complete - VFX [ EXP ]"
        },
        {
            "modName": "GAMMA EXP Edition Complete - BEEF'S NVG, IMPROVED",
            "action": "add",
            "before": "GAMMA EXP Edition Complete - Shaders [ EXP ]"
        },
        {
            "modName": "GAMMA EXP Edition Complete - Weather [ EXP ]",
            "action": "add",
            "before": "GAMMA EXP Edition Complete - BEEF'S NVG, IMPROVED"
        },
        {
            "modName": "GAMMA EXP Edition Complete - AYDINS GRASS TWEAKS [ Summer ]",
            "action": "add",
            "before": "GAMMA EXP Edition Complete - Weather [ EXP ]"
        },
        {
            "modName": "GAMMA EXP Edition Complete - Textures [ EXP ]",
            "action": "add",
            "before": "GAMMA EXP Edition Complete - AYDINS GRASS TWEAKS [ Summer ]"
        },
        {
            "modName": "GAMMA EXP Edition Complete - Music",
            "action": "add",
            "before": "GAMMA EXP Edition Complete - Textures [ EXP ]"
        },
        {
            "modName": "GAMMA EXP Edition Complete - Sounds",
            "action": "add-disabled",
            "before": "GAMMA EXP Edition Complete - Music"
        },
        {
            "action": "add-profile-separator",
            "before": "GAMMA EXP Edition Complete - Sounds"
        },
        {
            "modName": "290- Atmospherics Shaders Weathers and Reshade Latest - Hippobot",
            "action": "disable"
        },
        {
            "modName": "190- Screen Space Shaders 20 - Ascii1457",
            "action": "disable"
        },
        {
            "modName": "188- Enhanced Shaders - KennShade",
            "action": "disable"
        },
        {
            "modName": "289- Grass Tweaks (reinstall for different options) - Aydin",
            "action": "disable"
        },
        {
            "modName": "G.A.M.M.A. Weathers",
            "action": "disable"
        },
        {
            "modName": "Roadside's Lens Flares",
            "action": "disable"
        },
        {
            "modName": "283- Autumn No Leaves LOD Fix - owencraig08",
            "action": "disable"
        },
        {
            "modName": "282- GAMMA Loading Screens - CS Eden",
            "action": "disable"
        },
        {
            "modName": "25- High Res Loading Screens - Bazingarrey",
            "action": "disable"
        },
        {
            "modName": "24- Skies Redux - d_nan",
            "action": "disable"
        },
        {
            "modName": "Particles Cinematic VFX 3.5 1.1.2 BOTZ YAWM",
            "action": "disable"
        }
    ],
    "gamePatches": [
        {
            "priority": "0",
            "patchType": "reshade",
            "addonName": "Expedition 2.3 (Part 1)",
            "resourceWorkspace": "Expedition 2.3 (Part 1)",
            "pathToPatch": "Stalker_Anomaly_Expedition_2.3 - Part 1/bin/reshade-shaders",
            "patchTarget": "bin/reshade-shaders"
        },
        {
            "priority": "1",
            "patchType": "profile",
            "pathToPatch": "Anomaly/EXP/bin",
            "patchTarget": "bin"
        },
        {
            "priority": "2",
            "patchType": "profile",
            "pathToPatch": "Anomaly/EXP/appdata",
            "patchTarget": "appdata"
        }
    ]
}