<w>
	 <trade_bg x="0" y="0" width="1025" height="768" stretch="1">
			<texture>ui_inGame2_modern_trade_bg</texture>
	</trade_bg>

	<!-- Right side -->
	<player x="648" y="0" width="377" height="768" stretch="1">
		<background x="0" y="0" width="377" height="768" stretch="1">
			<texture>ui_inGame2_left_side_16</texture>
		</background>
		
		<!-- item containers -->
		<cont_bag x="14" y="119" width="346" height="610" stretch="1"/>
		<cont_trade x="14" y="114" width="346" height="164" stretch="1"/>
		<cont_trade_bag x="14" y="337" width="346" height="390" stretch="1"/>
		
		<!-- info -->
		<icon x="269" y="15" width="99" height="86" stretch="1"/>
		<community_overlay x="216" y="14" width="153" height="89" stretch="1" />
		<community_icon x="110" y="28" width="25" height="32" stretch="1" />
		
		<rank x="17" y="55" width="217" height="14">
			<text align="l" font="letterica16" color="ui_3"/>
		</rank>
		<rank_icon x="182" y="24" width="37" height="47" stretch="1"/>
		
		<name x="17" y="28" width="217" height="16">
			<text align="l" font="letterica18" color="ui_white"/>
		</name>
		<community x="17" y="46" width="217" height="14">
			<text align="l" font="letterica16" color="ui_3"/>
		</community>
		<money x="137" y="80" width="104" height="22">
			<text align="r" font="graffiti22"/>
		</money>
		
		<!-- weight -->
		<weight_caption x="200" y="742" width="57" height="16">
			<text align="r" font="letterica16" color="ui_3">ui_total_weight</text>
		</weight_caption>
		<weight x="260" y="742" width="35" height="16">
			<text align="c" font="letterica16"/>
		</weight>
		<weight_max x="302" y="742" width="68" height="16">
			<text align="l" font="letterica16" color="ui_3"/>
		</weight_max>
		
		<!-- put all -->
		<putall_button x="10" y="736" width="140" height="24" stretch="1" hint="ui_st_put_all_hint">
			<window_name>putall_button</window_name>
			<texture>ui_inGame2_big_inventory_button</texture>
			<text font="graffiti22" align="c">ui_st_put_all</text>
			<text_color>
				<e color ="ui_6"/>
				<t color ="ui_white"/>
				<d color ="ui_5"/>
				<h color ="ui_white"/>
			</text_color>
		</putall_button>
	
		<!-- trade info -->
		<trade_delimiter x="0" y="226" width="375" height="163" stretch="1">
			<texture>ui_inGame2_center_trade_devider_16</texture>
			<trade_caption x="118" y="85" width="48" height="16">
				<text align="r" font="letterica18" color="ui_3">ui_total_price</text>
			</trade_caption>
			<trade_price x="186" y="85" width="40" height="16">
				<text align="l" font="letterica18"/>
			</trade_price>
			<trade_weight_max x="206" y="82" width="40" height="16">
				<text align="l" font="letterica16" color="ui_3"/>
			</trade_weight_max>
			<trade_sell_button x="11" y="61" width="107" height="26" stretch="1" hint="ui_st_sell_hint">
				<window_name>trade_sell_button</window_name>
				<text font="graffiti22" align="c">ui_st_sell</text>
				<text_color>
					<e color ="ui_6"/>
					<t color ="ui_white"/>
					<d color ="ui_5"/>
					<h color ="ui_white"/>
				</text_color>
			</trade_sell_button>
		</trade_delimiter>
	</player>
	
	<!-- Middle side -->
	<equipment x="375" y="0" width="273" height="768" stretch="1">
		<background x="0" y="0" width="273" height="768" stretch="1">
			<texture>ui_inGame2_inventory_back</texture>
		</background>
		
		<!-- Slots -->
		<cont_equ x="0" y="0" width="273" height="425" stretch="1">
			<scroll width="273" height="425" stretch="1" right_ident="0" left_ident="0" top_indent ="0" bottom_indent="0" vert_interval="0" always_show_scroll="0"/>
			<st width="273" height="425" stretch="1"/>
			<cell stretch="1">
				<upgrade x="0" y="0" width="10" height="12" stretch="1">
					<texture a="180">ui_upgrade_arrow2</texture>
				</upgrade>
				<highlight stretch="1">
					<texture>ui_button_inv_h</texture>
				</highlight>
				<pic stretch="1" align="c" alignment="c"/>
			</cell>
			
			<cell_1 x="10" y="376" width="73" height="36" stretch="1"> <!--1 Knife -->
				<pic stretch="1" align="c" alignment="c"/>
				<highlight stretch="1">
					<texture>ui_inGame2_detector_highlighter</texture>
				</highlight>
				<bar x="13" y="40" width="48" height="6" horz="1" min="0" max="1" pos="0" stretch="1">
					<progress stretch="1">
						<texture r="142" g="149" b="149">ui_inGame2_inventory_status_bar</texture>
					</progress>
				</bar>
			</cell_1>
			
			<cell_2 x="8" y="74" width="76" height="233" stretch="1"> <!--2 Pistol -->
				<pic stretch="1" align="c" alignment="c" heading="1" heading_angle="90"/>
				<highlight stretch="1">
					<texture>ui_inGame2_weapon_highlighter</texture>
				</highlight>
				<bar x="13" y="234" width="48" height="6" horz="1" min="0" max="1" pos="0" stretch="1">
					<progress stretch="1">
						<texture r="142" g="149" b="149">ui_inGame2_inventory_status_bar</texture>
					</progress>
				</bar>
			</cell_2>
			
			<cell_3 x="187" y="74" width="78" height="233" stretch="1"> <!--3 Automatic -->
				<pic stretch="1" align="c" alignment="c" heading="1" heading_angle="90"/>
				<highlight stretch="1">
					<texture>ui_inGame2_weapon_highlighter</texture>
				</highlight>
				<bar x="14" y="234" width="48" height="6" horz="1" min="0" max="1" pos="0" stretch="1">
					<progress stretch="1">
						<texture r="142" g="149" b="149">ui_inGame2_inventory_status_bar</texture>
					</progress>
				</bar>
			</cell_3>
			
			<cell_4 x="51" y="323" width="33" height="41" stretch="1"><!--4 Grenade -->
				<pic stretch="1" align="c" alignment="c"/>
				<highlight stretch="1">
					<texture>ui_inGame2_detector_highlighter</texture>
				</highlight>
			</cell_4>
			
			<cell_5 x="10" y="11" width="73" height="47" stretch="1"><!--5 Binocular -->
				<pic stretch="1" align="c" alignment="c"/>
				<highlight stretch="1">
					<texture>ui_inGame2_detector_highlighter</texture>
				</highlight>
				<bar x="16" y="49" width="48" height="6" horz="1" min="0" max="1" pos="0" stretch="1">
					<progress stretch="1">
						<texture r="142" g="149" b="149">ui_inGame2_inventory_status_bar</texture>
					</progress>
				</bar>
			</cell_5>
			
			<cell_6 x="10" y="323" width="33" height="41" stretch="1"><!--6 Bolt -->
				<pic stretch="1" align="c" alignment="c"/>
				<highlight stretch="1">
					<texture>ui_inGame2_detector_highlighter</texture>
				</highlight>
			</cell_6>
			
			<cell_7 x="91" y="132" width="89" height="173" stretch="1"><!--7 Outfit -->
				<pic stretch="1" align="c" alignment="c"/>
				<highlight stretch="1">
					<texture>ui_inGame2_armor_highlighter</texture>
				</highlight>
				<bar x="19" y="176" width="48" height="6" horz="1" min="0" max="1" pos="0" stretch="1">
					<progress stretch="1">
						<texture r="142" g="149" b="149">ui_inGame2_inventory_status_bar</texture>
					</progress>
				</bar>
			</cell_7>
			
			<cell_8 x="190" y="322" width="73" height="36" stretch="1"><!--8 PDA -->
				<pic stretch="1" align="c" alignment="c"/>
				<highlight stretch="1">
					<texture>ui_inGame2_detector_highlighter</texture>
				</highlight>
				<bar x="11" y="40" width="48" height="6" horz="1" min="0" max="1" pos="0" stretch="1">
					<progress stretch="1">
						<texture r="142" g="149" b="149">ui_inGame2_inventory_status_bar</texture>
					</progress>
				</bar>
			</cell_8>
			
			<cell_9 x="190" y="376" width="73" height="36" stretch="1"><!--9 Detector -->
				<pic stretch="1" align="c" alignment="c"/>
				<highlight stretch="1">
					<texture>ui_inGame2_detector_highlighter</texture>
				</highlight>
				<bar x="11" y="40" width="48" height="6" horz="1" min="0" max="1" pos="0" stretch="1">
					<progress stretch="1">
						<texture r="142" g="149" b="149">ui_inGame2_inventory_status_bar</texture>
					</progress>
				</bar>
			</cell_9>
			
			<cell_10 x="190" y="11" width="73" height="47" stretch="1"><!--10 Torch -->
				<pic stretch="1" align="c" alignment="c"/>
				<highlight stretch="1">
					<texture>ui_inGame2_detector_highlighter</texture>
				</highlight>
				<bar x="11" y="49" width="48" height="6" horz="1" min="0" max="1" pos="0" stretch="1">
					<progress stretch="1">
						<texture r="142" g="149" b="149">ui_inGame2_inventory_status_bar</texture>
					</progress>
				</bar>
			</cell_10>
			
			<cell_11 x="190" y="-1000" width="73" height="47" stretch="1"><!--11 Artefact -->
				<pic stretch="1" align="c" alignment="c"/>
				<highlight stretch="1">
					<texture>ui_inGame2_detector_highlighter</texture>
				</highlight>
				<bar x="11" y="49" width="48" height="6" horz="1" min="0" max="1" pos="0" stretch="1">
					<progress stretch="1">
						<texture r="142" g="149" b="149">ui_inGame2_inventory_status_bar</texture>
					</progress>
				</bar>
			</cell_11>
			
			<cell_12 x="91" y="11" width="89" height="104" stretch="1"><!--12 Helmet -->
				<pic stretch="1" align="c" alignment="c"/>
				<highlight stretch="1">
					<texture>ui_inGame2_helmet_highlighter</texture>
				</highlight>
				<bar x="19" y="107" width="48" height="6" horz="1" min="0" max="1" pos="0" stretch="1">
					<progress stretch="1">
						<texture r="142" g="149" b="149">ui_inGame2_inventory_status_bar</texture>
					</progress>
				</bar>
			</cell_12>
			<blocker_12 x="90" y="10" width="91" height="115" stretch="1">
				<texture>ui_inGame2_helmet_blocker</texture>
			</blocker_12>
			
			<cell_13 x="91" y="322" width="89" height="91" stretch="1"><!--13 Backpack -->
				<pic stretch="1" align="c" alignment="c"/>
				<highlight stretch="1">
					<texture>ui_inGame2_helmet_highlighter</texture>
				</highlight>
				<bar x="19" y="93" width="48" height="6" horz="1" min="0" max="1" pos="0" stretch="1">
					<progress stretch="1">
						<texture r="142" g="149" b="149">ui_inGame2_inventory_status_bar</texture>
					</progress>
				</bar>
			</cell_13>
			<blocker_13 x="90" y="320" width="91" height="103" stretch="1">
				<texture>ui_inGame2_helmet_blocker</texture>
			</blocker_13>
		</cont_equ> 
		
		<cont_belt x="0" y="510" width="273" height="50" stretch="1">
			<scroll width="273" height="50" stretch="1" right_ident="0" left_ident="0" top_indent ="0" bottom_indent="0" vert_interval="0" always_show_scroll="0"/>
			<st width="273" height="50" stretch="1"/>
			<cell width="35" height="35" stretch="1">
				<highlight stretch="1"/>
				<pic stretch="1" align="c" alignment="c"/>
			</cell>
			
			<cell_1 x="16" y="0" width="33" height="41" stretch="1">
				<pic stretch="1" align="c" alignment="c"/>
				<highlight stretch="1">
					<texture>ui_inGame2_artefakt_highlighter</texture>
				</highlight>
			</cell_1>
			<blocker_1 x="7" y="-10" width="48" height="61" stretch="1">
				<texture>ui_inGame2_artefact_blocker</texture>
			</blocker_1>
			
			<cell_2 x="68" y="0" width="33" height="41" stretch="1">
				<pic stretch="1" align="c" alignment="c"/>
				<highlight stretch="1">
					<texture>ui_inGame2_artefakt_highlighter</texture>
				</highlight>
			</cell_2>
			<blocker_2 x="59" y="-10" width="48" height="61" stretch="1">
				<texture>ui_inGame2_artefact_blocker</texture>
			</blocker_2>
			
			<cell_3 x="120" y="0" width="33" height="41" stretch="1">
				<pic stretch="1" align="c" alignment="c"/>
				<highlight stretch="1">
					<texture>ui_inGame2_artefakt_highlighter</texture>
				</highlight>
			</cell_3>
			<blocker_3 x="111" y="-10" width="48" height="61" stretch="1">
				<texture>ui_inGame2_artefact_blocker</texture>
			</blocker_3>
			
			<cell_4 x="172" y="0" width="33" height="41" stretch="1">
				<pic stretch="1" align="c" alignment="c"/>
				<highlight stretch="1">
					<texture>ui_inGame2_artefakt_highlighter</texture>
				</highlight>
			</cell_4>
			<blocker_4 x="163" y="-10" width="48" height="61" stretch="1">
				<texture>ui_inGame2_artefact_blocker</texture>
			</blocker_4>
			
			<cell_5 x="224" y="0" width="33" height="41" stretch="1">
				<pic stretch="1" align="c" alignment="c"/>
				<highlight stretch="1">
					<texture>ui_inGame2_artefakt_highlighter</texture>
				</highlight>
			</cell_5>
			<blocker_5 x="215" y="-10" width="48" height="61" stretch="1">
				<texture>ui_inGame2_artefact_blocker</texture>
			</blocker_5>
		</cont_belt> 
			
		<cont_quick x="10" y="430" width="253" height="54">
			<scroll width="253" height="54" stretch="1" right_ident="0" left_ident="0" top_indent ="0" bottom_indent="0" vert_interval="0" always_show_scroll="0"/>
			<st width="253" height="54" stretch="1"/>
			<cell width="35" height="35" stretch="1">
				<highlight stretch="1"/>
				<pic stretch="1" align="c" alignment="c"/>
			</cell>
			
			<cell_1 x="11" y="0" width="52" height="52" stretch="1">
				<pic stretch="1" align="c" alignment="c"/>
				<highlight stretch="1">
					<texture>ui_inGame2_quick_item_highlighter</texture>
				</highlight>
				<txt x="-10" y="39" width="14" height="13">
					<text align="c" font="letterica16">quick_use_str_1</text>
				</txt>
			</cell_1>
			<cell_2 x="73" y="0" width="52" height="52" stretch="1">
				<pic stretch="1" align="c" alignment="c"/>
				<highlight stretch="1">
					<texture>ui_inGame2_quick_item_highlighter</texture>
				</highlight>
				<txt x="-10" y="39" width="14" height="13">
					<text align="c" font="letterica16">quick_use_str_2</text>
				</txt>
			</cell_2>
			<cell_3 x="136" y="0" width="52" height="52" stretch="1">
				<pic stretch="1" align="c" alignment="c"/>
				<highlight stretch="1">
					<texture>ui_inGame2_quick_item_highlighter</texture>
				</highlight>
				<txt x="-10" y="39" width="14" height="13">
					<text align="c" font="letterica16">quick_use_str_3</text>
				</txt>
			</cell_3>
			<cell_4 x="199" y="0" width="52" height="52" stretch="1">
				<pic stretch="1" align="c" alignment="c"/>
				<highlight stretch="1">
					<texture>ui_inGame2_quick_item_highlighter</texture>
				</highlight>
				<txt x="-10" y="39" width="14" height="13">
					<text align="c" font="letterica16">quick_use_str_4</text>
				</txt>
			</cell_4>
		</cont_quick>
		
		<cont_picker x="10" y="565" width="255" height="162" stretch="1">
			<texture>ui_item_picker_background</texture>
		</cont_picker>
		
		<!-- Sorter -->
		<sorter x="20" y="735" width="244" height="29">
			<btn_1 x="0" y="0" width="23" height="29" hint="ui_st_tab_all" stretch="1">
				<texture>ui_inGame2_btn_sort_all</texture>
			</btn_1>
			<txt_1 x="0" y="0" width="20" height="25" stretch="1">
				<text complex_mode="1" font="letterica18" align="r" vert_align="b" a="100" r="150" g="150" b="255"/>
			</txt_1>
			
			<btn_2 x="23" y="0" width="23" height="29" hint="ui_st_tab_weapons" stretch="1">
				<texture>ui_inGame2_btn_sort_weapon</texture>
			</btn_2>
			<txt_2 x="23" y="0" width="20" height="25" stretch="1">
				<text complex_mode="1" font="letterica18" align="r" vert_align="b" a="100" r="150" g="150" b="255"/>
			</txt_2>
			
			<btn_3 x="46" y="0" width="23" height="29" hint="ui_st_tab_armor" stretch="1">
				<texture>ui_inGame2_btn_sort_outfit</texture>
			</btn_3>
			<txt_3 x="46" y="0" width="20" height="25" stretch="1">
				<text complex_mode="1" font="letterica18" align="r" vert_align="b" a="100" r="150" g="150" b="255"/>
			</txt_3>
			
			<btn_4 x="69" y="0" width="23" height="29" hint="ui_st_tab_ammo" stretch="1">
				<texture>ui_inGame2_btn_sort_ammo</texture>
			</btn_4>
			<txt_4 x="69" y="0" width="20" height="25" stretch="1">
				<text complex_mode="1" font="letterica18" align="r" vert_align="b" a="100" r="150" g="150" b="255"/>
			</txt_4>
			
			<btn_5 x="92" y="0" width="23" height="29" hint="ui_st_tab_artefact" stretch="1">
				<texture>ui_inGame2_btn_sort_arty</texture>
			</btn_5>
			<txt_5 x="92" y="0" width="20" height="25" stretch="1">
				<text complex_mode="1" font="letterica18" align="r" vert_align="b" a="100" r="150" g="150" b="255"/>
			</txt_5>
			
			<btn_6 x="115" y="0" width="23" height="29" hint="ui_st_tab_tools" stretch="1">
				<texture>ui_inGame2_btn_sort_utility</texture>
			</btn_6>
			<txt_6 x="115" y="0" width="20" height="25" stretch="1">
				<text complex_mode="1" font="letterica18" align="r" vert_align="b" a="100" r="150" g="150" b="255"/>
			</txt_6>
			
			<btn_7 x="138" y="0" width="23" height="29" hint="ui_st_tab_food" stretch="1">
				<texture>ui_inGame2_btn_sort_food</texture>
			</btn_7>
			<txt_7 x="138" y="0" width="20" height="25" stretch="1">
				<text complex_mode="1" font="letterica18" align="r" vert_align="b" a="100" r="150" g="150" b="255"/>
			</txt_7>
			
			<btn_8 x="161" y="0" width="23" height="29" hint="ui_st_tab_meds" stretch="1">
				<texture>ui_inGame2_btn_sort_meds</texture>
			</btn_8>
			<txt_8 x="166" y="0" width="20" height="25" stretch="1">
				<text complex_mode="1" font="letterica18" align="r" vert_align="b" a="100" r="150" g="150" b="255"/>
			</txt_8>
			
			<btn_9 x="184" y="0" width="23" height="29" hint="ui_st_tab_upgrades" stretch="1">
				<texture>ui_inGame2_btn_sort_upgrades</texture>
			</btn_9>
			<txt_9 x="187" y="0" width="20" height="25" stretch="1">
				<text complex_mode="1" font="letterica18" align="r" vert_align="b" a="100" r="150" g="150" b="255"/>
			</txt_9>
			
			<btn_10 x="207" y="0" width="23" height="29" hint="ui_st_tab_misc" stretch="1">
				<texture>ui_inGame2_btn_sort_misc</texture>
			</btn_10>
			<txt_10 x="210" y="0" width="20" height="25" stretch="1">
				<text complex_mode="1" font="letterica18" align="r" vert_align="b" a="100" r="150" g="150" b="255"/>
			</txt_10>
					
			
		</sorter>
			
		<!-- Status -->
		<actor_state_info x="0" y="539" width="274" height="190">	
			<icon x="-3" y="-5">
				<normal width="22" height="28" stretch="1"/>
				<active width="22" height="28" stretch="1" light_anim="ui_slow_blinking_alpha"/>
			</icon>
				
			<health_sensor x="12" y="42" width="225" height="18">
				<state_progress x="19" y="0" width="225" height="18" horz="1" min="0" max="1" pos="0">
					<texture r="26" g="26" b="26">ui_inGame2_inventory_progress_bar_bg</texture>				
					<progress stretch="1">
						<texture r="100" g="100" b="100">ui_inGame2_inventory_health_bar</texture>
					</progress>
				</state_progress>
				<stats x="93" y="12" width="30" height="18">
					<text align="r" font="graffiti22"> </text>
				</stats>				
			</health_sensor>
	
			<radia_sensor x="12" y="72" width="116" height="18">
				<state_progress x="19" y="1" width="40" height="18" horz="1" min="0" max="1" pos="0">
					<texture r="26" g="26" b="26">ui_inGame2_inventory_progress_bar_bg</texture>				
					<progress stretch="1">
						<texture r="100" g="100" b="100">ui_inGame2_inventory_progress_bar</texture>
					</progress>
				</state_progress>
				<stats x="21" y="11" width="30" height="18">
					<text align="l" font="graffiti22"> </text>
				</stats>				
			</radia_sensor>
	
			<acid_sensor x="12" y="100" width="116" height="18">
				<state_progress x="19" y="1" width="98" height="18" horz="1" min="0" max="1" pos="0">
					<texture r="26" g="26" b="26">ui_inGame2_inventory_progress_bar_bg</texture>				
					<progress stretch="1">
						<texture r="100" g="100" b="100">ui_inGame2_inventory_progress_bar</texture>
					</progress>
				</state_progress>
				<cap_progress x="21" y="19" width="91.5" height="3" horz="1" min="0" max="1" pos="0" stretch="1">
					<texture r="26" g="26" b="26">ui_inGame2_inventory_progress_bar_bg</texture>
					<progress stretch="1">
						<texture>ui_inGame2_inventory_progress_bar</texture>
					</progress>
				</cap_progress>		
				<stats x="93" y="11" width="30" height="18">
					<text align="r" font="graffiti22"> </text>
				</stats>								
			</acid_sensor>
	
			<shock_sensor x="12" y="128" width="116" height="18">
				<state_progress x="19" y="1" width="98" height="18" horz="1" min="0" max="1" pos="0">
					<texture r="26" g="26" b="26">ui_inGame2_inventory_progress_bar_bg</texture>				
					<progress stretch="1">
						<texture r="100" g="100" b="100">ui_inGame2_inventory_progress_bar</texture>
					</progress>
				</state_progress>
				<cap_progress x="21" y="19" width="91.5" height="3" horz="1" min="0" max="1" pos="0" stretch="1">
					<texture r="26" g="26" b="26">ui_inGame2_inventory_progress_bar_bg</texture>
					<progress stretch="1">
						<texture>ui_inGame2_inventory_progress_bar</texture>
					</progress>
				</cap_progress>	
				<stats x="93" y="11" width="30" height="18">
					<text align="r" font="graffiti22"> </text>
				</stats>								
			</shock_sensor>
	
			<fire_sensor x="12" y="156" width="116" height="18">
				<state_progress x="19" y="1" width="98" height="18" horz="1" min="0" max="1" pos="0">
					<texture r="26" g="26" b="26">ui_inGame2_inventory_progress_bar_bg</texture>				
					<progress stretch="1">
						<texture r="100" g="100" b="100">ui_inGame2_inventory_progress_bar</texture>
					</progress>
				</state_progress>
				<cap_progress x="21" y="19" width="91.5" height="3" horz="1" min="0" max="1" pos="0" stretch="1">
					<texture r="26" g="26" b="26">ui_inGame2_inventory_progress_bar_bg</texture>
					<progress stretch="1">
						<texture>ui_inGame2_inventory_progress_bar</texture>
					</progress>
				</cap_progress>	
				<stats x="93" y="11" width="30" height="18">
					<text align="r" font="graffiti22"> </text>
				</stats>								
			</fire_sensor>
	
			<psi_sensor x="139" y="72" width="116" height="18">
				<state_progress x="19" y="1" width="98" height="18" horz="1" min="0" max="1" pos="0">
					<texture r="26" g="26" b="26">ui_inGame2_inventory_progress_bar_bg</texture>				
					<progress stretch="1">
						<texture r="100" g="100" b="100">ui_inGame2_inventory_progress_bar</texture>
					</progress>
				</state_progress>
				<cap_progress x="21" y="19" width="91.5" height="3" horz="1" min="0" max="1" pos="0" stretch="1">
					<texture r="26" g="26" b="26">ui_inGame2_inventory_progress_bar_bg</texture>
					<progress stretch="1">
						<texture>ui_inGame2_inventory_progress_bar</texture>
					</progress>
				</cap_progress>		
				<stats x="93" y="11" width="30" height="18">
					<text align="r" font="graffiti22"> </text>
				</stats>							
			</psi_sensor>

			<hunger_sensor x="120" y="0" width="21" height="28">
				<state_progress x="21" y="5" width="16.5" height="18" horz="1" min="0" max="1" pos="0" stretch="1">
					<texture r="26" g="26" b="26">ui_inGame2_inventory_hts_bar_bg</texture>
					<progress stretch="1">
						<texture>ui_inGame2_inventory_hts_bar</texture>
					</progress>
				</state_progress>
				<stats x="20" y="12" width="116" height="18">
					<text align="l" font="graffiti22"> </text>
				</stats>				
			</hunger_sensor>			
			<thirst_sensor x="179" y="156" width="116" height="18">
				<state_progress x="19" y="1" width="98" height="18" horz="1" min="0" max="1" pos="0">
					<texture r="26" g="26" b="26">ui_inGame2_inventory_progress_bar_bg</texture>				
					<progress stretch="1">
						<texture r="100" g="100" b="100">ui_inGame2_inventory_progress_bar</texture>
					</progress>
				</state_progress>
				<stats x="20.5" y="12" width="116" height="18">
					<text align="l" font="graffiti22"> </text>
				</stats>					
			</thirst_sensor>
			
			<sleep_sensor x="219" y="156" width="116" height="18">
				<state_progress x="19" y="1" width="98" height="18" horz="1" min="0" max="1" pos="0">
					<texture r="26" g="26" b="26">ui_inGame2_inventory_progress_bar_bg</texture>				
					<progress stretch="1">
						<texture r="100" g="100" b="100">ui_inGame2_inventory_progress_bar</texture>
					</progress>
				</state_progress>
				<stats x="20.5" y="12" width="116" height="18">
					<text align="l" font="graffiti22"> </text>
				</stats>				
			</sleep_sensor>	

			<head_fire_wound_sensor x="0" y="48" width="21" height="28">
				<state_progress x="21" y="5" width="91.5" height="18" horz="1" min="0" max="1" pos="0" stretch="1">
					<texture r="26" g="26" b="26">ui_inGame2_inventory_progress_bar_bg</texture>
					<progress stretch="1">
						<texture>ui_inGame2_inventory_progress_bar</texture>
					</progress>
				</state_progress>
				<cap_progress x="21" y="19" width="91.5" height="3" horz="1" min="0" max="1" pos="0" stretch="1">
					<texture r="26" g="26" b="26">ui_inGame2_inventory_progress_bar_bg</texture>
					<progress stretch="1">
						<texture>ui_inGame2_inventory_progress_bar</texture>
					</progress>
				</cap_progress>			
				<stats x="93" y="11" width="30" height="18">
					<text align="r" font="graffiti22"> </text>
				</stats>		
			</head_fire_wound_sensor>

			<fire_wound_sensor x="139" y="128" width="116" height="18">
				<state_progress x="19" y="1" width="98" height="18" horz="1" min="0" max="1" pos="0">
					<texture r="26" g="26" b="26">ui_inGame2_inventory_progress_bar_bg</texture>				
					<progress stretch="1">
						<texture r="100" g="100" b="100">ui_inGame2_inventory_progress_bar</texture>
					</progress>
				</state_progress>
				<cap_progress x="21" y="19" width="91.5" height="3" horz="1" min="0" max="1" pos="0" stretch="1">
					<texture r="26" g="26" b="26">ui_inGame2_inventory_progress_bar_bg</texture>
					<progress stretch="1">
						<texture>ui_inGame2_inventory_progress_bar</texture>
					</progress>
				</cap_progress>		
				<stats x="93" y="11" width="30" height="18">
					<text align="r" font="graffiti22"> </text>
				</stats>							
			</fire_wound_sensor>

			<wound_sensor x="139" y="100" width="116" height="18">
				<state_progress x="19" y="1" width="98" height="18" horz="1" min="0" max="1" pos="0">
					<texture r="26" g="26" b="26">ui_inGame2_inventory_progress_bar_bg</texture>				
					<progress stretch="1">
						<texture r="100" g="100" b="100">ui_inGame2_inventory_progress_bar</texture>
					</progress>
				</state_progress>
				<cap_progress x="21" y="19" width="91.5" height="3" horz="1" min="0" max="1" pos="0" stretch="1">
					<texture r="26" g="26" b="26">ui_inGame2_inventory_progress_bar_bg</texture>
					<progress stretch="1">
						<texture>ui_inGame2_inventory_progress_bar</texture>
					</progress>
				</cap_progress>	
				<stats x="93" y="11" width="30" height="18">
					<text align="r" font="graffiti22"> </text>
				</stats>								
			</wound_sensor>

			<strike_sensor x="120" y="96" width="21" height="28">
				<state_progress x="21" y="5" width="91.5" height="18" horz="1" min="0" max="1" pos="0" stretch="1">
					<texture r="26" g="26" b="26">ui_inGame2_inventory_progress_bar_bg</texture>
					<progress stretch="1">
						<texture>ui_inGame2_inventory_progress_bar</texture>
					</progress>
				</state_progress>
				<cap_progress x="21" y="19" width="91.5" height="3" horz="1" min="0" max="1" pos="0" stretch="1">
					<texture r="26" g="26" b="26">ui_inGame2_inventory_progress_bar_bg</texture>
					<progress stretch="1">
						<texture>ui_inGame2_inventory_progress_bar</texture>
					</progress>
				</cap_progress>			
				<stats x="93" y="11" width="30" height="18">
					<text align="r" font="graffiti22"> </text>
				</stats>						
			</strike_sensor>

			<explosion_sensor x="0" y="120.25" width="21" height="28">
				<state_progress x="21" y="5" width="91.5" height="18" horz="1" min="0" max="1" pos="0" stretch="1">
					<texture r="26" g="26" b="26">ui_inGame2_inventory_progress_bar_bg</texture>
					<progress stretch="1">
						<texture>ui_inGame2_inventory_progress_bar</texture>
					</progress>
				</state_progress>
				<cap_progress x="21" y="19" width="91.5" height="3" horz="1" min="0" max="1" pos="0" stretch="1">
					<texture r="26" g="26" b="26">ui_inGame2_inventory_progress_bar_bg</texture>
					<progress stretch="1">
						<texture>ui_inGame2_inventory_progress_bar</texture>
					</progress>
				</cap_progress>		
				<stats x="93" y="11" width="30" height="18">
					<text align="r" font="graffiti22"> </text>
				</stats>				
			</explosion_sensor>

			<power_sensor x="139" y="156" width="116" height="18">
				<state_progress x="19" y="1" width="98" height="18" horz="1" min="0" max="1" pos="0">
					<texture r="26" g="26" b="26">ui_inGame2_inventory_progress_bar_bg</texture>
					<progress stretch="1">
						<texture r="100" g="100" b="100">ui_inGame2_inventory_progress_bar</texture>
					</progress>
				</state_progress>
				<stats x="20" y="12" width="116" height="18">
					<text align="l" font="graffiti22"> </text>
				</stats>							
			</power_sensor>
			<maxweight_sensor x="195" y="126.25" width="21" height="28">
				<state_progress x="21" y="5" width="20.5" height="18" horz="1" min="0" max="1" pos="0" stretch="1">
					<texture r="26" g="26" b="26">ui_inGame2_inventory_hts_bar_bg</texture>
					<progress stretch="1">
						<texture>ui_inGame2_inventory_hts_bar</texture>
					</progress>
				</state_progress>
				<stats x="20" y="12" width="116" height="18">
					<text align="l" font="graffiti22"> </text>
				</stats>							
			</maxweight_sensor>			
			<bleedheal_sensor x="215" y="126.25" width="21" height="28">
				<state_progress x="21" y="5" width="20.5" height="18" horz="1" min="0" max="1" pos="0" stretch="1">
					<texture r="26" g="26" b="26">ui_inGame2_inventory_hts_bar_bg</texture>
					<progress stretch="1">
						<texture>ui_inGame2_inventory_hts_bar</texture>
					</progress>
				</state_progress>
				<stats x="20" y="12" width="116" height="18">
					<text align="l" font="graffiti22"> </text>
				</stats>							
			</bleedheal_sensor>
			<hpregen_sensor x="235" y="126.25" width="21" height="28">
				<state_progress x="21" y="5" width="20.5" height="18" horz="1" min="0" max="1" pos="0" stretch="1">
					<texture r="26" g="26" b="26">ui_inGame2_inventory_hts_bar_bg</texture>
					<progress stretch="1">
						<texture>ui_inGame2_inventory_hts_bar</texture>
					</progress>
				</state_progress>
				<stats x="20" y="12" width="116" height="18">
					<text align="l" font="graffiti22"> </text>
				</stats>							
			</hpregen_sensor>			
			<hts_tooltips x="21" y="-30" width="40" height="30" stretch="1">
				<text complex_mode="1" r="190" g="190" b="190" a="190" align="c" vert_align="c" font="letterica18"/>
				<texture>ui_hts_bar_tooltip</texture>
			</hts_tooltips>
		</actor_state_info>
	</equipment>
	
	<!-- Left Side -->
	<npc x="0" y="0" width="377" height="768" stretch="1">
		<background x="0" y="0" width="377" height="768" stretch="1">
			<texture>ui_inGame2_left_side_16</texture>
		</background>
		
		<!-- item containers -->
		<cont_bag x="14" y="119" width="346" height="575" stretch="1"/>
		<cont_trade x="14" y="114" width="346" height="164" stretch="1"/>
		<cont_trade_bag x="14" y="337" width="346" height="390" stretch="1"/>
		
		<trash x="0" y="0" width="375" height="768" stretch="1"/>
		
		<!-- info -->
		<icon x="269" y="15" width="99" height="86" stretch="1"/>
		<community_overlay x="216" y="14" width="153" height="89" stretch="1" />
		<community_icon x="-9999" y="28" width="25" height="32" stretch="1" />
		
		<rank x="17" y="55" width="217" height="14">
			<text align="l" font="letterica16" color="ui_3"/>
		</rank>
		<rank_icon x="182" y="24" width="37" height="47" stretch="1"/>
		
		<name x="17" y="28" width="217" height="16">
			<text align="l" font="letterica18" color="ui_white"/>
		</name>
		<community x="17" y="46" width="217" height="14">
			<text align="l" font="letterica16" color="ui_3"/>
		</community>
		<icon x="269" y="16" width="99" height="87" stretch="1"/>
		<money x="140" y="80" width="104" height="22">
			<text align="r" font="graffiti22"/>
		</money>
		
		<!-- weight -->
		<weight_caption x="200" y="742" width="57" height="16">
			<text align="r" font="letterica16" color="ui_3">ui_total_weight</text>
		</weight_caption>
		<weight x="260" y="742" width="35" height="16">
			<text align="c" font="letterica16"/>
		</weight>
		<weight_max x="302" y="742" width="68" height="16">
			<text align="l" font="letterica16" color="ui_3"/>
		</weight_max>
		
		<!-- take all -->
		<takeall_button x="11" y="736" width="140" height="24" stretch="1" hint="ui_st_take_all_hint">
			<window_name>takeall_button</window_name>
			<text font="graffiti22" align="c" y = "3">ui_st_take_all</text>
			<text_color>
				<e color ="ui_6"/>
				<t color ="ui_white"/>
				<d color ="ui_5"/>
				<h color ="ui_white"/>
			</text_color>
		</takeall_button>
	
		<!-- trade info -->
		<trade_delimiter x="0" y="226" width="375" height="163" stretch="1">
			<texture>ui_inGame2_center_trade_devider_16</texture>
			<trade_caption x="118" y="85" width="48" height="16">
				<text align="r" font="letterica18" color="ui_3">ui_total_price</text>
			</trade_caption>
			<trade_price x="186" y="85" width="40" height="16">
				<text align="l" font="letterica18"/>
			</trade_price>
			<trade_weight_max x="206" y="82" width="40" height="16">
				<text align="l" font="letterica16" color="ui_3"/>
			</trade_weight_max>
			<trade_buy_button x="11" y="61" width="107" height="26" stretch="1" hint="ui_st_buy_hint">
				<window_name>trade_buy_button</window_name>
				<text font="graffiti22" align="c">ui_st_buy</text>
				<text_color>
					<e color ="ui_6"/>
					<t color ="ui_white"/>
					<d color ="ui_5"/>
					<h color ="ui_white"/>
				</text_color>
			</trade_buy_button>
		</trade_delimiter>
	</npc>

	<!-- Left Side - Upgrade mode -->

	<upgrade x="0" y="0" width="375" height="768">
	    <background x="5" y="0" width="375" height="768" stretch="1">
		    <texture>ui_inGame2_repair_panel_16</texture>
	    </background>
		
		<!-- info -->
		<icon x="269" y="15" width="99" height="87" stretch="1"/>
		<community_overlay x="216" y="14" width="153" height="89" stretch="1" />
		<community_icon x="-9999" y="28" width="25" height="32" stretch="1" />
		
		<rank x="220" y="55" width="217" height="14">
			<text align="l" font="letterica16" color="ui_3"/>
		</rank>
		<rank_icon x="182" y="24" width="37" height="47" stretch="1"/>
		
		<name x="17" y="28" width="217" height="16">
			<text align="l" font="letterica18" color="ui_white"/>
		</name>
		<community x="17" y="46" width="217" height="14">
			<text align="l" font="letterica16" color="ui_3"/>
		</community>
		<money x="140" y="80" width="104" height="22">
			<text align="r" font="graffiti22"/>
		</money>
		
		<!-- upgrade window -->
		<repair_button x="232" y="115" width="74" height="33" hint="ui_repair_button_hint" stretch="1">
			<texture>ui_inGame2_repair_button</texture>
		</repair_button>
		<scheme x="67" y="291" width="232" height="453" right_ident="0" left_ident="0" top_indent ="0" bottom_indent="0" vert_interval="0" always_show_scroll="0" scroll_profile="hidden"/>
		<st x="0" y="0" width="232" height="102"/>
		<item_static x="183" y="218" width="249" height="135" stretch="1" align="c" alignment="c"/>
		<row_cells>
			<cell_1  x="0" y="0" width="90" height="44"/>
			<cell_1b x="0" y="24" width="90" height="44"/>
			<cell_2  x="0" y="49" width="90" height="44"/>
			
			<cell_3  x="80" y="0" width="90" height="44"/>
			<cell_3b x="80" y="24" width="90" height="44"/>
			<cell_4  x="80" y="49" width="90" height="44"/>
			
			<cell_5  x="160" y="0" width="90" height="44"/>
			<cell_5b x="160" y="24" width="90" height="44"/>
			<cell_6  x="160" y="49" width="90" height="44"/>
		</row_cells>
		<cell_upgrade>
			<btn x="0" y="0" width="72" height="44">
				<texture>ui_button_upgr</texture>
			</btn>
			<ico x="0" y="0" width="72" height="44"/>
		</cell_upgrade>
	</upgrade>

	<hint_wnd x="0" y="0" width="446" height="170">
	    <background x="0" y="0" width="446" height="170">
		    <texture>ui_inGame2_hint_wnd_main_window</texture>
	    </background>
	    <text x="16" y="20" width="402" height="130" always_show_scroll="0" fit_to_height="1" complex_mode="1">
			<font font="letterica16" r="170" g="170" b="170" align="l" vert_align="t"/>
		</text>
	</hint_wnd>
	<stats_hint_wnd x="0" y="0" width="250" height="100">
	    <background x="0" y="0" width="250" height="100">
		    <texture a="255">ui_inGame2_hint_wnd_main_window</texture>
	    </background>
	    <text x="16" y="20" width="250" height="100" always_show_scroll="0" fit_to_height="1" complex_mode="1">
			<font font="letterica16" r="170" g="170" b="170" align="l" vert_align="t"/>
		</text>
	</stats_hint_wnd>		
	<hts_hint_wnd x="0" y="0" width="100" height="75">
	    <background x="0" y="0" width="100" height="75">
		    <texture a="255">ui_inGame2_hint_wnd_main_window</texture>
	    </background>
	    <text x="16" y="20" width="100" height="100" always_show_scroll="0" fit_to_height="1" complex_mode="1">
			<font font="letterica16" r="170" g="170" b="170" align="l" vert_align="t"/>
		</text>
	</hts_hint_wnd>			
</w>
