<w>

	<file name="ui\ui_strike_explosion_statbar_icons">

		<texture id="ui_inGame2_inv_state_head_fire_wound"		x="0"   y="0" width="56" height="56" />

		<texture id="ui_inGame2_inv_state_P_head_fire_wound"	x="0"   y="56" width="56" height="56" />

		<texture id="ui_inGame2_inv_state_N_head_fire_wound"	x="0"   y="112" width="56" height="56" />

		<texture id="ui_inGame2_inv_state_strike"				x="56"   y="0" width="56" height="56" />

		<texture id="ui_inGame2_inv_state_P_strike"				x="56"   y="56" width="56" height="56" />

		<texture id="ui_inGame2_inv_state_N_strike"				x="56"   y="112" width="56" height="56" />

		<texture id="ui_inGame2_inv_state_explosion"			x="112"   y="0" width="56" height="56" />

		<texture id="ui_inGame2_inv_state_P_explosion"			x="112"   y="56" width="56" height="56" />

		<texture id="ui_inGame2_inv_state_N_explosion"			x="112"   y="112" width="56" height="56" />

	</file>
	<file name="ui\ase">

		<texture id="ui_inGame2_inv_state_bleedheal"				x="56"   y="0" width="56" height="56" />

		<texture id="ui_inGame2_inv_state_P_bleedheal"				x="56"   y="0" width="56" height="56" />

		<texture id="ui_inGame2_inv_state_N_bleedheal"				x="56"   y="112" width="56" height="56" />

		<texture id="ui_inGame2_inv_state_maxweight"			x="112"   y="0" width="53" height="56" />

		<texture id="ui_inGame2_inv_state_P_maxweight"			x="112"   y="0" width="53" height="56" />

		<texture id="ui_inGame2_inv_state_N_maxweight"			x="112"   y="112" width="53" height="56" />

		<texture id="ui_inGame2_inv_state_hpregen"			x="168"   y="0" width="56" height="56" />

		<texture id="ui_inGame2_inv_state_P_hpregen"			x="168"   y="0" width="56" height="56" />

		<texture id="ui_inGame2_inv_state_N_hpregen"			x="168"   y="112" width="56" height="56" />

	</file>
</w>
