<w>
	<file name="ui\ui_actor_menu">
		<texture id="ui_hint_wnd_alt_lt"   				x="1367" y="1708" width="23" height="23" />
		<texture id="ui_hint_wnd_alt_t"    				x="1390" y="1708" width="41" height="23" />
		<texture id="ui_hint_wnd_alt_rt"   				x="1431" y="1708" width="23" height="23" />
		<texture id="ui_hint_wnd_alt_r"    				x="1431" y="1731" width="23" height="41" />
		<texture id="ui_hint_wnd_alt_rb"   				x="1431" y="1772" width="23" height="23" />
		<texture id="ui_hint_wnd_alt_back" 				x="1390" y="1731" width="41" height="41" />
		<texture id="ui_hint_wnd_alt_l"    				x="1367" y="1731" width="23" height="41" />
		<texture id="ui_hint_wnd_alt_lb"   				x="1367" y="1772" width="23" height="23" />
		<texture id="ui_hint_wnd_alt_b"    				x="1390" y="1772" width="41" height="23" />
    </file>
</w>