<w>

	<file name="ui\ui_strike_explosion_statbar_icons">

		<texture id="ui_inGame2_inv_state_head_fire_wound"		x="0"   y="0" width="56" height="56" />

		<texture id="ui_inGame2_inv_state_P_head_fire_wound"	x="0"   y="56" width="56" height="56" />

		<texture id="ui_inGame2_inv_state_N_head_fire_wound"	x="0"   y="112" width="56" height="56" />

		<texture id="ui_inGame2_inv_state_strike"				x="56"   y="0" width="56" height="56" />

		<texture id="ui_inGame2_inv_state_P_strike"				x="56"   y="56" width="56" height="56" />

		<texture id="ui_inGame2_inv_state_N_strike"				x="56"   y="112" width="56" height="56" />

		<texture id="ui_inGame2_inv_state_explosion"			x="112"   y="0" width="56" height="56" />

		<texture id="ui_inGame2_inv_state_P_explosion"			x="112"   y="56" width="56" height="56" />

		<texture id="ui_inGame2_inv_state_N_explosion"			x="112"   y="112" width="56" height="56" />

	</file>

</w>
