<?xml version="1.0" encoding="windows-1251"?>

<!-- MCM Menu -->
<string_table>
    <string id="ui_mcm_ase_title">
        <text>Accurate Stats Extended</text>
    </string>
     <string id="ui_mcm_menu_ase">
        <text>Accurate Stats Extended</text>
    </string>
    <string id="ui_mcm_ase_outfit_debug">
        <text>Outfit Debug</text>
    </string>
	<string id="ui_mcm_ase_helmet_debug">
        <text>Helmet Debug</text>
    </string>
   	<string id="ui_mcm_ase_belt_debug">
        <text>Belt Debug</text>
    </string> 
   	<string id="ui_mcm_ase_capbars_enable">
        <text>Enable Protection cap bars</text>
    </string>     
</string_table>