<w>
	<file name="ui\ui_actor_stats_bars">
		
		<texture id="ui_inGame2_inventory_health_bar"       x="0"   y="36" width="564" height="36" />
		<texture id="ui_inGame2_inventory_progress_bar"     x="568" y="36" width="244" height="36" />
		<texture id="ui_inGame2_inventory_hts_bar"          x="944" y="36" width="44"  height="36" />
		<texture id="ui_inGame2_inventory_hts_power_bar"    x="816" y="36" width="124" height="36" />
		
		<texture id="ui_inGame2_inventory_health_bar_bg"    x="0"   y="76" width="564" height="36" />
		<texture id="ui_inGame2_inventory_progress_bar_bg"  x="568" y="76" width="244" height="36" />
		<texture id="ui_inGame2_inventory_hts_bar_bg"       x="944" y="76" width="44"  height="36" />
		<texture id="ui_inGame2_inventory_hts_power_bar_bg" x="816" y="76" width="124" height="36" />
	</file>
</w>
