<w>
	<equipment> <!-- (x="382" y="0") real parent with the same name in "ui_inventory_16.xml" -->
		<!-- Status -->
		<actor_state_info x="11" y="576" width="239" height="148">
			<icon x="0" y="0">
				<normal width="21" height="28" stretch="1"/>
				<active width="21" height="28" stretch="1" light_anim="ui_slow_blinking_alpha"/>
			</icon>
			
			<health_sensor x="0" y="0" width="21" height="28">
				<state_progress x="21" y="5" width="91.5" height="18" horz="1" min="0" max="1" pos="0" stretch="1">
					<texture r="26" g="26" b="26">ui_inGame2_inventory_progress_bar_bg</texture>
					<progress stretch="1">
						<texture>ui_inGame2_inventory_progress_bar</texture>
					</progress>
				</state_progress>
				<stats x="93" y="12" width="30" height="18">
					<text align="r" font="graffiti22"> </text>
				</stats>					
			</health_sensor>
			
			<radia_sensor x="0" y="24.25" width="21" height="28">
				<state_progress x="21" y="5" width="40" height="18" horz="1" min="0" max="1" pos="0" stretch="1">
					<texture r="26" g="26" b="26">ui_inGame2_inventory_progress_bar_bg</texture>
					<progress stretch="1">
						<texture>ui_inGame2_inventory_progress_bar</texture>
					</progress>
				</state_progress>
				<stats x="21" y="11" width="30" height="18">
					<text align="l" font="graffiti22"> </text>
				</stats>					
			</radia_sensor>
			
			<acid_sensor x="0" y="48" width="21" height="28">
				<state_progress x="21" y="5" width="91.5" height="18" horz="1" min="0" max="1" pos="0" stretch="1">
					<texture r="26" g="26" b="26">ui_inGame2_inventory_progress_bar_bg</texture>
					<progress stretch="1">
						<texture>ui_inGame2_inventory_progress_bar</texture>
					</progress>
				</state_progress>
				<cap_progress x="21" y="19" width="91.5" height="3" horz="1" min="0" max="1" pos="0" stretch="1">
					<texture r="26" g="26" b="26">ui_inGame2_inventory_progress_bar_bg</texture>
					<progress stretch="1">
						<texture>ui_inGame2_inventory_progress_bar</texture>
					</progress>
				</cap_progress>		
				<stats x="93" y="11" width="30" height="18">
					<text align="r" font="graffiti22"> </text>
				</stats>				
			</acid_sensor>
			
			<shock_sensor x="0" y="72" width="21" height="28">
				<state_progress x="21" y="5" width="91.5" height="18" horz="1" min="0" max="1" pos="0" stretch="1">
					<texture r="26" g="26" b="26">ui_inGame2_inventory_progress_bar_bg</texture>
					<progress stretch="1">
						<texture>ui_inGame2_inventory_progress_bar</texture>
					</progress>
				</state_progress>
				<cap_progress x="21" y="19" width="91.5" height="3" horz="1" min="0" max="1" pos="0" stretch="1">
					<texture r="26" g="26" b="26">ui_inGame2_inventory_progress_bar_bg</texture>
					<progress stretch="1">
						<texture>ui_inGame2_inventory_progress_bar</texture>
					</progress>
				</cap_progress>	
				<stats x="93" y="11" width="30" height="18">
					<text align="r" font="graffiti22"> </text>
				</stats>					
			</shock_sensor>
			
			<fire_sensor x="0" y="96" width="21" height="28">
				<state_progress x="21" y="5" width="91.5" height="18" horz="1" min="0" max="1" pos="0" stretch="1">
					<texture r="26" g="26" b="26">ui_inGame2_inventory_progress_bar_bg</texture>
					<progress stretch="1">
						<texture>ui_inGame2_inventory_progress_bar</texture>
					</progress>
				</state_progress>
				<cap_progress x="21" y="19" width="91.5" height="3" horz="1" min="0" max="1" pos="0" stretch="1">
					<texture r="26" g="26" b="26">ui_inGame2_inventory_progress_bar_bg</texture>
					<progress stretch="1">
						<texture>ui_inGame2_inventory_progress_bar</texture>
					</progress>
				</cap_progress>	
				<stats x="93" y="11" width="30" height="18">
					<text align="r" font="graffiti22"> </text>
				</stats>					
			</fire_sensor>
			
			<psi_sensor x="0" y="120.25" width="21" height="28">
				<state_progress x="21" y="5" width="91.5" height="18" horz="1" min="0" max="1" pos="0" stretch="1">
					<texture r="26" g="26" b="26">ui_inGame2_inventory_progress_bar_bg</texture>
					<progress stretch="1">
						<texture>ui_inGame2_inventory_progress_bar</texture>
					</progress>
				</state_progress>
				<cap_progress x="21" y="19" width="91.5" height="3" horz="1" min="0" max="1" pos="0" stretch="1">
					<texture r="26" g="26" b="26">ui_inGame2_inventory_progress_bar_bg</texture>
					<progress stretch="1">
						<texture>ui_inGame2_inventory_progress_bar</texture>
					</progress>
				</cap_progress>		
				<stats x="93" y="11" width="30" height="18">
					<text align="r" font="graffiti22"> </text>
				</stats>					
			</psi_sensor>
						
			<hunger_sensor x="120" y="0" width="21" height="28">
				<state_progress x="21" y="5" width="16.5" height="18" horz="1" min="0" max="1" pos="0" stretch="1">
					<texture r="26" g="26" b="26">ui_inGame2_inventory_hts_bar_bg</texture>
					<progress stretch="1">
						<texture>ui_inGame2_inventory_hts_bar</texture>
					</progress>
				</state_progress>
				<stats x="20" y="12" width="116" height="18">
					<text align="l" font="graffiti22"> </text>
				</stats>				
			</hunger_sensor>
			
			<thirst_sensor x="157.5" y="0" width="21" height="28">
				<state_progress x="21" y="5" width="16.5" height="18" horz="1" min="0" max="1" pos="0" stretch="1">
					<texture r="26" g="26" b="26">ui_inGame2_inventory_hts_bar_bg</texture>
					<progress stretch="1">
						<texture>ui_inGame2_inventory_hts_bar</texture>
					</progress>
				</state_progress>
				<stats x="20.5" y="12" width="116" height="18">
					<text align="l" font="graffiti22"> </text>
				</stats>				
			</thirst_sensor>
			
			<sleep_sensor x="195" y="0" width="21" height="28">
				<state_progress x="21" y="5" width="16.5" height="18" horz="1" min="0" max="1" pos="0" stretch="1">
					<texture r="26" g="26" b="26">ui_inGame2_inventory_hts_bar_bg</texture>
					<progress stretch="1">
						<texture>ui_inGame2_inventory_hts_bar</texture>
					</progress>
				</state_progress>
				<stats x="20.5" y="12" width="116" height="18">
					<text align="l" font="graffiti22"> </text>
				</stats>				
			</sleep_sensor>
			
			<head_fire_wound_sensor x="120" y="24.25" width="21" height="28">
				<state_progress x="21" y="5" width="91.5" height="18" horz="1" min="0" max="1" pos="0" stretch="1">
					<texture r="26" g="26" b="26">ui_inGame2_inventory_progress_bar_bg</texture>
					<progress stretch="1">
						<texture>ui_inGame2_inventory_progress_bar</texture>
					</progress>
				</state_progress>
				<cap_progress x="21" y="19" width="91.5" height="3" horz="1" min="0" max="1" pos="0" stretch="1">
					<texture r="26" g="26" b="26">ui_inGame2_inventory_progress_bar_bg</texture>
					<progress stretch="1">
						<texture>ui_inGame2_inventory_progress_bar</texture>
					</progress>
				</cap_progress>			
				<stats x="93" y="11" width="30" height="18">
					<text align="r" font="graffiti22"> </text>
				</stats>					
			</head_fire_wound_sensor>
			
			<fire_wound_sensor x="120" y="48" width="21" height="28">
				<state_progress x="21" y="5" width="91.5" height="18" horz="1" min="0" max="1" pos="0" stretch="1">
					<texture r="26" g="26" b="26">ui_inGame2_inventory_progress_bar_bg</texture>
					<progress stretch="1">
						<texture>ui_inGame2_inventory_progress_bar</texture>
					</progress>
				</state_progress>
				<cap_progress x="21" y="19" width="91.5" height="3" horz="1" min="0" max="1" pos="0" stretch="1">
					<texture r="26" g="26" b="26">ui_inGame2_inventory_progress_bar_bg</texture>
					<progress stretch="1">
						<texture>ui_inGame2_inventory_progress_bar</texture>
					</progress>
				</cap_progress>		
				<stats x="93" y="11" width="30" height="18">
					<text align="r" font="graffiti22"> </text>
				</stats>				
			</fire_wound_sensor>

			<wound_sensor x="120" y="72" width="21" height="28">
				<state_progress x="21" y="5" width="91.5" height="18" horz="1" min="0" max="1" pos="0" stretch="1">
					<texture r="26" g="26" b="26">ui_inGame2_inventory_progress_bar_bg</texture>
					<progress stretch="1">
						<texture>ui_inGame2_inventory_progress_bar</texture>
					</progress>
				</state_progress>
				<cap_progress x="21" y="19" width="91.5" height="3" horz="1" min="0" max="1" pos="0" stretch="1">
					<texture r="26" g="26" b="26">ui_inGame2_inventory_progress_bar_bg</texture>
					<progress stretch="1">
						<texture>ui_inGame2_inventory_progress_bar</texture>
					</progress>
				</cap_progress>	
				<stats x="93" y="11" width="30" height="18">
					<text align="r" font="graffiti22"> </text>
				</stats>					
			</wound_sensor>

			<strike_sensor x="120" y="96" width="21" height="28">
				<state_progress x="21" y="5" width="91.5" height="18" horz="1" min="0" max="1" pos="0" stretch="1">
					<texture r="26" g="26" b="26">ui_inGame2_inventory_progress_bar_bg</texture>
					<progress stretch="1">
						<texture>ui_inGame2_inventory_progress_bar</texture>
					</progress>
				</state_progress>
				<cap_progress x="21" y="19" width="91.5" height="3" horz="1" min="0" max="1" pos="0" stretch="1">
					<texture r="26" g="26" b="26">ui_inGame2_inventory_progress_bar_bg</texture>
					<progress stretch="1">
						<texture>ui_inGame2_inventory_progress_bar</texture>
					</progress>
				</cap_progress>			
				<stats x="93" y="11" width="30" height="18">
					<text align="r" font="graffiti22"> </text>
				</stats>				
			</strike_sensor>

			<explosion_sensor x="120" y="120.25" width="21" height="28">
				<state_progress x="21" y="5" width="91.5" height="18" horz="1" min="0" max="1" pos="0" stretch="1">
					<texture r="26" g="26" b="26">ui_inGame2_inventory_progress_bar_bg</texture>
					<progress stretch="1">
						<texture>ui_inGame2_inventory_progress_bar</texture>
					</progress>
				</state_progress>
				<cap_progress x="21" y="19" width="91.5" height="3" horz="1" min="0" max="1" pos="0" stretch="1">
					<texture r="26" g="26" b="26">ui_inGame2_inventory_progress_bar_bg</texture>
					<progress stretch="1">
						<texture>ui_inGame2_inventory_progress_bar</texture>
					</progress>
				</cap_progress>		
				<stats x="93" y="11" width="30" height="18">
					<text align="r" font="graffiti22"> </text>
				</stats>				
			</explosion_sensor>
			
			<power_sensor x="120" y="0" width="21" height="28">
				<state_progress x="21" y="5" width="91.5" height="18" horz="1" min="0" max="1" pos="0" stretch="1">
					<texture r="26" g="26" b="26">ui_inGame2_inventory_progress_bar_bg</texture>
					<progress stretch="1">
						<texture>ui_inGame2_inventory_progress_bar</texture>
					</progress>
				</state_progress>
				<stats x="20" y="12" width="116" height="18">
					<text align="l" font="graffiti22"> </text>
				</stats>				
			</power_sensor>
			<maxweight_sensor x="195" y="126.25" width="21" height="28">
				<state_progress x="21" y="5" width="20.5" height="18" horz="1" min="0" max="1" pos="0" stretch="1">
					<texture r="26" g="26" b="26">ui_inGame2_inventory_hts_bar_bg</texture>
					<progress stretch="1">
						<texture>ui_inGame2_inventory_hts_bar</texture>
					</progress>
				</state_progress>
				<stats x="20" y="12" width="116" height="18">
					<text align="l" font="graffiti22"> </text>
				</stats>							
			</maxweight_sensor>			
			<bleedheal_sensor x="215" y="126.25" width="21" height="28">
				<state_progress x="21" y="5" width="20.5" height="18" horz="1" min="0" max="1" pos="0" stretch="1">
					<texture r="26" g="26" b="26">ui_inGame2_inventory_hts_bar_bg</texture>
					<progress stretch="1">
						<texture>ui_inGame2_inventory_hts_bar</texture>
					</progress>
				</state_progress>
				<stats x="20" y="12" width="116" height="18">
					<text align="l" font="graffiti22"> </text>
				</stats>							
			</bleedheal_sensor>
			<hpregen_sensor x="235" y="126.25" width="21" height="28">
				<state_progress x="21" y="5" width="20.5" height="18" horz="1" min="0" max="1" pos="0" stretch="1">
					<texture r="26" g="26" b="26">ui_inGame2_inventory_hts_bar_bg</texture>
					<progress stretch="1">
						<texture>ui_inGame2_inventory_hts_bar</texture>
					</progress>
				</state_progress>
				<stats x="20" y="12" width="116" height="18">
					<text align="l" font="graffiti22"> </text>
				</stats>							
			</hpregen_sensor>				
		</actor_state_info>
	</equipment>
</w>